{
"type": "FeatureCollection",
"name": "vietnam_Districts_level_2",
"crs": { "type": "name", "properties": { "name": "urn:ogc:def:crs:OGC:1.3:CRS84" } },
"features": [
{ "type": "Feature", "properties": { "shape2": "Binh Tan", "shapeiso": "", "shapeid": "81297802B42527210401893", "shapegroup": "VNM", "shapetype": "ADM2", "shape1": "Ho Chi Minh", "shape0": "vietnam" }, "geometry": { "type": "MultiPolygon", "coordinates": [ [ [ [ 106.603717668000058, 10.711005886000066 ], [ 106.605328195000084, 10.711676823000062 ], [ 106.611171399000057, 10.713080407000064 ], [ 106.615961568000046, 10.714343425000038 ], [ 106.615599384000063, 10.714937664000047 ], [ 106.615566, 10.714992500000051 ], [ 106.615984121000054, 10.715124478000064 ], [ 106.616669406000085, 10.715124478000064 ], [ 106.617297583000038, 10.715238692000071 ], [ 106.617849618000037, 10.715657477000036 ], [ 106.618392485000072, 10.71616109200005 ], [ 106.619058734000077, 10.716199163000056 ], [ 106.619074300000079, 10.716905900000029 ], [ 106.619432200000062, 10.720010900000034 ], [ 106.619712699000047, 10.722434900000053 ], [ 106.620181622000075, 10.726401644000077 ], [ 106.620285109000065, 10.727131685000074 ], [ 106.62064461600005, 10.730226714000025 ], [ 106.621107821000066, 10.734118165000041 ], [ 106.621190196000043, 10.734699622000051 ], [ 106.621707270000059, 10.736829459000035 ], [ 106.622006237000051, 10.737996932000044 ], [ 106.622136817000069, 10.738444406000042 ], [ 106.622228483000072, 10.738696487000027 ], [ 106.622271451000074, 10.738733727000067 ], [ 106.622221031000038, 10.739086719000056 ], [ 106.621961327000065, 10.739090409000028 ], [ 106.621809041000063, 10.74110819200007 ], [ 106.621866149000084, 10.74146987000006 ], [ 106.622056505000046, 10.742059976000064 ], [ 106.622173062000059, 10.742013891000056 ], [ 106.62227299400007, 10.742259430000047 ], [ 106.622576527000035, 10.743054761000053 ], [ 106.622657916000037, 10.743229392000046 ], [ 106.62152371500008, 10.743766309000023 ], [ 106.623008290000087, 10.745000990000051 ], [ 106.623697113000048, 10.745513331000041 ], [ 106.62379151500005, 10.745777393000026 ], [ 106.623807123000063, 10.746396454000035 ], [ 106.623862846000065, 10.747447221000073 ], [ 106.62402890900006, 10.75010069700005 ], [ 106.624203980000061, 10.75320464400005 ], [ 106.624321260000045, 10.75510072700007 ], [ 106.624355191000063, 10.755563559000052 ], [ 106.624382234000052, 10.755760973000065 ], [ 106.62441756700008, 10.755870504000029 ], [ 106.624475358000041, 10.755965459000038 ], [ 106.625014687000032, 10.756994080000027 ], [ 106.625184854000054, 10.757345391000058 ], [ 106.625233749000074, 10.757446336000044 ], [ 106.625247882000053, 10.75758060000004 ], [ 106.625197472000082, 10.757800625000073 ], [ 106.625118737000037, 10.758102766000036 ], [ 106.624569497000039, 10.760195210000063 ], [ 106.624281908000057, 10.761410546000036 ], [ 106.624089232000074, 10.762365551000073 ], [ 106.623004971000057, 10.767396144000031 ], [ 106.622535842000048, 10.769298482000067 ], [ 106.62163632000005, 10.773038600000064 ], [ 106.621535132000076, 10.773791063000033 ], [ 106.621456051000052, 10.776187423000067 ], [ 106.621164883000063, 10.777415258000076 ], [ 106.620872329000065, 10.778370576000043 ], [ 106.620613322000054, 10.779089998000075 ], [ 106.620116276000033, 10.780645174000028 ], [ 106.618784389000041, 10.784510541000031 ], [ 106.618503618000034, 10.785325386000068 ], [ 106.617413368000086, 10.788056478000044 ], [ 106.61734180600007, 10.78823574200004 ], [ 106.616692500000056, 10.789972100000057 ], [ 106.615711100000055, 10.792396100000076 ], [ 106.614423300000055, 10.795194500000036 ], [ 106.613686347000055, 10.796719812000049 ], [ 106.609918372000038, 10.803152817000068 ], [ 106.609410989000082, 10.803974493000055 ], [ 106.608374585000035, 10.80595611900003 ], [ 106.606953754000074, 10.806130591000056 ], [ 106.607163146000062, 10.806911055000057 ], [ 106.607125075000056, 10.80841487400005 ], [ 106.607334467000044, 10.811117942000067 ], [ 106.607517390000055, 10.812797019000072 ], [ 106.607643358000075, 10.813073407000047 ], [ 106.609828143000072, 10.815324829000076 ], [ 106.611350998000034, 10.816733470000031 ], [ 106.613140352000073, 10.817913682000039 ], [ 106.61605267300007, 10.819384961000026 ], [ 106.615305662000083, 10.820328835000055 ], [ 106.614294391000044, 10.82126872200007 ], [ 106.613640039000074, 10.821399593000024 ], [ 106.612331336000068, 10.821518566000066 ], [ 106.611676984000042, 10.821756512000036 ], [ 106.610284999000044, 10.822398966000037 ], [ 106.609214242000064, 10.823005729000045 ], [ 106.608440917000053, 10.823100907000025 ], [ 106.607429646000071, 10.823350751000021 ], [ 106.606644424000081, 10.823755259000052 ], [ 106.605395207000072, 10.824623762000044 ], [ 106.603474961000074, 10.82605127100004 ], [ 106.603245724000033, 10.826166354000065 ], [ 106.601782550000053, 10.82615540200004 ], [ 106.600426258000084, 10.82615540200004 ], [ 106.599510165000083, 10.826417142000025 ], [ 106.597856440000044, 10.827012007000064 ], [ 106.597523315000046, 10.827071494000052 ], [ 106.593563302000064, 10.827503886000045 ], [ 106.593176640000081, 10.826932816000067 ], [ 106.591752757000052, 10.825093189000029 ], [ 106.590401887000041, 10.823439789000076 ], [ 106.588874008000062, 10.82195200700005 ], [ 106.587275565000084, 10.820374862000051 ], [ 106.585417343000074, 10.818648112000062 ], [ 106.582564157000036, 10.816164786000058 ], [ 106.583266167000033, 10.815569664000066 ], [ 106.583545799000035, 10.814574800000059 ], [ 106.583776776000036, 10.813597822000077 ], [ 106.584859557000073, 10.813882125000077 ], [ 106.585723419000033, 10.81294865600006 ], [ 106.584273065000048, 10.806702249000068 ], [ 106.583492687000046, 10.806505708000032 ], [ 106.583427799000049, 10.804131100000063 ], [ 106.583394700000042, 10.803773300000046 ], [ 106.583366315000035, 10.803001198000061 ], [ 106.583357999000043, 10.802908700000046 ], [ 106.583282003000079, 10.802382326000043 ], [ 106.583250323000073, 10.802307014000064 ], [ 106.583253752000076, 10.802183582000055 ], [ 106.583059800000058, 10.800008 ], [ 106.582944999000063, 10.797897501000023 ], [ 106.582851389000041, 10.797325631000035 ], [ 106.583487595000065, 10.797316143000046 ], [ 106.584317307000049, 10.797311575000037 ], [ 106.584270297000046, 10.79583038100003 ], [ 106.585085617000061, 10.795785729000045 ], [ 106.585059698000066, 10.794913078000036 ], [ 106.584335028000055, 10.794881857000064 ], [ 106.584410711000032, 10.790929194000057 ], [ 106.584962201000053, 10.790858034000053 ], [ 106.585151727000039, 10.790822805000062 ], [ 106.58523735700004, 10.790702689000057 ], [ 106.585253652000063, 10.790531496000028 ], [ 106.585195832000068, 10.789368736000029 ], [ 106.58538735500008, 10.789340637000066 ], [ 106.58628152600005, 10.789209328000027 ], [ 106.586244670000042, 10.788274382000054 ], [ 106.586641100000065, 10.788196300000038 ], [ 106.587182901000062, 10.78798020000005 ], [ 106.589017500000068, 10.787368899000057 ], [ 106.587915646000056, 10.78184324700004 ], [ 106.587942840000039, 10.780458595000027 ], [ 106.588026956000078, 10.780064965000065 ], [ 106.588240295000048, 10.779712252000024 ], [ 106.588633695000055, 10.77928982800006 ], [ 106.588448319000065, 10.778792275000058 ], [ 106.588247805000037, 10.778412849000063 ], [ 106.587215490000062, 10.77669592500007 ], [ 106.586025675000087, 10.77544875500007 ], [ 106.585693378000087, 10.775257833000069 ], [ 106.585235753000063, 10.775135526000042 ], [ 106.584481188000041, 10.775037334000046 ], [ 106.583550836000086, 10.775206421000064 ], [ 106.582386882000037, 10.775472965000063 ], [ 106.582158713000069, 10.775542104000067 ], [ 106.581918863000055, 10.775554627000076 ], [ 106.581701696000039, 10.775521749000063 ], [ 106.581518684000059, 10.775488786000039 ], [ 106.581255456000065, 10.775399378000031 ], [ 106.580946303000076, 10.77526500700003 ], [ 106.580613874000051, 10.775062691000073 ], [ 106.580257951000078, 10.774736026000028 ], [ 106.579493600000035, 10.77385978600006 ], [ 106.578942341000072, 10.773319075000074 ], [ 106.578048412000044, 10.772780017000059 ], [ 106.577085287000045, 10.772128138000028 ], [ 106.576809307000076, 10.77178985200004 ], [ 106.576727648000087, 10.771528224000065 ], [ 106.576681284000074, 10.771326256000066 ], [ 106.576610495000068, 10.770907653000052 ], [ 106.57658616100008, 10.770635970000058 ], [ 106.576539310000044, 10.770398390000025 ], [ 106.576481453000042, 10.770262736000063 ], [ 106.576240118000044, 10.770003546000055 ], [ 106.57572384000008, 10.769575910000071 ], [ 106.575268953000034, 10.769151394000062 ], [ 106.575259293000045, 10.769164098000033 ], [ 106.575051314000063, 10.76931692200003 ], [ 106.574652521000075, 10.768906583000046 ], [ 106.574011229000064, 10.768592747000071 ], [ 106.573438982000084, 10.768391639000072 ], [ 106.572650488000079, 10.767656844000044 ], [ 106.57204121400008, 10.766727203000073 ], [ 106.571474563000038, 10.766561004000039 ], [ 106.570535161000066, 10.766363722000051 ], [ 106.569744742000069, 10.767674116000023 ], [ 106.568150466000077, 10.763882625000065 ], [ 106.567749393000042, 10.762928797000029 ], [ 106.569128481000064, 10.762288900000044 ], [ 106.571094065000068, 10.761386228000049 ], [ 106.57273082100005, 10.760697339000046 ], [ 106.573394830000041, 10.760396860000071 ], [ 106.573157625000078, 10.760053456000037 ], [ 106.572253430000046, 10.759399104000067 ], [ 106.570813856000086, 10.758066606000057 ], [ 106.569588433000035, 10.756793594000044 ], [ 106.568493881000052, 10.755437301000029 ], [ 106.567649173000063, 10.754723463000062 ], [ 106.566114420000076, 10.753735987000027 ], [ 106.564686744000085, 10.752998354000056 ], [ 106.564198954000062, 10.752665229000058 ], [ 106.563389938000057, 10.751832418000049 ], [ 106.562461948000077, 10.750904428000069 ], [ 106.561367396000037, 10.750226282000028 ], [ 106.559987308000075, 10.749536238000076 ], [ 106.559523313000057, 10.749143627000024 ], [ 106.559285367000086, 10.748679632000062 ], [ 106.559083113000042, 10.747989589000042 ], [ 106.559118805000082, 10.747454210000058 ], [ 106.559368648000088, 10.746323966000034 ], [ 106.559368648000088, 10.745943252000075 ], [ 106.558976037000036, 10.744967673000076 ], [ 106.558857064000051, 10.744158656000025 ], [ 106.558928448000074, 10.743563791000042 ], [ 106.559237778000067, 10.742576315000065 ], [ 106.559285367000086, 10.742159909000065 ], [ 106.559202086000084, 10.74176729800007 ], [ 106.558773783000049, 10.740839308000034 ], [ 106.558404967000058, 10.739887524000039 ], [ 106.558309788000088, 10.739411632000042 ], [ 106.558428761000073, 10.738983329000064 ], [ 106.558857064000051, 10.737876879000055 ], [ 106.558916551000038, 10.73706786300005 ], [ 106.558852305000073, 10.736363542000049 ], [ 106.558977946000084, 10.736327594000045 ], [ 106.559416575000057, 10.736276833000034 ], [ 106.567734729000051, 10.734360820000063 ], [ 106.567748734000077, 10.73435749600003 ], [ 106.568942444000072, 10.73409756500007 ], [ 106.569738027000085, 10.733895955000037 ], [ 106.572153342000036, 10.73329123700006 ], [ 106.572636578000072, 10.733204097000055 ], [ 106.573091249000072, 10.733088990000056 ], [ 106.573431940000035, 10.732946166000033 ], [ 106.57388448100005, 10.732711118000054 ], [ 106.574025573000085, 10.732209545000046 ], [ 106.57405151100005, 10.731729616000052 ], [ 106.574050489000058, 10.731532116000039 ], [ 106.573992480000072, 10.731306612000026 ], [ 106.573948569000038, 10.731212284000037 ], [ 106.573848548000058, 10.730997026000068 ], [ 106.57379061000006, 10.730799814000022 ], [ 106.573789588000068, 10.730602224000052 ], [ 106.573845190000043, 10.730348033000041 ], [ 106.574153294000041, 10.729415262000032 ], [ 106.57423717000006, 10.729132635000042 ], [ 106.574320973000056, 10.728821717000073 ], [ 106.574375989000089, 10.728468821000035 ], [ 106.574373434000051, 10.727974936000066 ], [ 106.574385781000046, 10.72762216600006 ], [ 106.574446462000083, 10.727504621000037 ], [ 106.576477907000083, 10.729486651000059 ], [ 106.577267667000058, 10.73047749400007 ], [ 106.57766308500004, 10.730872758000032 ], [ 106.577965289000076, 10.731144659000051 ], [ 106.578316968000081, 10.73130440400007 ], [ 106.578718392000042, 10.731389414000034 ], [ 106.579007245000071, 10.73149985200007 ], [ 106.579346594000071, 10.731709373000058 ], [ 106.579683938000073, 10.731910136000067 ], [ 106.579698608000058, 10.731918830000041 ], [ 106.579988033000063, 10.732153641000025 ], [ 106.580516491000083, 10.732573445000071 ], [ 106.581132786000069, 10.732980507000036 ], [ 106.581146607000051, 10.732985228000075 ], [ 106.581421502000069, 10.733078470000066 ], [ 106.581647054000086, 10.733077323000032 ], [ 106.581709365000052, 10.733027291000042 ], [ 106.581717882000078, 10.732244280000032 ], [ 106.581787741000085, 10.731224765000036 ], [ 106.581880486000045, 10.729905607000035 ], [ 106.581948712000042, 10.729439364000029 ], [ 106.584383295000066, 10.728695339000069 ], [ 106.589457400000072, 10.727173300000061 ], [ 106.590428400000064, 10.726888700000075 ], [ 106.59192640100008, 10.726309 ], [ 106.595241500000043, 10.725023900000053 ], [ 106.596648717000051, 10.72447887900006 ], [ 106.597015901000077, 10.724263900000039 ], [ 106.597813597000084, 10.723789664000037 ], [ 106.598581894000063, 10.723333741000033 ], [ 106.599551839000071, 10.722759922000023 ], [ 106.600042586000086, 10.722484442000052 ], [ 106.600395983000055, 10.722388279000029 ], [ 106.600824099000079, 10.722284752000064 ], [ 106.600080190000085, 10.718120137000028 ], [ 106.603563478000069, 10.717630209000049 ], [ 106.604177621000076, 10.717584758000044 ], [ 106.603956332000052, 10.71649734500005 ], [ 106.603785010000081, 10.716040488000033 ], [ 106.603147315000058, 10.715174364000063 ], [ 106.603042619000064, 10.714765097000054 ], [ 106.603099726000039, 10.714451008000026 ], [ 106.603499475000035, 10.713937044000033 ], [ 106.60380404600005, 10.713385010000025 ], [ 106.603794528000037, 10.712937671000077 ], [ 106.603451886000073, 10.712138172000039 ], [ 106.603347190000079, 10.711605173000066 ], [ 106.603717668000058, 10.711005886000066 ] ] ] ] } },
{ "type": "Feature", "properties": { "shape2": "Binh Thanh", "shapeiso": "", "shapeid": "81297802B74412015974526", "shapegroup": "VNM", "shapetype": "ADM2", "shape1": "Ho Chi Minh", "shape0": "vietnam" }, "geometry": { "type": "MultiPolygon", "coordinates": [ [ [ [ 106.751127846000088, 10.812932112000055 ], [ 106.751137995000079, 10.812953024000024 ], [ 106.751149290000058, 10.812976279000054 ], [ 106.751192589000084, 10.813161500000035 ], [ 106.751242302000037, 10.813412484000025 ], [ 106.75128077800008, 10.813818990000073 ], [ 106.751319538000075, 10.814261378000026 ], [ 106.751382917000058, 10.814775390000023 ], [ 106.751410239000052, 10.815325489000031 ], [ 106.751420193000058, 10.816001229000051 ], [ 106.751535435000051, 10.817148986000063 ], [ 106.75153147900005, 10.819571372000041 ], [ 106.751515895000068, 10.821042811000041 ], [ 106.751472903000035, 10.822974998000063 ], [ 106.751504606000083, 10.824278778000064 ], [ 106.75150909000007, 10.826088948000063 ], [ 106.751466397000058, 10.827033697000047 ], [ 106.75138611400007, 10.827751434000049 ], [ 106.751291823000088, 10.828134652000074 ], [ 106.751161407000041, 10.828529916000036 ], [ 106.750959229000046, 10.829033143000061 ], [ 106.750801535000051, 10.829496530000029 ], [ 106.750439940000035, 10.830114907000052 ], [ 106.749995195000054, 10.830776416000049 ], [ 106.749360610000053, 10.831781374000059 ], [ 106.748748628000044, 10.832419880000032 ], [ 106.748037346000046, 10.83295690500006 ], [ 106.747089158000051, 10.833588638000037 ], [ 106.747031093000032, 10.833627381000042 ], [ 106.746130020000066, 10.834101486000066 ], [ 106.743025224000064, 10.835038894000036 ], [ 106.741512097000054, 10.835389098000064 ], [ 106.740555669000059, 10.835499617000039 ], [ 106.739884115000052, 10.835503409000069 ], [ 106.739705030000039, 10.835504511000067 ], [ 106.739589803000058, 10.835477595000043 ], [ 106.73893318000006, 10.835324846000049 ], [ 106.738213583000061, 10.835013556000035 ], [ 106.737465171000053, 10.834308263000025 ], [ 106.736287519000086, 10.832957061000059 ], [ 106.735338185000046, 10.831366045000038 ], [ 106.734163521000085, 10.829351035000059 ], [ 106.732860395000046, 10.82728540200003 ], [ 106.731586105000076, 10.82591790500004 ], [ 106.729689016000066, 10.824187839000047 ], [ 106.727254662000064, 10.822636834000036 ], [ 106.726830187000076, 10.822395715000027 ], [ 106.72502684300008, 10.82147773500003 ], [ 106.723003782000035, 10.820902894000028 ], [ 106.72090662800008, 10.820279554000024 ], [ 106.719267635000051, 10.820105569000077 ], [ 106.716805333000082, 10.820241478000071 ], [ 106.714566437000087, 10.820693558000073 ], [ 106.714515066000047, 10.820716349000065 ], [ 106.713658742000064, 10.821095570000068 ], [ 106.71333794800006, 10.821237720000056 ], [ 106.713098407000075, 10.821373724000068 ], [ 106.711619286000087, 10.822213565000027 ], [ 106.710344943000052, 10.823343487000045 ], [ 106.709959299000047, 10.823967746000051 ], [ 106.709588335000035, 10.824568241000065 ], [ 106.70943866500005, 10.825008885000045 ], [ 106.709297598000035, 10.825424172000055 ], [ 106.709007275000033, 10.826353494000045 ], [ 106.708998242000064, 10.826422690000072 ], [ 106.708949542000084, 10.826797245000023 ], [ 106.708842099000037, 10.827623780000067 ], [ 106.708728099000041, 10.829235437000023 ], [ 106.708641109000041, 10.831261993000055 ], [ 106.708495385000049, 10.832957522000072 ], [ 106.708258146000048, 10.833780710000042 ], [ 106.708160011000075, 10.834121283000059 ], [ 106.707550335000064, 10.835105250000026 ], [ 106.706633841000041, 10.83622622300004 ], [ 106.705545435000033, 10.837178943000026 ], [ 106.704450375000079, 10.837823033000063 ], [ 106.702411382000037, 10.839022330000034 ], [ 106.701724262000084, 10.838370290000057 ], [ 106.701036496000086, 10.837630305000062 ], [ 106.700748506000082, 10.837162614000022 ], [ 106.700634575000038, 10.836750633000065 ], [ 106.700551282000049, 10.836449476000041 ], [ 106.700513495000052, 10.835807224000064 ], [ 106.700339876000044, 10.835334834000037 ], [ 106.700064544000043, 10.834998130000031 ], [ 106.69958372800005, 10.834595132000061 ], [ 106.698955215000069, 10.834210391000056 ], [ 106.697808909000059, 10.833804820000069 ], [ 106.696731149000072, 10.833385489000023 ], [ 106.696053913000071, 10.832957716000067 ], [ 106.695406063000064, 10.831681327000069 ], [ 106.695181104000085, 10.831155705000072 ], [ 106.695630334000043, 10.830785435000053 ], [ 106.696272788000044, 10.830699774000038 ], [ 106.697015180000051, 10.830656944000054 ], [ 106.697843233000071, 10.830485622000026 ], [ 106.698485687000073, 10.830442792000042 ], [ 106.699356570000077, 10.830457069000033 ], [ 106.699813426000048, 10.830357132000074 ], [ 106.70001330100007, 10.830014489000064 ], [ 106.699956194000038, 10.829600463000077 ], [ 106.69968493500005, 10.829115053000066 ], [ 106.699584998000034, 10.828815241000029 ], [ 106.699584998000034, 10.828643920000047 ], [ 106.699742042000082, 10.82852970600004 ], [ 106.70031311300005, 10.828444045000026 ], [ 106.700712863000035, 10.828315554000028 ], [ 106.701084058000049, 10.827187690000073 ], [ 106.700984121000033, 10.826930708000077 ], [ 106.700641479000069, 10.826787940000031 ], [ 106.699841980000087, 10.826373914000044 ], [ 106.699156695000056, 10.825717183000052 ], [ 106.698913990000051, 10.825103282000043 ], [ 106.69859990100008, 10.824132462000023 ], [ 106.698711546000084, 10.82338317500006 ], [ 106.698714049000046, 10.82334583100004 ], [ 106.693474164000065, 10.82206366500003 ], [ 106.693634900000063, 10.821545800000024 ], [ 106.694107701000064, 10.82049980000005 ], [ 106.69432640000008, 10.820038800000077 ], [ 106.694372557000065, 10.819906354000068 ], [ 106.693484040000044, 10.819629907000035 ], [ 106.692858028000046, 10.819458403000056 ], [ 106.692930207000074, 10.819106661000035 ], [ 106.692943792000051, 10.818970239000066 ], [ 106.692779555000072, 10.818821209000021 ], [ 106.692684541000062, 10.818729043000076 ], [ 106.692680258000053, 10.818646238000042 ], [ 106.692760208000038, 10.818419237000057 ], [ 106.692758780000077, 10.818387829000073 ], [ 106.692745839000054, 10.818350002000045 ], [ 106.692892982000046, 10.818263621000028 ], [ 106.693013226000062, 10.818135630000029 ], [ 106.693286121000085, 10.817862277000074 ], [ 106.692124485000079, 10.817633858000022 ], [ 106.692207445000065, 10.81701623500004 ], [ 106.69192464200006, 10.816917764000038 ], [ 106.691637202000038, 10.816852996000023 ], [ 106.691477900000052, 10.816824700000041 ], [ 106.691435065000064, 10.816598421000037 ], [ 106.691445700000088, 10.81651910000005 ], [ 106.69148117900005, 10.816457004000029 ], [ 106.691539591000037, 10.816417038000054 ], [ 106.691435065000064, 10.816324809000037 ], [ 106.691342836000047, 10.816284843000062 ], [ 106.691256756000087, 10.816269472000045 ], [ 106.691132205000088, 10.816286179000031 ], [ 106.691300599000044, 10.815705831000059 ], [ 106.690878617000067, 10.815633093000031 ], [ 106.690635748000034, 10.815571607000038 ], [ 106.690435919000038, 10.815476304000072 ], [ 106.68961200800004, 10.815073571000028 ], [ 106.689550522000047, 10.815027457000042 ], [ 106.689529002000086, 10.814978268000061 ], [ 106.689520790000074, 10.814822144000061 ], [ 106.68929369500006, 10.815062901000033 ], [ 106.688960365000071, 10.815358550000042 ], [ 106.688806401000079, 10.815507400000058 ], [ 106.688624, 10.815886800000044 ], [ 106.688597200000061, 10.816018499000052 ], [ 106.688586500000042, 10.816424200000029 ], [ 106.68862370100004, 10.816570400000046 ], [ 106.688452400000074, 10.816260900000032 ], [ 106.688271701000076, 10.815854100000024 ], [ 106.688062739000088, 10.815464919000021 ], [ 106.687784974000067, 10.81504349000005 ], [ 106.687616741000056, 10.814874964000069 ], [ 106.687314005000076, 10.814673947000074 ], [ 106.686876930000039, 10.814519779000022 ], [ 106.686371, 10.81437980000004 ], [ 106.685587912000074, 10.814159669000048 ], [ 106.685180500000058, 10.814014200000031 ], [ 106.685030410000081, 10.813896768000063 ], [ 106.684831961000043, 10.813697939000065 ], [ 106.68474659900005, 10.81349307000005 ], [ 106.684782451000046, 10.813412830000061 ], [ 106.685029220000047, 10.813154110000028 ], [ 106.685193896000044, 10.812989434000031 ], [ 106.685287795000079, 10.812811881000073 ], [ 106.685280569000042, 10.812528168000028 ], [ 106.685247610000033, 10.812123098000029 ], [ 106.685228041000073, 10.811763635000034 ], [ 106.685180239000033, 10.811558766000076 ], [ 106.684444702000064, 10.81101273400003 ], [ 106.68420113600007, 10.810812418000069 ], [ 106.684078215000056, 10.810445930000071 ], [ 106.68396830100005, 10.809957700000041 ], [ 106.683942667000053, 10.809766109000066 ], [ 106.683947248000038, 10.809651605000056 ], [ 106.683967187000064, 10.809526024000036 ], [ 106.684087072000068, 10.809227928000041 ], [ 106.68417160100006, 10.809047400000054 ], [ 106.684203700000069, 10.808894600000031 ], [ 106.684199447000083, 10.808609365000052 ], [ 106.68416620000005, 10.808283300000028 ], [ 106.684134001000075, 10.808141100000057 ], [ 106.684089136000068, 10.808012353000038 ], [ 106.683970485000089, 10.807745260000047 ], [ 106.683940415000052, 10.807636352000031 ], [ 106.683866418000036, 10.807209047000072 ], [ 106.683862611000052, 10.807127194000032 ], [ 106.683904490000089, 10.807001558000024 ], [ 106.684064301000035, 10.806813200000022 ], [ 106.684279373000038, 10.806568972000036 ], [ 106.684499349000077, 10.806409153000061 ], [ 106.685586957000055, 10.805864811000049 ], [ 106.68584530000004, 10.805717200000061 ], [ 106.686027601000035, 10.805564400000037 ], [ 106.686108101000059, 10.805522200000041 ], [ 106.687055200000088, 10.805243700000062 ], [ 106.687049143000081, 10.805866267000056 ], [ 106.687046900000041, 10.806196701000033 ], [ 106.687207801000056, 10.806101900000044 ], [ 106.687765701000046, 10.805843700000025 ], [ 106.688076236000086, 10.805750927000076 ], [ 106.688232400000061, 10.805696100000034 ], [ 106.68849490100007, 10.805624001000069 ], [ 106.687936453000077, 10.803803386000027 ], [ 106.687927973000058, 10.803711804000045 ], [ 106.689970472000084, 10.803470120000043 ], [ 106.690133697000078, 10.803443722000054 ], [ 106.691783743000087, 10.803232753000032 ], [ 106.691583767000054, 10.802273225000022 ], [ 106.692132400000048, 10.80228690000007 ], [ 106.692147648000059, 10.802131011000029 ], [ 106.692213112000047, 10.801542196000071 ], [ 106.692208956000059, 10.801450761000069 ], [ 106.692184019000081, 10.801413356000069 ], [ 106.691980369000078, 10.801338546000068 ], [ 106.692017774000078, 10.801218018000043 ], [ 106.692013618000033, 10.801060085000074 ], [ 106.692030243000033, 10.800935401000061 ], [ 106.692100897000046, 10.800952026000061 ], [ 106.692226236000067, 10.80098986400003 ], [ 106.69232117200005, 10.801018524000028 ], [ 106.692383514000085, 10.80099358700005 ], [ 106.692400138000039, 10.800918777000049 ], [ 106.692423095000038, 10.800707066000029 ], [ 106.69243754300004, 10.800573818000032 ], [ 106.692473350000057, 10.800457679000033 ], [ 106.692150304000052, 10.80041662800005 ], [ 106.691748573000041, 10.80032247500003 ], [ 106.691503911000041, 10.800159139000073 ], [ 106.691779992000079, 10.798330738000061 ], [ 106.691697907000048, 10.798100121000061 ], [ 106.691710329000045, 10.797802739000076 ], [ 106.692003598000042, 10.797782058000053 ], [ 106.692061424000087, 10.797736604000022 ], [ 106.692021363000038, 10.797293927000055 ], [ 106.691976643000032, 10.796799758000077 ], [ 106.691930700000057, 10.795964100000049 ], [ 106.691693801000042, 10.79543224400004 ], [ 106.692314004000082, 10.794977428000038 ], [ 106.692629283000088, 10.794834661000039 ], [ 106.692968356000051, 10.794810866000034 ], [ 106.693616759000065, 10.794911993000028 ], [ 106.694288957000083, 10.794929839000076 ], [ 106.694449571000064, 10.794894147000036 ], [ 106.694532852000066, 10.794715688000053 ], [ 106.694515006000074, 10.794079182000075 ], [ 106.694526903000053, 10.793668725000032 ], [ 106.694651825000051, 10.793478368000024 ], [ 106.69500279500005, 10.793430779000062 ], [ 106.695988660000069, 10.793544688000054 ], [ 106.69734128500005, 10.793700974000046 ], [ 106.697532350000074, 10.793700751000074 ], [ 106.697613244000081, 10.793700656000055 ], [ 106.697856802000047, 10.793677627000022 ], [ 106.698466902000064, 10.793620046000058 ], [ 106.699887309000076, 10.793428851000044 ], [ 106.700247086000047, 10.793371196000066 ], [ 106.700457978000088, 10.793337302000054 ], [ 106.701110066000069, 10.793232500000045 ], [ 106.701925354000082, 10.793126873000062 ], [ 106.702854969000043, 10.792932129000064 ], [ 106.70414071600004, 10.79260897000006 ], [ 106.705127165000079, 10.79233174500007 ], [ 106.705813887000033, 10.792024445000038 ], [ 106.706207679000045, 10.791782119000061 ], [ 106.706223439000041, 10.791769198000054 ], [ 106.706367497000087, 10.791650928000024 ], [ 106.706486789000053, 10.791552989000024 ], [ 106.706702341000039, 10.791324299000053 ], [ 106.706853886000033, 10.791083219000029 ], [ 106.706992698000079, 10.790816991000042 ], [ 106.707155557000078, 10.790322950000075 ], [ 106.707318206000082, 10.789778475000048 ], [ 106.707614430000035, 10.789188973000023 ], [ 106.707981095000036, 10.788643280000031 ], [ 106.708284903000049, 10.788262347000057 ], [ 106.708563798000057, 10.787982600000021 ], [ 106.708919210000033, 10.787727830000051 ], [ 106.709160737000047, 10.787600138000073 ], [ 106.709517085000073, 10.787484284000072 ], [ 106.709835418000068, 10.787419347000025 ], [ 106.710141290000081, 10.787417657000049 ], [ 106.710562420000088, 10.787478508000049 ], [ 106.711545404000049, 10.787725972000032 ], [ 106.712094089000061, 10.787824078000028 ], [ 106.712444782000034, 10.787828465000075 ], [ 106.71273847100008, 10.787725518000059 ], [ 106.714196448000052, 10.786600026000031 ], [ 106.715560116000063, 10.785386531000029 ], [ 106.715745001000073, 10.78543116000003 ], [ 106.71769246100007, 10.785762287000068 ], [ 106.719714716000055, 10.786239408000029 ], [ 106.721023332000073, 10.786818280000034 ], [ 106.721355017000064, 10.787004995000075 ], [ 106.722011617000078, 10.787374615000033 ], [ 106.723099697000066, 10.788150026000039 ], [ 106.723880855000061, 10.78908603800005 ], [ 106.724898263000057, 10.790423665000048 ], [ 106.725620349000053, 10.791787339000052 ], [ 106.726342785000043, 10.793224311000074 ], [ 106.726817937000078, 10.794491652000033 ], [ 106.727194983000061, 10.795808438000051 ], [ 106.727324801000066, 10.79698 ], [ 106.727261193000061, 10.798027189000038 ], [ 106.727257264000059, 10.798091746000068 ], [ 106.727078152000047, 10.798928803000024 ], [ 106.726969463000046, 10.799436648000039 ], [ 106.726509434000036, 10.800831411000047 ], [ 106.726072037000051, 10.801859628000045 ], [ 106.725082631000078, 10.80326954700007 ], [ 106.72356697400005, 10.805256342000064 ], [ 106.722714563000068, 10.80694631800003 ], [ 106.722255203000088, 10.808463184000061 ], [ 106.722126543000059, 10.809648483000046 ], [ 106.722132092000038, 10.809682799000029 ], [ 106.722266981000075, 10.810514761000036 ], [ 106.722767926000074, 10.811977283000033 ], [ 106.723615151000047, 10.813682271000062 ], [ 106.724510646000056, 10.815215978000026 ], [ 106.725466770000082, 10.816590536000035 ], [ 106.72675360900007, 10.817633608000051 ], [ 106.728903624000054, 10.818891473000065 ], [ 106.730236218000073, 10.819323634000057 ], [ 106.73127184100008, 10.819513147000066 ], [ 106.73186284500008, 10.819485426000028 ], [ 106.732551620000038, 10.819334957000024 ], [ 106.733288305000087, 10.818940090000069 ], [ 106.733950176000064, 10.818399039000042 ], [ 106.734562041000061, 10.817711755000062 ], [ 106.735159846000045, 10.816743726000027 ], [ 106.736321246000045, 10.81312237700007 ], [ 106.736783131000038, 10.812069608000058 ], [ 106.737197886000047, 10.811383339000031 ], [ 106.737920074000044, 10.81060992700003 ], [ 106.739623406000078, 10.809174713000061 ], [ 106.740517748000059, 10.80868042700007 ], [ 106.741649136000035, 10.808393770000066 ], [ 106.742991183000072, 10.808262917000036 ], [ 106.74414218000004, 10.808212947000072 ], [ 106.745521995000047, 10.808302858000047 ], [ 106.746491612000057, 10.808597722000059 ], [ 106.747415004000061, 10.808943821000071 ], [ 106.747876231000077, 10.809230982000031 ], [ 106.748563267000065, 10.809658764000062 ], [ 106.75048752400005, 10.811993315000052 ], [ 106.750809081000057, 10.812417469000025 ], [ 106.751039321000064, 10.812749588000031 ], [ 106.751127846000088, 10.812932112000055 ] ] ] ] } },
{ "type": "Feature", "properties": { "shape2": "Can Gio", "shapeiso": "", "shapeid": "81297802B7702852417854", "shapegroup": "VNM", "shapetype": "ADM2", "shape1": "Ho Chi Minh", "shape0": "vietnam" }, "geometry": { "type": "MultiPolygon", "coordinates": [ [ [ [ 106.735033359000056, 10.497306852000065 ], [ 106.738420015000088, 10.492594113000052 ], [ 106.739750215000072, 10.490262930000029 ], [ 106.741438121000044, 10.487653115000057 ], [ 106.744070339000075, 10.483194436000076 ], [ 106.746050959000058, 10.479511846000037 ], [ 106.747645286000079, 10.476833563000071 ], [ 106.748921537000058, 10.474614644000042 ], [ 106.749259648000077, 10.474019158000033 ], [ 106.749784139000042, 10.473095409000052 ], [ 106.750642199000083, 10.471600240000043 ], [ 106.751121389000048, 10.470745725000029 ], [ 106.751849280000044, 10.469610913000054 ], [ 106.751983805000066, 10.469277375000047 ], [ 106.752887828000041, 10.467816115000062 ], [ 106.754782241000044, 10.464572702000055 ], [ 106.756997926000054, 10.46089068200007 ], [ 106.757987874000037, 10.459021034000045 ], [ 106.761156716000073, 10.453787798000064 ], [ 106.772087876000057, 10.440144506000024 ], [ 106.776240308000069, 10.434961453000028 ], [ 106.776417404000085, 10.434744450000039 ], [ 106.780772116000037, 10.429594076000058 ], [ 106.786548049000032, 10.423794816000054 ], [ 106.792506596000067, 10.418402452000066 ], [ 106.79666422400004, 10.414884007000069 ], [ 106.800411882000049, 10.411717430000067 ], [ 106.802694623000036, 10.409607425000047 ], [ 106.803737787000046, 10.408446907000041 ], [ 106.805731164000065, 10.406005518000029 ], [ 106.816691945000059, 10.392579600000033 ], [ 106.831356161000087, 10.379381203000037 ], [ 106.842777574000081, 10.363319841000077 ], [ 106.862051208000082, 10.39365796900006 ], [ 106.86395205000008, 10.408777926000027 ], [ 106.866736075000063, 10.409351108000067 ], [ 106.871316537000041, 10.409589055000026 ], [ 106.873101133000034, 10.408815730000072 ], [ 106.873993431000088, 10.406614728000022 ], [ 106.879644651000035, 10.390850799000077 ], [ 106.88048935900008, 10.389458814000022 ], [ 106.880774895000059, 10.388126316000069 ], [ 106.880441770000061, 10.386698640000077 ], [ 106.87925204000004, 10.383890876000066 ], [ 106.878300255000056, 10.381844539000042 ], [ 106.875920794000081, 10.378894008000032 ], [ 106.875016599000048, 10.378322937000064 ], [ 106.874969010000086, 10.377799456000048 ], [ 106.875397313000065, 10.37737115300007 ], [ 106.877062935000083, 10.376324190000048 ], [ 106.882440517000077, 10.375848298000051 ], [ 106.891863183000055, 10.376657314000056 ], [ 106.896217597000089, 10.376609725000037 ], [ 106.898668441000041, 10.376823877000049 ], [ 106.900619599000038, 10.377275974000042 ], [ 106.902642141000058, 10.37829914200006 ], [ 106.905711646000043, 10.38001235400003 ], [ 106.908305258000041, 10.38124967400006 ], [ 106.909637757000041, 10.381416236000064 ], [ 106.91075610300004, 10.382011102000035 ], [ 106.91223136900004, 10.382130075000077 ], [ 106.913278332000061, 10.382082485000069 ], [ 106.914039759000048, 10.382249048000062 ], [ 106.915967123000087, 10.383367394000061 ], [ 106.923676577000037, 10.387531451000029 ], [ 106.932052279000061, 10.391362383000057 ], [ 106.934479330000045, 10.392956622000042 ], [ 106.935236029000066, 10.393477904000065 ], [ 106.935550087000081, 10.393694255000071 ], [ 106.937072942000043, 10.394265326000038 ], [ 106.938429235000058, 10.394598450000046 ], [ 106.941490808000083, 10.395238922000033 ], [ 106.944726875000072, 10.396381063000035 ], [ 106.947796380000057, 10.397451821000061 ], [ 106.959075025000061, 10.401711056000067 ], [ 106.960383728000068, 10.402282126000046 ], [ 106.966451354000071, 10.404923328000052 ], [ 106.96821215500006, 10.405565783000043 ], [ 106.970306081000047, 10.406303415000025 ], [ 106.971448222000049, 10.406993459000034 ], [ 106.97223344400004, 10.407564530000059 ], [ 106.972828309000079, 10.408397341000068 ], [ 106.973851478000086, 10.410110553000038 ], [ 106.974303575000079, 10.411585819000038 ], [ 106.97480326200008, 10.413156263000076 ], [ 106.975302949000081, 10.41544054600007 ], [ 106.97558848400007, 10.416106795000076 ], [ 106.97975533400006, 10.431633268000041 ], [ 106.980777145000047, 10.449952990000043 ], [ 106.981776518000061, 10.457091373000026 ], [ 106.98463187200008, 10.465728816000023 ], [ 106.98970012400008, 10.474794563000046 ], [ 106.993483467000033, 10.478006835000031 ], [ 107.00160674600005, 10.480278120000037 ], [ 106.997036257000047, 10.491229557000054 ], [ 106.998426474000041, 10.500615003000064 ], [ 106.998828335000042, 10.502920689000064 ], [ 106.999456831000089, 10.504301786000042 ], [ 106.999849110000071, 10.505068750000021 ], [ 107.001016711000034, 10.505921288000025 ], [ 107.004525740000076, 10.507687256000054 ], [ 107.006564652000066, 10.509082373000069 ], [ 107.008655838000038, 10.511011154000073 ], [ 107.010466696000037, 10.513087463000033 ], [ 107.01150483300006, 10.514804370000036 ], [ 107.012148655000033, 10.516038384000069 ], [ 107.012669550000055, 10.517200337000077 ], [ 107.013131017000035, 10.518605314000069 ], [ 107.013332915000035, 10.519599390000053 ], [ 107.013591020000035, 10.521733967000046 ], [ 107.013668555000038, 10.522388943000067 ], [ 107.010537223000085, 10.525697291000029 ], [ 107.009350764000033, 10.527054258000021 ], [ 107.00725023800004, 10.528683887000057 ], [ 107.004509693000045, 10.530314485000076 ], [ 107.002315742000064, 10.530769746000033 ], [ 107.000760676000084, 10.530410765000056 ], [ 106.998655971000062, 10.52951065700006 ], [ 106.995087997000041, 10.528432141000053 ], [ 106.993228575000046, 10.528190624000047 ], [ 106.99059931000005, 10.528455686000029 ], [ 106.98903690700007, 10.529075975000069 ], [ 106.987787837000042, 10.53010765700003 ], [ 106.986487448000048, 10.531654245000027 ], [ 106.98565620800008, 10.533303172000046 ], [ 106.985034397000049, 10.535569573000032 ], [ 106.984620999000072, 10.537835661000031 ], [ 106.984684842000036, 10.539794467000036 ], [ 106.984890924000069, 10.540193439000063 ], [ 106.985139822000065, 10.540644196000073 ], [ 106.985782717000063, 10.542359788000056 ], [ 106.986609199000043, 10.544617096000025 ], [ 106.987711997000076, 10.548048510000058 ], [ 106.988173526000082, 10.550758253000026 ], [ 106.988176526000075, 10.552655439000034 ], [ 106.987722089000044, 10.554463053000063 ], [ 106.986902064000049, 10.556361622000054 ], [ 106.986080725000079, 10.557447019000051 ], [ 106.984985037000058, 10.558532874000036 ], [ 106.981695672000058, 10.560405013000036 ], [ 106.980234497000083, 10.561732278000022 ], [ 106.979382695000083, 10.56287786300004 ], [ 106.978957539000078, 10.563902474000031 ], [ 106.978897474000064, 10.564474735000033 ], [ 106.978990096000075, 10.565257694000024 ], [ 106.979296923000049, 10.566552090000073 ], [ 106.979694781000035, 10.567545331000076 ], [ 106.980000938000046, 10.568357948000028 ], [ 106.980704388000049, 10.569862682000064 ], [ 106.981286299000033, 10.571608479000076 ], [ 106.981929068000056, 10.573233695000056 ], [ 106.982326947000047, 10.574226929000076 ], [ 106.982694288000062, 10.575250268000048 ], [ 106.983031742000037, 10.576604923000048 ], [ 106.983277275000034, 10.577628394000044 ], [ 106.983732801000087, 10.579208237000046 ], [ 106.983554201000061, 10.579257711000025 ], [ 106.983246671000074, 10.579501304000075 ], [ 106.982696623000038, 10.57998826100004 ], [ 106.981903326000065, 10.580605620000028 ], [ 106.980485867000084, 10.581479133000073 ], [ 106.97962633800006, 10.58191959100003 ], [ 106.978993238000044, 10.582133053000064 ], [ 106.978440490000082, 10.582200959000033 ], [ 106.97782244800004, 10.582237101000032 ], [ 106.977350438000087, 10.582207890000063 ], [ 106.976698923000072, 10.582099099000061 ], [ 106.976291999000068, 10.58206947900004 ], [ 106.975706088000038, 10.582040888000051 ], [ 106.975267550000069, 10.582156514000076 ], [ 106.974927054000034, 10.582335871000055 ], [ 106.974603345000048, 10.58259573600003 ], [ 106.973349019000068, 10.583915459000025 ], [ 106.972057211000049, 10.585454389000063 ], [ 106.970222302000082, 10.587714374000029 ], [ 106.969463738000059, 10.588669852000066 ], [ 106.968751854000061, 10.589302764000024 ], [ 106.968071763000069, 10.589806602000067 ], [ 106.967634341000064, 10.59009943600006 ], [ 106.966668792000064, 10.59052037400005 ], [ 106.965872836000074, 10.590718745000061 ], [ 106.965076317000069, 10.590852589000065 ], [ 106.96432866300006, 10.590970130000073 ], [ 106.963695660000042, 10.591215830000067 ], [ 106.963080132000073, 10.591638643000067 ], [ 106.962050782000063, 10.59252512300003 ], [ 106.961193214000048, 10.593271807000065 ], [ 106.960511870000062, 10.593582239000057 ], [ 106.959780710000075, 10.593747929000074 ], [ 106.959162664000075, 10.59380012500003 ], [ 106.957910011000081, 10.593824005000045 ], [ 106.955375183000058, 10.594206317000044 ], [ 106.953756499000065, 10.594665167000073 ], [ 106.94986014300008, 10.596026964000032 ], [ 106.948424490000036, 10.596660797000027 ], [ 106.947384315000079, 10.597155982000061 ], [ 106.946606724000048, 10.597381127000062 ], [ 106.946011359000067, 10.597352726000054 ], [ 106.944919199000083, 10.597037288000024 ], [ 106.943892461000075, 10.596785699000066 ], [ 106.942797906000067, 10.596651653000038 ], [ 106.942177272000038, 10.596618428000056 ], [ 106.941384443000061, 10.596721648000027 ], [ 106.940867482000044, 10.596892663000062 ], [ 106.94055740400006, 10.597063486000025 ], [ 106.940040877000058, 10.597506889000044 ], [ 106.939490086000035, 10.598120681000069 ], [ 106.939077050000037, 10.59863222000007 ], [ 106.938601859000073, 10.599359508000077 ], [ 106.937841801000047, 10.599907075000033 ], [ 106.937197294000043, 10.60012821600003 ], [ 106.936433043000079, 10.600213445000065 ], [ 106.935895906000042, 10.600184486000046 ], [ 106.935521727000037, 10.600202964000061 ], [ 106.935199715000067, 10.600382082000067 ], [ 106.934655843000087, 10.600684479000051 ], [ 106.933322944000054, 10.601398687000028 ], [ 106.932151486000066, 10.601979318000076 ], [ 106.931271281000079, 10.602281517000051 ], [ 106.929428746000042, 10.602766392000035 ], [ 106.928084605000038, 10.60310884300003 ], [ 106.926913052000089, 10.603689367000072 ], [ 106.925914250000062, 10.604474075000041 ], [ 106.924709715000063, 10.606215947000067 ], [ 106.923535023000056, 10.607683795000071 ], [ 106.922599160000061, 10.608946562000028 ], [ 106.922033381000062, 10.609546234000049 ], [ 106.921254937000072, 10.609969977000048 ], [ 106.920507327000053, 10.610119599000029 ], [ 106.919442153000034, 10.610174455000049 ], [ 106.91839998100005, 10.610051939000073 ], [ 106.917552215000057, 10.609799266000039 ], [ 106.916637976000061, 10.609337504000052 ], [ 106.91577288700006, 10.608891616000051 ], [ 106.914956394000058, 10.60844533900007 ], [ 106.913782134000087, 10.608017415000063 ], [ 106.912973754000063, 10.607808863000059 ], [ 106.912030357000049, 10.607879130000072 ], [ 106.91128354500006, 10.608157603000052 ], [ 106.910765639000033, 10.608595915000024 ], [ 106.910718537000037, 10.608666785000025 ], [ 106.90979986900004, 10.609966383000028 ], [ 106.90852228600005, 10.612729103000049 ], [ 106.905620626000086, 10.620383301000061 ], [ 106.904343401000062, 10.623433593000073 ], [ 106.903454554000064, 10.624667841000075 ], [ 106.902437397000085, 10.625624684000059 ], [ 106.901600281000071, 10.626404921000074 ], [ 106.89970584100007, 10.627973953000037 ], [ 106.898247564000087, 10.629028352000034 ], [ 106.898000127000046, 10.629176531000041 ], [ 106.897262166000075, 10.629874187000041 ], [ 106.896903197000086, 10.630898436000052 ], [ 106.89627517100007, 10.632902466000075 ], [ 106.895556359000068, 10.63437237100004 ], [ 106.894521758000053, 10.635442093000051 ], [ 106.893487103000041, 10.636467257000049 ], [ 106.892561784000065, 10.636919489000036 ], [ 106.891274342000088, 10.637350854000033 ], [ 106.890103615000044, 10.63770839700004 ], [ 106.889257302000033, 10.638009122000028 ], [ 106.888787932000071, 10.638204906000055 ], [ 106.887685121000061, 10.638751283000033 ], [ 106.886271623000084, 10.639456512000038 ], [ 106.884870123000042, 10.640742251000063 ], [ 106.884421071000077, 10.642161626000075 ], [ 106.884328861000085, 10.643048517000068 ], [ 106.884302028000036, 10.643967281000073 ], [ 106.884160321000081, 10.644757675000051 ], [ 106.883969045000072, 10.645403491000025 ], [ 106.883569499000032, 10.646333080000034 ], [ 106.883474517000082, 10.64676882200007 ], [ 106.883168515000079, 10.647286358000031 ], [ 106.882844974000079, 10.647610591000046 ], [ 106.881990415000075, 10.647985641000048 ], [ 106.880722834000039, 10.648299454000039 ], [ 106.879324029000088, 10.648436816000071 ], [ 106.875427362000039, 10.648429617000033 ], [ 106.874238095000067, 10.648243324000077 ], [ 106.873097732000076, 10.648056823000047 ], [ 106.872771815000078, 10.647994241000049 ], [ 106.872248789000082, 10.647626814000034 ], [ 106.871626042000059, 10.646921424000027 ], [ 106.871497681000051, 10.646730288000072 ], [ 106.871281096000075, 10.646407784000075 ], [ 106.870984883000062, 10.645877855000037 ], [ 106.870722234000084, 10.644858868000028 ], [ 106.87039042300006, 10.643829446000041 ], [ 106.870012418000044, 10.643219386000055 ], [ 106.869309410000085, 10.642707878000067 ], [ 106.868771202000062, 10.642517766000026 ], [ 106.867491901000051, 10.642590011000038 ], [ 106.866467106000073, 10.642692820000036 ], [ 106.86570172200004, 10.64261693800006 ], [ 106.864657175000048, 10.642123539000067 ], [ 106.863730590000046, 10.641635218000033 ], [ 106.863680717000079, 10.641578311000046 ], [ 106.863337229000081, 10.641186383000047 ], [ 106.862893158000077, 10.640415468000072 ], [ 106.862447428000053, 10.63924662200003 ], [ 106.86188605600006, 10.637944700000048 ], [ 106.861279117000038, 10.637142483000048 ], [ 106.860335972000087, 10.636554196000077 ], [ 106.859554132000085, 10.636446040000067 ], [ 106.858920453000053, 10.636627030000056 ], [ 106.857672903000037, 10.637099603000024 ], [ 106.855693920000078, 10.638174904000039 ], [ 106.853960467000036, 10.638995408000028 ], [ 106.852499842000043, 10.639463168000077 ], [ 106.85136562100007, 10.639602001000071 ], [ 106.849930173000075, 10.639610473000062 ], [ 106.848360085000081, 10.639421710000022 ], [ 106.84678892800008, 10.639067730000022 ], [ 106.844548769000085, 10.638486486000033 ], [ 106.843131438000057, 10.637985709000077 ], [ 106.841283739000062, 10.636764862000064 ], [ 106.841021585000078, 10.636476372000061 ], [ 106.840511022000044, 10.635464128000024 ], [ 106.840097454000045, 10.634265311000036 ], [ 106.839663948000066, 10.63229123900004 ], [ 106.839266313000053, 10.630769216000033 ], [ 106.838705011000059, 10.629434877000051 ], [ 106.838034152000034, 10.628604145000054 ], [ 106.836708436000038, 10.627524901000072 ], [ 106.836699198000076, 10.627517363000038 ], [ 106.835426497000071, 10.626960833000055 ], [ 106.834415401000058, 10.626628358000062 ], [ 106.833666808000032, 10.626632641000072 ], [ 106.832273587000088, 10.626688677000061 ], [ 106.830273300000044, 10.626942024000073 ], [ 106.827984462000074, 10.627356107000026 ], [ 106.82627846400004, 10.627833487000032 ], [ 106.824834612000075, 10.628615364000041 ], [ 106.82310052400004, 10.629834197000037 ], [ 106.819212687000061, 10.634158719000027 ], [ 106.816711333000057, 10.637066138000023 ], [ 106.815485703000036, 10.638534249000031 ], [ 106.81321379700006, 10.641986948000067 ], [ 106.81279623000006, 10.64294026500005 ], [ 106.812189807000038, 10.64489962600004 ], [ 106.811759747000053, 10.646481619000042 ], [ 106.811234135000063, 10.648434637000037 ], [ 106.81090286500006, 10.649685263000038 ], [ 106.809899359000042, 10.652780392000068 ], [ 106.808243253000057, 10.655102190000036 ], [ 106.805799751000052, 10.657218025000077 ], [ 106.801726315000053, 10.660039806000043 ], [ 106.796939302000055, 10.662661019000041 ], [ 106.794418909000058, 10.664566549000028 ], [ 106.79348807000008, 10.665370774000053 ], [ 106.792516592000084, 10.666262810000035 ], [ 106.789385283000058, 10.668884111000068 ], [ 106.787520714000038, 10.670252951000066 ], [ 106.786050324000087, 10.671047680000072 ], [ 106.784230256000058, 10.671936680000044 ], [ 106.779398934000085, 10.674064256000065 ], [ 106.776153874000045, 10.675185382000052 ], [ 106.774742593000042, 10.672708317000058 ], [ 106.774303294000049, 10.671760885000026 ], [ 106.773498538000069, 10.670134578000045 ], [ 106.771885686000076, 10.666286979000063 ], [ 106.771433013000035, 10.665850913000043 ], [ 106.770642416000044, 10.665559022000025 ], [ 106.769621547000042, 10.665364780000061 ], [ 106.768826544000035, 10.665196823000031 ], [ 106.767810250000082, 10.665089860000023 ], [ 106.766904429000078, 10.665072743000053 ], [ 106.766144618000055, 10.665047657000059 ], [ 106.765549246000035, 10.665139414000066 ], [ 106.76438868300005, 10.665381680000053 ], [ 106.763317751000045, 10.665667726000038 ], [ 106.762514784000075, 10.665922795000029 ], [ 106.761790597000072, 10.666287143000034 ], [ 106.759341199000062, 10.667876407000051 ], [ 106.755468831000087, 10.670389868000029 ], [ 106.754081602000042, 10.67122213500005 ], [ 106.75337105300008, 10.671524477000048 ], [ 106.75272861600007, 10.671731714000032 ], [ 106.751826142000084, 10.67198767800005 ], [ 106.750437571000077, 10.672246181000048 ], [ 106.748619872000063, 10.671992701000022 ], [ 106.746385220000036, 10.67106076400006 ], [ 106.743478484000036, 10.669549848000031 ], [ 106.741423305000069, 10.668114422000031 ], [ 106.739704341000049, 10.666850016000069 ], [ 106.739040830000079, 10.666293772000074 ], [ 106.738739715000065, 10.66571779700007 ], [ 106.738570380000056, 10.665387931000055 ], [ 106.738399794000088, 10.664837441000032 ], [ 106.738359776000038, 10.664359799000067 ], [ 106.738318893000041, 10.663716668000063 ], [ 106.738334899000051, 10.663256973000045 ], [ 106.738423901000033, 10.662539727000024 ], [ 106.738549609000074, 10.661730176000049 ], [ 106.738658970000074, 10.661306839000076 ], [ 106.73897022400007, 10.660404517000075 ], [ 106.73943059700008, 10.659538062000024 ], [ 106.740148330000068, 10.658100390000072 ], [ 106.740996743000039, 10.656717127000036 ], [ 106.741680294000048, 10.655831082000077 ], [ 106.742586417000041, 10.654778302000068 ], [ 106.743621530000041, 10.653522703000021 ], [ 106.744897746000049, 10.652100264000069 ], [ 106.746322993000035, 10.650713779000057 ], [ 106.747416852000072, 10.64997240200006 ], [ 106.748761065000053, 10.64929931100005 ], [ 106.749384174000056, 10.648987261000059 ], [ 106.750108583000042, 10.648744240000042 ], [ 106.750450706000038, 10.648596809000026 ], [ 106.751786418000052, 10.648271644000033 ], [ 106.752208675000077, 10.648168686000076 ], [ 106.754385307000064, 10.647577054000067 ], [ 106.756139225000084, 10.647036224000033 ], [ 106.756916621000073, 10.646836366000059 ], [ 106.761505658000033, 10.644976537000048 ], [ 106.76496275900007, 10.643354405000025 ], [ 106.767782755000042, 10.641642921000027 ], [ 106.769328564000034, 10.640112506000037 ], [ 106.770419493000077, 10.638672235000058 ], [ 106.770828450000067, 10.638109639000049 ], [ 106.770964807000041, 10.637867817000028 ], [ 106.771009640000045, 10.637670979000063 ], [ 106.771282127000063, 10.636299500000064 ], [ 106.771389295000063, 10.635191518000056 ], [ 106.771477212000036, 10.633515765000027 ], [ 106.771306393000089, 10.632107111000039 ], [ 106.771150430000034, 10.630464820000043 ], [ 106.771139639000069, 10.630396732000065 ], [ 106.77020649800005, 10.624744172000021 ], [ 106.770203286000083, 10.621020480000027 ], [ 106.771015263000038, 10.617497456000024 ], [ 106.772133593000035, 10.614678507000065 ], [ 106.774269936000053, 10.610952963000045 ], [ 106.776521692000074, 10.60732310800006 ], [ 106.777716534000035, 10.605632336000042 ], [ 106.778587799000036, 10.604394493000029 ], [ 106.779019692000077, 10.603780970000059 ], [ 106.779857440000058, 10.602390839000066 ], [ 106.779976748000081, 10.602174780000041 ], [ 106.781663535000064, 10.59856256300003 ], [ 106.78224466100005, 10.596904359000064 ], [ 106.782736948000036, 10.59514172300004 ], [ 106.783171420000087, 10.593036682000047 ], [ 106.783362648000036, 10.591969079000023 ], [ 106.783307894000075, 10.588716412000053 ], [ 106.783045046000041, 10.586740409000072 ], [ 106.782603768000058, 10.584630471000025 ], [ 106.782036389000041, 10.582731747000025 ], [ 106.781154613000069, 10.580519541000058 ], [ 106.780957501000046, 10.580255470000054 ], [ 106.780137240000045, 10.578817044000061 ], [ 106.778589112000077, 10.577379105000034 ], [ 106.77699606200008, 10.576615940000067 ], [ 106.775630810000052, 10.576212295000062 ], [ 106.774311294000086, 10.576123553000059 ], [ 106.772764494000057, 10.576169852000021 ], [ 106.770808212000077, 10.576216454000075 ], [ 106.769216157000074, 10.576622625000027 ], [ 106.766624227000079, 10.57810788200004 ], [ 106.763691146000042, 10.579874769000071 ], [ 106.763347785000065, 10.580042093000031 ], [ 106.761373066000033, 10.580679584000052 ], [ 106.759846103000086, 10.581026419000068 ], [ 106.757771450000064, 10.581278326000074 ], [ 106.756796106000081, 10.581380385000045 ], [ 106.755592715000034, 10.581419356000026 ], [ 106.754243912000049, 10.581233714000064 ], [ 106.752372903000037, 10.580504142000052 ], [ 106.751785647000077, 10.580207058000042 ], [ 106.750537356000052, 10.579543067000031 ], [ 106.749986863000061, 10.579244599000049 ], [ 106.74925283400006, 10.578826305000064 ], [ 106.748429533000035, 10.578356533000033 ], [ 106.74775081100006, 10.577978420000022 ], [ 106.747226473000069, 10.577561217000039 ], [ 106.746702103000075, 10.577124942000069 ], [ 106.746197670000072, 10.576803073000065 ], [ 106.745701797000038, 10.576276164000035 ], [ 106.745714699000075, 10.576266060000023 ], [ 106.745422033000068, 10.575980166000022 ], [ 106.744539295000038, 10.574295756000026 ], [ 106.743837092000035, 10.572358893000057 ], [ 106.743174534000048, 10.570996927000067 ], [ 106.742586430000074, 10.569342967000068 ], [ 106.742127564000043, 10.566971175000049 ], [ 106.741896634000057, 10.563921411000024 ], [ 106.74195499800004, 10.562807364000037 ], [ 106.74200922700004, 10.561775048000072 ], [ 106.742349348000062, 10.558385990000033 ], [ 106.743032437000068, 10.555109650000077 ], [ 106.743080261000046, 10.554919576000032 ], [ 106.743427358000076, 10.553281032000029 ], [ 106.746485688000064, 10.538843070000041 ], [ 106.748461035000048, 10.525903408000033 ], [ 106.748485633000087, 10.525683455000035 ], [ 106.748363193000046, 10.523312067000063 ], [ 106.747987899000066, 10.521265652000068 ], [ 106.747395403000041, 10.519400026000028 ], [ 106.746768151000083, 10.51782210600004 ], [ 106.745555430000081, 10.515636493000045 ], [ 106.744198485000084, 10.513667234000025 ], [ 106.74196119000004, 10.510391040000059 ], [ 106.74069249300004, 10.50793608500004 ], [ 106.739522342000043, 10.505414268000038 ], [ 106.739054051000039, 10.504405029000054 ], [ 106.737801852000075, 10.501644552000073 ], [ 106.736981095000033, 10.49961834800007 ], [ 106.735805852000055, 10.498168480000061 ], [ 106.735018395000054, 10.497327676000054 ], [ 106.735033359000056, 10.497306852000065 ] ] ] ] } },
{ "type": "Feature", "properties": { "shape2": "Go Vap", "shapeiso": "", "shapeid": "81297802B93588362587103", "shapegroup": "VNM", "shapetype": "ADM2", "shape1": "Ho Chi Minh", "shape0": "vietnam" }, "geometry": { "type": "MultiPolygon", "coordinates": [ [ [ [ 106.695181104000085, 10.831155705000072 ], [ 106.694896246000042, 10.83081585900004 ], [ 106.694511268000042, 10.830423170000074 ], [ 106.694200033000072, 10.830230460000053 ], [ 106.693938966000076, 10.830095232000076 ], [ 106.693663105000041, 10.830051192000042 ], [ 106.693402891000062, 10.830067807000034 ], [ 106.693051101000037, 10.830145752000021 ], [ 106.692669452000075, 10.830345160000036 ], [ 106.692333991000055, 10.83060514400006 ], [ 106.692075226000043, 10.830879800000048 ], [ 106.691756596000062, 10.83139783300004 ], [ 106.691535962000046, 10.831936750000068 ], [ 106.691406769000082, 10.832269084000075 ], [ 106.691116707000049, 10.833134675000053 ], [ 106.690983074000087, 10.83435552800006 ], [ 106.690747835000082, 10.83549025800005 ], [ 106.690579923000087, 10.836031958000035 ], [ 106.690275488000054, 10.836608212000044 ], [ 106.689359636000063, 10.837897438000027 ], [ 106.688816519000056, 10.838785922000056 ], [ 106.688593710000077, 10.840237132000027 ], [ 106.688695443000086, 10.841382205000059 ], [ 106.688940478000063, 10.842394722000051 ], [ 106.689047206000055, 10.843137651000063 ], [ 106.688917164000088, 10.844327662000069 ], [ 106.688790957000037, 10.84480175300007 ], [ 106.688724580000041, 10.845019848000049 ], [ 106.688010742000074, 10.846304757000041 ], [ 106.687475363000033, 10.846840136000026 ], [ 106.68743967100005, 10.84686393100003 ], [ 106.686928087000069, 10.847149466000076 ], [ 106.686261838000064, 10.847268439000061 ], [ 106.684477242000071, 10.846947212000032 ], [ 106.683763404000047, 10.847018596000055 ], [ 106.683323204000033, 10.847268439000061 ], [ 106.682998074000068, 10.847809839000035 ], [ 106.682927843000073, 10.848273892000066 ], [ 106.683037668000054, 10.84861283500004 ], [ 106.683430279000049, 10.849243392000062 ], [ 106.684322577000046, 10.850171382000042 ], [ 106.684417756000073, 10.850659171000075 ], [ 106.684393961000069, 10.851135063000072 ], [ 106.684096528000055, 10.851587161000054 ], [ 106.683608739000078, 10.851801312000077 ], [ 106.682906798000033, 10.851801312000077 ], [ 106.681907424000087, 10.851658545000021 ], [ 106.680574486000069, 10.85112996600003 ], [ 106.679837293000048, 10.850837631000047 ], [ 106.67881187100005, 10.850835075000077 ], [ 106.677291270000069, 10.851396804000046 ], [ 106.67591118200005, 10.852039258000048 ], [ 106.675745133000078, 10.853205741000068 ], [ 106.675693580000086, 10.853567895000026 ], [ 106.675329544000078, 10.854093487000057 ], [ 106.675078431000088, 10.854759647000037 ], [ 106.675009784000054, 10.855243408000035 ], [ 106.675153463000072, 10.85701881600005 ], [ 106.674975003000043, 10.857696962000034 ], [ 106.674618084000087, 10.858089573000029 ], [ 106.674183329000073, 10.858792957000048 ], [ 106.67359491600007, 10.860040731000026 ], [ 106.673273688000052, 10.860445240000047 ], [ 106.67304764000005, 10.860611802000051 ], [ 106.672619337000071, 10.860683186000074 ], [ 106.672155342000053, 10.860552316000053 ], [ 106.67157237400005, 10.860183499000073 ], [ 106.670525411000085, 10.859588634000033 ], [ 106.670311259000073, 10.859291201000076 ], [ 106.669704497000055, 10.858422698000027 ], [ 106.668981518000066, 10.858218549000071 ], [ 106.668564672000059, 10.857943158000069 ], [ 106.668133287000046, 10.857608904000074 ], [ 106.667341154000042, 10.856585910000035 ], [ 106.667027603000065, 10.856031340000072 ], [ 106.666094520000058, 10.85624469000004 ], [ 106.666053493000049, 10.856245354000066 ], [ 106.665645563000055, 10.856251955000062 ], [ 106.664888894000057, 10.855994974000055 ], [ 106.663518325000041, 10.855509563000055 ], [ 106.662019264000037, 10.855523840000046 ], [ 106.661234042000046, 10.855795099000034 ], [ 106.659577937000051, 10.857351266000023 ], [ 106.658906929000068, 10.857893783000065 ], [ 106.658378689000074, 10.858007998000062 ], [ 106.657265101000064, 10.857593971000028 ], [ 106.656779691000054, 10.857751016000066 ], [ 106.655723210000076, 10.85876466600007 ], [ 106.654995095000061, 10.859078755000041 ], [ 106.654038552000088, 10.859264353000071 ], [ 106.653653079000037, 10.859507058000077 ], [ 106.653381821000039, 10.860063852000053 ], [ 106.653067732000068, 10.860620646000029 ], [ 106.65261087500005, 10.860791967000068 ], [ 106.652253956000038, 10.860734860000036 ], [ 106.65084293700005, 10.85988145500005 ], [ 106.650106649000065, 10.859173084000076 ], [ 106.650097163000055, 10.859169203000022 ], [ 106.649841183000035, 10.85906447800005 ], [ 106.649512540000046, 10.85896247900007 ], [ 106.649084237000068, 10.858955340000023 ], [ 106.648784424000041, 10.858912510000039 ], [ 106.64847747400006, 10.858641251000051 ], [ 106.648027756000033, 10.858398546000046 ], [ 106.647363886000051, 10.858184395000023 ], [ 106.647092628000053, 10.857984520000059 ], [ 106.646949860000063, 10.857649016000039 ], [ 106.646849923000048, 10.856856656000048 ], [ 106.646607218000042, 10.856356969000046 ], [ 106.646485865000045, 10.855657407000024 ], [ 106.646493004000035, 10.855157721000069 ], [ 106.646571526000059, 10.854372498000032 ], [ 106.646464450000053, 10.854101240000034 ], [ 106.646264575000032, 10.853958472000045 ], [ 106.646078977000059, 10.853972749000036 ], [ 106.645879103000084, 10.854115517000025 ], [ 106.645557875000065, 10.854465297000047 ], [ 106.645243787000084, 10.854572373000053 ], [ 106.644943974000057, 10.854522404000022 ], [ 106.64468699300005, 10.854279699000074 ], [ 106.644558502000052, 10.854001302000029 ], [ 106.644551363000062, 10.853801428000054 ], [ 106.644594194000035, 10.85341595500006 ], [ 106.644587055000045, 10.853137558000071 ], [ 106.644444288000045, 10.852909130000057 ], [ 106.644144476000065, 10.852773501000058 ], [ 106.643516298000065, 10.85263787100007 ], [ 106.643268589000058, 10.852485868000031 ], [ 106.643202209000037, 10.852445135000039 ], [ 106.643016611000064, 10.852238122000074 ], [ 106.642945227000041, 10.851909756000055 ], [ 106.64293095000005, 10.851345824000077 ], [ 106.642823875000033, 10.85104601200004 ], [ 106.642552616000046, 10.850681954000038 ], [ 106.641788809000047, 10.850010946000054 ], [ 106.641403336000053, 10.84962547400005 ], [ 106.64121773800008, 10.849525536000044 ], [ 106.640639529000055, 10.849468429000069 ], [ 106.640196950000075, 10.849261416000047 ], [ 106.638448046000065, 10.847976507000055 ], [ 106.637163137000073, 10.846962857000051 ], [ 106.636406468000075, 10.846313264000059 ], [ 106.635728322000034, 10.845820716000048 ], [ 106.635107283000082, 10.844992663000028 ], [ 106.634893131000069, 10.84486417200003 ], [ 106.634728948000088, 10.844871311000077 ], [ 106.634293507000052, 10.845099739000034 ], [ 106.634036525000056, 10.845221091000042 ], [ 106.633900896000057, 10.845163984000067 ], [ 106.63378668200005, 10.845014078000077 ], [ 106.633743851000077, 10.84489986400007 ], [ 106.633686744000045, 10.844585775000041 ], [ 106.633686744000045, 10.843821968000043 ], [ 106.633558254000036, 10.843229482000027 ], [ 106.633551115000046, 10.842986777000021 ], [ 106.633715298000084, 10.842244386000061 ], [ 106.633729575000075, 10.841509132000056 ], [ 106.633643914000061, 10.841123659000061 ], [ 106.633429763000038, 10.84093092300003 ], [ 106.632794061000084, 10.840707853000026 ], [ 106.632279854000046, 10.84049075300004 ], [ 106.632193696000058, 10.840372711000043 ], [ 106.63217602800006, 10.840271298000062 ], [ 106.63215744200005, 10.840000684000074 ], [ 106.632172084000047, 10.839543873000025 ], [ 106.632205036000073, 10.839306881000027 ], [ 106.632306493000044, 10.839103240000043 ], [ 106.632637402000057, 10.838782270000024 ], [ 106.632851554000069, 10.838518150000027 ], [ 106.63300146000006, 10.83824689100004 ], [ 106.633015736000061, 10.838032740000074 ], [ 106.632908661000045, 10.837911387000077 ], [ 106.632287621000046, 10.837404562000074 ], [ 106.632094885000072, 10.83713330300003 ], [ 106.631987809000066, 10.836790661000066 ], [ 106.632009224000058, 10.836583648000044 ], [ 106.632030640000039, 10.836405188000072 ], [ 106.632187684000087, 10.83620531400004 ], [ 106.632566018000034, 10.835712765000039 ], [ 106.632715924000081, 10.835077449000039 ], [ 106.632801585000038, 10.834677700000043 ], [ 106.632787308000047, 10.834385026000064 ], [ 106.632436053000049, 10.833130546000064 ], [ 106.63277604600006, 10.832958887000075 ], [ 106.633902680000062, 10.832347678000076 ], [ 106.633933723000041, 10.832330802000058 ], [ 106.633962455000074, 10.832315182000059 ], [ 106.635433091000039, 10.831446110000059 ], [ 106.635881100000063, 10.831240600000058 ], [ 106.637009857000066, 10.830569032000028 ], [ 106.63813470100007, 10.82995040000003 ], [ 106.638569620000055, 10.829781128000036 ], [ 106.639979501000084, 10.829417600000056 ], [ 106.640267297000037, 10.829370939000057 ], [ 106.640875300000062, 10.829206800000065 ], [ 106.641471730000035, 10.828928087000065 ], [ 106.64138500100006, 10.828664099000036 ], [ 106.642502601000047, 10.828186800000026 ], [ 106.644333953000057, 10.832593232000022 ], [ 106.645671100000072, 10.835840300000029 ], [ 106.64636136200005, 10.837456211000074 ], [ 106.646456005000061, 10.837024168000028 ], [ 106.646770094000033, 10.836745771000039 ], [ 106.648082350000038, 10.836608407000028 ], [ 106.649161452000044, 10.836681526000064 ], [ 106.652145296000072, 10.836638695000033 ], [ 106.652188127000045, 10.836881400000038 ], [ 106.652388001000077, 10.836838570000054 ], [ 106.652359448000084, 10.836624419000032 ], [ 106.653187500000058, 10.83645309800005 ], [ 106.654615177000039, 10.836153285000023 ], [ 106.654572347000055, 10.836010518000023 ], [ 106.656945859000075, 10.835250280000025 ], [ 106.657134900000074, 10.835150100000021 ], [ 106.659088904000043, 10.833270889000062 ], [ 106.659358632000078, 10.833044520000044 ], [ 106.660679233000053, 10.83251627900006 ], [ 106.661114675000078, 10.832223606000071 ], [ 106.661971281000035, 10.831345584000076 ], [ 106.662149740000075, 10.831302754000035 ], [ 106.662440300000071, 10.831314400000053 ], [ 106.662671, 10.831303799000068 ], [ 106.662864100000036, 10.831261699000038 ], [ 106.662939200000039, 10.831214300000056 ], [ 106.663014300000043, 10.831103600000063 ], [ 106.663212800000053, 10.83089810000007 ], [ 106.663352300000042, 10.830766400000073 ], [ 106.663545400000032, 10.830687400000045 ], [ 106.663912762000052, 10.830596768000021 ], [ 106.664193538000063, 10.830396893000056 ], [ 106.665840125000045, 10.82872651200006 ], [ 106.666135179000037, 10.828421941000045 ], [ 106.666292223000085, 10.828402905000075 ], [ 106.667535775000033, 10.828361662000077 ], [ 106.667990115000066, 10.828294759000073 ], [ 106.668378920000066, 10.828131677000044 ], [ 106.66972340600006, 10.827420188000076 ], [ 106.670372999000051, 10.827098960000058 ], [ 106.670537182000032, 10.827077545000066 ], [ 106.670701364000081, 10.827113237000049 ], [ 106.67274294200007, 10.827812799000071 ], [ 106.672985647000075, 10.827841352000064 ], [ 106.673164106000058, 10.827791384000022 ], [ 106.673349704000088, 10.827662893000024 ], [ 106.673827976000041, 10.826806287000068 ], [ 106.674113511000087, 10.826278046000027 ], [ 106.674277694000068, 10.826149555000029 ], [ 106.674463292000041, 10.826078172000052 ], [ 106.674656029000062, 10.826092448000054 ], [ 106.677140186000088, 10.826956193000058 ], [ 106.677482828000052, 10.827006161000043 ], [ 106.677854024000055, 10.826913362000028 ], [ 106.678573204000088, 10.826138766000042 ], [ 106.678614845000084, 10.825621233000049 ], [ 106.678347156000086, 10.825181033000035 ], [ 106.677841520000072, 10.824836011000059 ], [ 106.67718122000008, 10.824407708000024 ], [ 106.676735071000053, 10.824092429000075 ], [ 106.676401946000055, 10.823991302000024 ], [ 106.675985541000045, 10.823884227000065 ], [ 106.675747595000075, 10.823842586000069 ], [ 106.675354983000034, 10.823604640000042 ], [ 106.67528954800008, 10.823640332000025 ], [ 106.674867194000058, 10.823402386000055 ], [ 106.673945153000034, 10.822706393000033 ], [ 106.67333244200006, 10.822337577000042 ], [ 106.673683412000059, 10.82153450900006 ], [ 106.67360608000007, 10.821469074000049 ], [ 106.673921358000086, 10.820666006000067 ], [ 106.674224739000067, 10.820035448000056 ], [ 106.674284226000054, 10.819696375000035 ], [ 106.674783913000056, 10.818655361000026 ], [ 106.674712529000033, 10.81861372000003 ], [ 106.674861245000045, 10.818316288000062 ], [ 106.674813656000083, 10.818244904000039 ], [ 106.674166899000056, 10.817994400000032 ], [ 106.674261578000085, 10.817870351000067 ], [ 106.674577636000038, 10.817534857000055 ], [ 106.675352492000059, 10.816707693000069 ], [ 106.675642099000072, 10.816424200000029 ], [ 106.675698772000032, 10.816245843000047 ], [ 106.675718250000045, 10.816034211000044 ], [ 106.675722600000086, 10.815597 ], [ 106.675690399000075, 10.815328300000033 ], [ 106.675904650000064, 10.815173014000038 ], [ 106.676064934000067, 10.815109476000032 ], [ 106.676014094000038, 10.814813721000064 ], [ 106.675021859000083, 10.815042149000021 ], [ 106.674764877000086, 10.814792306000072 ], [ 106.674529310000082, 10.814663815000074 ], [ 106.674101008000036, 10.814606708000042 ], [ 106.673357470000042, 10.814545161000069 ], [ 106.672800550000034, 10.81430864500004 ], [ 106.673066138000081, 10.813749264000023 ], [ 106.673449277000088, 10.813414397000031 ], [ 106.675988153000048, 10.811195396000073 ], [ 106.676821163000056, 10.812129609000067 ], [ 106.67853369900007, 10.811121 ], [ 106.678573200000073, 10.811765200000025 ], [ 106.679091924000033, 10.811718666000047 ], [ 106.679762600000061, 10.811658500000021 ], [ 106.680926333000059, 10.811018580000052 ], [ 106.681254698000032, 10.810975750000068 ], [ 106.682005322000066, 10.810892197000044 ], [ 106.682140104000041, 10.810818858000061 ], [ 106.682382232000066, 10.81068711000006 ], [ 106.683002545000079, 10.810288477000029 ], [ 106.683179101000064, 10.81018030000007 ], [ 106.683902014000068, 10.809988409000027 ], [ 106.68396830100005, 10.809957700000041 ], [ 106.684078215000056, 10.810445930000071 ], [ 106.68420113600007, 10.810812418000069 ], [ 106.684444702000064, 10.81101273400003 ], [ 106.685180239000033, 10.811558766000076 ], [ 106.685228041000073, 10.811763635000034 ], [ 106.685247610000033, 10.812123098000029 ], [ 106.685280569000042, 10.812528168000028 ], [ 106.685287795000079, 10.812811881000073 ], [ 106.685193896000044, 10.812989434000031 ], [ 106.685029220000047, 10.813154110000028 ], [ 106.684782451000046, 10.813412830000061 ], [ 106.68474659900005, 10.81349307000005 ], [ 106.684831961000043, 10.813697939000065 ], [ 106.685030410000081, 10.813896768000063 ], [ 106.685180500000058, 10.814014200000031 ], [ 106.685587912000074, 10.814159669000048 ], [ 106.686371, 10.81437980000004 ], [ 106.686876930000039, 10.814519779000022 ], [ 106.687314005000076, 10.814673947000074 ], [ 106.687616741000056, 10.814874964000069 ], [ 106.687784974000067, 10.81504349000005 ], [ 106.688062739000088, 10.815464919000021 ], [ 106.688271701000076, 10.815854100000024 ], [ 106.688452400000074, 10.816260900000032 ], [ 106.68862370100004, 10.816570400000046 ], [ 106.688586500000042, 10.816424200000029 ], [ 106.688597200000061, 10.816018499000052 ], [ 106.688624, 10.815886800000044 ], [ 106.688806401000079, 10.815507400000058 ], [ 106.688960365000071, 10.815358550000042 ], [ 106.68929369500006, 10.815062901000033 ], [ 106.689520790000074, 10.814822144000061 ], [ 106.689529002000086, 10.814978268000061 ], [ 106.689550522000047, 10.815027457000042 ], [ 106.68961200800004, 10.815073571000028 ], [ 106.690435919000038, 10.815476304000072 ], [ 106.690635748000034, 10.815571607000038 ], [ 106.690878617000067, 10.815633093000031 ], [ 106.691300599000044, 10.815705831000059 ], [ 106.691132205000088, 10.816286179000031 ], [ 106.691256756000087, 10.816269472000045 ], [ 106.691342836000047, 10.816284843000062 ], [ 106.691435065000064, 10.816324809000037 ], [ 106.691539591000037, 10.816417038000054 ], [ 106.69148117900005, 10.816457004000029 ], [ 106.691445700000088, 10.81651910000005 ], [ 106.691435065000064, 10.816598421000037 ], [ 106.691477900000052, 10.816824700000041 ], [ 106.691637202000038, 10.816852996000023 ], [ 106.69192464200006, 10.816917764000038 ], [ 106.692207445000065, 10.81701623500004 ], [ 106.692124485000079, 10.817633858000022 ], [ 106.693286121000085, 10.817862277000074 ], [ 106.693013226000062, 10.818135630000029 ], [ 106.692892982000046, 10.818263621000028 ], [ 106.692745839000054, 10.818350002000045 ], [ 106.692758780000077, 10.818387829000073 ], [ 106.692760208000038, 10.818419237000057 ], [ 106.692680258000053, 10.818646238000042 ], [ 106.692684541000062, 10.818729043000076 ], [ 106.692779555000072, 10.818821209000021 ], [ 106.692943792000051, 10.818970239000066 ], [ 106.692930207000074, 10.819106661000035 ], [ 106.692858028000046, 10.819458403000056 ], [ 106.693484040000044, 10.819629907000035 ], [ 106.694372557000065, 10.819906354000068 ], [ 106.69432640000008, 10.820038800000077 ], [ 106.694107701000064, 10.82049980000005 ], [ 106.693634900000063, 10.821545800000024 ], [ 106.693474164000065, 10.82206366500003 ], [ 106.698714049000046, 10.82334583100004 ], [ 106.698711546000084, 10.82338317500006 ], [ 106.69859990100008, 10.824132462000023 ], [ 106.698913990000051, 10.825103282000043 ], [ 106.699156695000056, 10.825717183000052 ], [ 106.699841980000087, 10.826373914000044 ], [ 106.700641479000069, 10.826787940000031 ], [ 106.700984121000033, 10.826930708000077 ], [ 106.701084058000049, 10.827187690000073 ], [ 106.700712863000035, 10.828315554000028 ], [ 106.70031311300005, 10.828444045000026 ], [ 106.699742042000082, 10.82852970600004 ], [ 106.699584998000034, 10.828643920000047 ], [ 106.699584998000034, 10.828815241000029 ], [ 106.69968493500005, 10.829115053000066 ], [ 106.699956194000038, 10.829600463000077 ], [ 106.70001330100007, 10.830014489000064 ], [ 106.699813426000048, 10.830357132000074 ], [ 106.699356570000077, 10.830457069000033 ], [ 106.698485687000073, 10.830442792000042 ], [ 106.697843233000071, 10.830485622000026 ], [ 106.697015180000051, 10.830656944000054 ], [ 106.696272788000044, 10.830699774000038 ], [ 106.695630334000043, 10.830785435000053 ], [ 106.695181104000085, 10.831155705000072 ] ] ] ] } },
{ "type": "Feature", "properties": { "shape2": "Hoc Mon", "shapeiso": "", "shapeid": "81297802B64363050509880", "shapegroup": "VNM", "shapetype": "ADM2", "shape1": "Ho Chi Minh", "shape0": "vietnam" }, "geometry": { "type": "MultiPolygon", "coordinates": [ [ [ [ 106.593563302000064, 10.827503886000045 ], [ 106.597523315000046, 10.827071494000052 ], [ 106.597856440000044, 10.827012007000064 ], [ 106.599510165000083, 10.826417142000025 ], [ 106.600426258000084, 10.82615540200004 ], [ 106.601782550000053, 10.82615540200004 ], [ 106.603245724000033, 10.826166354000065 ], [ 106.603253721000044, 10.82619532800004 ], [ 106.603367429000059, 10.826675610000052 ], [ 106.603821956000047, 10.828594750000036 ], [ 106.604302627000038, 10.829757493000045 ], [ 106.604873698000063, 10.830823492000036 ], [ 106.607005695000055, 10.834392683000033 ], [ 106.608128800000088, 10.836096377000047 ], [ 106.608899746000077, 10.836924430000067 ], [ 106.610593922000078, 10.838466321000055 ], [ 106.615338721000057, 10.842483583000046 ], [ 106.614913521000062, 10.843354777000059 ], [ 106.611422852000032, 10.848787086000073 ], [ 106.607632371000079, 10.854719083000077 ], [ 106.607262792000085, 10.855317675000038 ], [ 106.607701315000043, 10.856005119000031 ], [ 106.609207895000054, 10.858366888000035 ], [ 106.61130048800004, 10.861485748000064 ], [ 106.612025955000036, 10.86254690100003 ], [ 106.613008781000076, 10.863892715000077 ], [ 106.613736700000061, 10.864916723000022 ], [ 106.614407052000047, 10.865808417000039 ], [ 106.615517568000087, 10.867323807000048 ], [ 106.615447587000062, 10.86757022300003 ], [ 106.615362752000067, 10.868039310000029 ], [ 106.615287142000057, 10.868577198000025 ], [ 106.615193082000076, 10.869376708000061 ], [ 106.615139296000052, 10.869722473000024 ], [ 106.615089701000045, 10.869965568000055 ], [ 106.615028402000064, 10.870140223000021 ], [ 106.614935165000077, 10.870321386000057 ], [ 106.61508658200006, 10.870413714000051 ], [ 106.615237999000044, 10.870472803000041 ], [ 106.61571398600006, 10.870559618000073 ], [ 106.617523550000044, 10.870879474000049 ], [ 106.618564700000036, 10.87107050000003 ], [ 106.619423481000069, 10.871202910000022 ], [ 106.62013614600005, 10.871981694000056 ], [ 106.621321609000063, 10.873277135000023 ], [ 106.621530990000053, 10.873484465000047 ], [ 106.62482065100005, 10.877155744000049 ], [ 106.624955862000036, 10.877306640000029 ], [ 106.625785200000053, 10.878224500000044 ], [ 106.626462669000034, 10.879113678000067 ], [ 106.62667040000008, 10.879399300000046 ], [ 106.627937959000064, 10.881288834000031 ], [ 106.626321115000053, 10.882320331000074 ], [ 106.62530270600007, 10.883053205000067 ], [ 106.625293188000057, 10.883348258000069 ], [ 106.625378849000072, 10.883586204000039 ], [ 106.626866568000082, 10.884573446000047 ], [ 106.627444221000076, 10.884956773000056 ], [ 106.628595880000034, 10.885822897000025 ], [ 106.629166951000059, 10.886403486000063 ], [ 106.630775466000046, 10.890134481000075 ], [ 106.631241841000076, 10.891171926000027 ], [ 106.631432197000038, 10.891457461000073 ], [ 106.631670143000065, 10.891657336000037 ], [ 106.631917607000048, 10.891790585000024 ], [ 106.633135891000052, 10.891828657000076 ], [ 106.638618170000086, 10.891828657000076 ], [ 106.639655615000038, 10.891847692000056 ], [ 106.640264757000068, 10.891952389000039 ], [ 106.641435451000063, 10.892152263000071 ], [ 106.642358682000065, 10.892304549000073 ], [ 106.642682289000049, 10.892447317000062 ], [ 106.642834575000052, 10.893218262000062 ], [ 106.642948789000059, 10.893579940000052 ], [ 106.643262878000087, 10.893913065000049 ], [ 106.643643591000057, 10.893960654000068 ], [ 106.644424054000069, 10.893989207000061 ], [ 106.644738143000041, 10.894141493000063 ], [ 106.645261625000046, 10.894179564000069 ], [ 106.645880285000032, 10.894179564000069 ], [ 106.646394248000036, 10.894360403000064 ], [ 106.646660748000045, 10.894598349000034 ], [ 106.646884439000075, 10.894751401000065 ], [ 106.647022426000035, 10.894845813000074 ], [ 106.647622050000052, 10.894931474000032 ], [ 106.648221674000069, 10.894912438000063 ], [ 106.648688049000043, 10.895112313000027 ], [ 106.649259119000078, 10.895302670000035 ], [ 106.649630315000081, 10.895340741000041 ], [ 106.650429814000063, 10.895159902000046 ], [ 106.651191242000039, 10.89488388500007 ], [ 106.652133508000077, 10.894798224000056 ], [ 106.652533258000062, 10.894510508000053 ], [ 106.652533258000062, 10.893730044000051 ], [ 106.652419043000066, 10.893158974000073 ], [ 106.65274265000005, 10.892740189000051 ], [ 106.653349631000083, 10.891964668000071 ], [ 106.653832105000049, 10.892111928000077 ], [ 106.654493933000083, 10.892112011000052 ], [ 106.655826432000083, 10.892054904000076 ], [ 106.657082787000036, 10.892378511000061 ], [ 106.658129750000057, 10.892511760000048 ], [ 106.660147533000043, 10.892606939000075 ], [ 106.661327745000051, 10.892778260000057 ], [ 106.662603137000076, 10.893044760000066 ], [ 106.663421671000037, 10.892949581000039 ], [ 106.664716098000042, 10.892606939000075 ], [ 106.665268133000041, 10.892245261000028 ], [ 106.666257989000087, 10.891940690000069 ], [ 106.667647594000073, 10.891636119000054 ], [ 106.668466128000034, 10.891160227000057 ], [ 106.669075271000054, 10.890874691000022 ], [ 106.669468211000037, 10.892555425000069 ], [ 106.669538746000057, 10.893180426000072 ], [ 106.669789675000061, 10.894234322000045 ], [ 106.670203420000064, 10.895702657000072 ], [ 106.670540806000076, 10.896948513000041 ], [ 106.670635626000035, 10.897801968000067 ], [ 106.670552947000033, 10.899124501000074 ], [ 106.670711114000085, 10.901124344000038 ], [ 106.670741165000038, 10.901116407000075 ], [ 106.670955399000036, 10.901107375000038 ], [ 106.670980888000088, 10.90110633200004 ], [ 106.671353908000071, 10.901113065000061 ], [ 106.671994700000084, 10.901337524000041 ], [ 106.67258219200005, 10.901579988000037 ], [ 106.673035803000062, 10.901673953000056 ], [ 106.673702264000042, 10.901740545000052 ], [ 106.674226947000079, 10.901851745000045 ], [ 106.675045513000043, 10.90210152800006 ], [ 106.676175417000081, 10.902454996000074 ], [ 106.677483955000071, 10.902974153000059 ], [ 106.678818755000066, 10.903414072000032 ], [ 106.679210168000054, 10.903525994000063 ], [ 106.679414591000068, 10.903542409000067 ], [ 106.679618790000063, 10.903532522000035 ], [ 106.679689101000065, 10.90340053400007 ], [ 106.680118586000049, 10.902380704000052 ], [ 106.680319092000047, 10.901713007000069 ], [ 106.680905685000084, 10.900209833000076 ], [ 106.68175745800005, 10.898459463000052 ], [ 106.684237942000038, 10.899187509000058 ], [ 106.685826232000068, 10.899841861000027 ], [ 106.686208366000074, 10.900139034000063 ], [ 106.688081838000073, 10.90112640600006 ], [ 106.68868262400008, 10.901695984000071 ], [ 106.689967533000072, 10.902933304000044 ], [ 106.690919317000066, 10.903528169000026 ], [ 106.692857586000059, 10.904236156000024 ], [ 106.691746582000064, 10.907148369000026 ], [ 106.690163589000065, 10.911178272000029 ], [ 106.688475766000067, 10.914803281000047 ], [ 106.687294142000042, 10.917310407000059 ], [ 106.686008891000085, 10.919649080000056 ], [ 106.684890424000059, 10.921243501000049 ], [ 106.683836401000065, 10.92216165800005 ], [ 106.682747250000034, 10.922911076000048 ], [ 106.68152103400007, 10.923593635000032 ], [ 106.680771095000068, 10.923901906000026 ], [ 106.68032689100005, 10.923904347000075 ], [ 106.679506709000066, 10.92387504800007 ], [ 106.678412148000064, 10.923678412000072 ], [ 106.676495394000085, 10.923080627000047 ], [ 106.671462990000066, 10.921384956000054 ], [ 106.669820935000075, 10.921022165000068 ], [ 106.668966702000034, 10.921026918000052 ], [ 106.666680146000033, 10.92151246800006 ], [ 106.663201484000069, 10.922680307000064 ], [ 106.658942967000087, 10.924933820000035 ], [ 106.657444253000051, 10.925786794000032 ], [ 106.656790823000051, 10.925196854000035 ], [ 106.656442718000051, 10.924778170000025 ], [ 106.656281944000057, 10.924555694000048 ], [ 106.65617368900007, 10.924227634000033 ], [ 106.656209293000074, 10.923452102000056 ], [ 106.656152262000035, 10.922757515000058 ], [ 106.656057721000082, 10.92250819800006 ], [ 106.655762650000042, 10.922062561000075 ], [ 106.655213145000062, 10.921289653000031 ], [ 106.653901791000067, 10.919836814000064 ], [ 106.653727889000038, 10.919653726000035 ], [ 106.653567700000053, 10.919536185000027 ], [ 106.653394672000047, 10.919510817000059 ], [ 106.65311528400008, 10.919499221000024 ], [ 106.652557461000072, 10.919620552000026 ], [ 106.65200036400006, 10.919873481000025 ], [ 106.651535469000066, 10.919994398000028 ], [ 106.651189851000083, 10.919996264000076 ], [ 106.65091024600008, 10.919945077000023 ], [ 106.648500822000074, 10.919524210000077 ], [ 106.647649681000075, 10.919515689000036 ], [ 106.647052168000073, 10.919676633000051 ], [ 106.64660047600006, 10.919771169000057 ], [ 106.646121870000059, 10.919800047000024 ], [ 106.645629629000041, 10.919750090000036 ], [ 106.645203041000059, 10.919568264000077 ], [ 106.644278496000084, 10.918764409000062 ], [ 106.643519348000041, 10.91810435900004 ], [ 106.643012310000074, 10.917804646000036 ], [ 106.641706443000032, 10.917338115000064 ], [ 106.640331562000085, 10.916741114000047 ], [ 106.639133689000062, 10.916220975000044 ], [ 106.638680843000088, 10.916104993000033 ], [ 106.637975460000064, 10.916003558000057 ], [ 106.637297354000054, 10.916007277000062 ], [ 106.635196061000045, 10.915992209000024 ], [ 106.632895978000079, 10.916096505000041 ], [ 106.630794968000032, 10.916134101000068 ], [ 106.629437592000045, 10.915970408000021 ], [ 106.62858523400007, 10.915738218000058 ], [ 106.62726719300008, 10.915455896000026 ], [ 106.625323926000078, 10.915163783000025 ], [ 106.623579671000073, 10.914778496000054 ], [ 106.62215463800004, 10.914378400000032 ], [ 106.611475505000044, 10.915874977000044 ], [ 106.608583856000052, 10.916302545000065 ], [ 106.608339499000067, 10.916338719000066 ], [ 106.605424181000046, 10.91671576300007 ], [ 106.602499710000075, 10.917230674000052 ], [ 106.600834881000083, 10.917492749000075 ], [ 106.600389303000043, 10.917521744000055 ], [ 106.600446827000042, 10.919304643000032 ], [ 106.600501368000039, 10.920192343000053 ], [ 106.601179476000084, 10.923087882000061 ], [ 106.590376551000077, 10.92643322400005 ], [ 106.586079205000033, 10.927950323000061 ], [ 106.58360317000006, 10.928846178000072 ], [ 106.584326287000067, 10.927196055000024 ], [ 106.584712950000039, 10.925857608000058 ], [ 106.585783707000076, 10.919462807000059 ], [ 106.576227093000057, 10.919729301000075 ], [ 106.57407849100008, 10.919670311000061 ], [ 106.573007547000088, 10.919640748000063 ], [ 106.569893389000072, 10.919367313000066 ], [ 106.565182607000054, 10.918996893000042 ], [ 106.56453580200008, 10.918846898000027 ], [ 106.563943433000077, 10.918576223000059 ], [ 106.563392754000063, 10.918199757000025 ], [ 106.563163476000057, 10.918043026000021 ], [ 106.562921568000036, 10.917877661000034 ], [ 106.562484221000034, 10.917578713000069 ], [ 106.56171401000006, 10.917067778000046 ], [ 106.561564181000051, 10.917035730000066 ], [ 106.561474238000073, 10.917016394000029 ], [ 106.560063851000052, 10.91694467700006 ], [ 106.555274114000042, 10.91673232200003 ], [ 106.551206581000088, 10.916534401000035 ], [ 106.549580663000086, 10.916416542000036 ], [ 106.54849196400005, 10.916337627000075 ], [ 106.543564523000043, 10.916002490000039 ], [ 106.540396116000068, 10.915868584000066 ], [ 106.540194475000078, 10.915867430000048 ], [ 106.54012010200006, 10.915868618000047 ], [ 106.538854373000049, 10.915763170000048 ], [ 106.538269093000054, 10.915766203000032 ], [ 106.53749795400006, 10.915800901000068 ], [ 106.537125640000056, 10.915850860000035 ], [ 106.536961249000058, 10.915876543000024 ], [ 106.536274984000045, 10.915986651000026 ], [ 106.534333840000045, 10.916180608000047 ], [ 106.534164382000085, 10.916218428000036 ], [ 106.532844123000075, 10.916512490000059 ], [ 106.531786093000051, 10.916648766000037 ], [ 106.530137611000043, 10.916898631000038 ], [ 106.528375207000067, 10.917102143000022 ], [ 106.528170093000085, 10.917130556000075 ], [ 106.523985079000056, 10.917644246000066 ], [ 106.52083164000004, 10.918042386000025 ], [ 106.519461100000058, 10.918215426000074 ], [ 106.518834279000032, 10.91829953000007 ], [ 106.518753166000067, 10.918310418000033 ], [ 106.516398910000078, 10.918626356000061 ], [ 106.514474340000049, 10.918884649000063 ], [ 106.50785404800007, 10.919733053000073 ], [ 106.507663138000055, 10.919751982000037 ], [ 106.502037629000085, 10.920311255000058 ], [ 106.500436974000081, 10.920379130000072 ], [ 106.497608498000034, 10.920610928000031 ], [ 106.49624153600007, 10.920722925000064 ], [ 106.500437003000059, 10.918506904000026 ], [ 106.503672853000069, 10.916814316000057 ], [ 106.503916848000074, 10.916686567000056 ], [ 106.505308518000049, 10.915958658000022 ], [ 106.511041143000057, 10.912984865000055 ], [ 106.515977512000063, 10.91041210700007 ], [ 106.519082910000066, 10.908870347000061 ], [ 106.519589058000065, 10.908601268000041 ], [ 106.525027302000069, 10.905709067000032 ], [ 106.528179670000043, 10.904020827000068 ], [ 106.530334512000081, 10.902866700000061 ], [ 106.533226746000082, 10.901299575000053 ], [ 106.532234886000083, 10.897743989000048 ], [ 106.532123114000058, 10.89733443800003 ], [ 106.53206115100005, 10.897121151000022 ], [ 106.530547134000074, 10.892444497000042 ], [ 106.528760435000038, 10.886453436000068 ], [ 106.527620597000066, 10.882090627000025 ], [ 106.526424816000088, 10.877175427000054 ], [ 106.525656181000045, 10.873782747000064 ], [ 106.534744913000054, 10.871772861000068 ], [ 106.551222942000038, 10.869411304000039 ], [ 106.545225587000061, 10.844769127000063 ], [ 106.553251707000072, 10.843354237000028 ], [ 106.553652085000067, 10.843382681000037 ], [ 106.554151037000054, 10.843485288000068 ], [ 106.554898098000081, 10.843410741000071 ], [ 106.555549775000088, 10.843295998000031 ], [ 106.556336434000059, 10.843295910000052 ], [ 106.55669849800006, 10.843382212000051 ], [ 106.556835858000056, 10.843591859000071 ], [ 106.556973231000086, 10.843628767000041 ], [ 106.557135450000033, 10.843628761000048 ], [ 106.557260356000086, 10.843530054000041 ], [ 106.557372678000036, 10.843419028000028 ], [ 106.55763479400008, 10.843209441000056 ], [ 106.557778294000059, 10.843250114000057 ], [ 106.558805751000079, 10.843773706000036 ], [ 106.559512377000033, 10.844046545000026 ], [ 106.561097962000076, 10.844433342000059 ], [ 106.562350140000035, 10.844690210000067 ], [ 106.562584801000071, 10.843754465000075 ], [ 106.562766836000037, 10.842937398000061 ], [ 106.56291178500004, 10.842647140000054 ], [ 106.563043788000073, 10.842448965000074 ], [ 106.56314814600006, 10.842053516000021 ], [ 106.563212684000064, 10.84165826900005 ], [ 106.563304111000036, 10.841328781000072 ], [ 106.56402378100006, 10.84094387500005 ], [ 106.565142128000048, 10.840920081000036 ], [ 106.56628426900005, 10.841134232000059 ], [ 106.567283643000053, 10.841776687000049 ], [ 106.56913962200008, 10.842871239000033 ], [ 106.575925100000063, 10.842475256000057 ], [ 106.575960996000049, 10.841711632000056 ], [ 106.576036586000043, 10.840895108000041 ], [ 106.576323408000064, 10.839761587000055 ], [ 106.576572743000042, 10.83910217600004 ], [ 106.577021830000035, 10.83846804600006 ], [ 106.577856181000072, 10.837700245000065 ], [ 106.578125248000049, 10.837310278000075 ], [ 106.57904859000007, 10.835564311000041 ], [ 106.579400203000034, 10.835257121000041 ], [ 106.580607137000072, 10.834380529000043 ], [ 106.580827237000051, 10.834190172000035 ], [ 106.581136567000044, 10.833749972000021 ], [ 106.581749278000075, 10.832994493000058 ], [ 106.582028865000041, 10.832798187000037 ], [ 106.582626101000074, 10.832695810000075 ], [ 106.583289979000085, 10.83259593300005 ], [ 106.584015715000078, 10.832536446000063 ], [ 106.584384532000058, 10.832584036000071 ], [ 106.584848526000087, 10.832697060000044 ], [ 106.58518760000004, 10.832732752000027 ], [ 106.585705132000044, 10.833083722000026 ], [ 106.585978770000054, 10.833178901000053 ], [ 106.587341012000081, 10.83286957100006 ], [ 106.588976891000073, 10.832459114000073 ], [ 106.590351030000079, 10.832072452000034 ], [ 106.590945895000061, 10.83184045400003 ], [ 106.591350404000082, 10.831477586000062 ], [ 106.592397366000057, 10.830329496000047 ], [ 106.592855413000052, 10.829550223000069 ], [ 106.593027924000069, 10.829389609000032 ], [ 106.593218281000077, 10.829389609000032 ], [ 106.59373581300008, 10.82957996600004 ], [ 106.594354473000067, 10.829788169000039 ], [ 106.595060173000036, 10.829778494000038 ], [ 106.593563302000064, 10.827503886000045 ] ] ] ] } },
{ "type": "Feature", "properties": { "shape2": "Quan 11", "shapeiso": "", "shapeid": "81297802B37641712637141", "shapegroup": "VNM", "shapetype": "ADM2", "shape1": "Ho Chi Minh", "shape0": "vietnam" }, "geometry": { "type": "MultiPolygon", "coordinates": [ [ [ [ 106.655952154000033, 10.778258654000069 ], [ 106.65590648400007, 10.778419746000054 ], [ 106.65555429300008, 10.778093690000048 ], [ 106.654122796000081, 10.776615033000041 ], [ 106.653396680000071, 10.775864995000063 ], [ 106.653351271000076, 10.775810372000024 ], [ 106.653272945000083, 10.775626363000072 ], [ 106.65319640000007, 10.775430100000051 ], [ 106.653096895000033, 10.774289357000043 ], [ 106.653057610000076, 10.773838985000054 ], [ 106.652841762000037, 10.772216694000065 ], [ 106.652718826000068, 10.771185621000029 ], [ 106.652696735000063, 10.771000341000047 ], [ 106.652520993000053, 10.769533029000058 ], [ 106.652479300000039, 10.768979700000045 ], [ 106.65196224400006, 10.769032405000075 ], [ 106.651667575000033, 10.769412041000066 ], [ 106.65096298900005, 10.770366252000031 ], [ 106.650150991000032, 10.771578016000035 ], [ 106.649478584000065, 10.772591799000054 ], [ 106.648857005000082, 10.773527495000053 ], [ 106.64818895600007, 10.774533957000074 ], [ 106.648018500000035, 10.774772645000041 ], [ 106.647693718000085, 10.775227436000023 ], [ 106.646972202000086, 10.775236659000029 ], [ 106.646501998000076, 10.775182580000035 ], [ 106.646226082000055, 10.775236659000029 ], [ 106.645577282000033, 10.775240263000057 ], [ 106.644964526000081, 10.775186197000039 ], [ 106.644883864000064, 10.775172753000049 ], [ 106.644516053000075, 10.775103799000021 ], [ 106.64435897900006, 10.77504562300004 ], [ 106.644137970000088, 10.774866117000045 ], [ 106.643856500000084, 10.774623200000065 ], [ 106.643745408000086, 10.774421222000058 ], [ 106.643626782000069, 10.77407008800003 ], [ 106.643042600000058, 10.773472600000048 ], [ 106.642279451000036, 10.772388344000035 ], [ 106.642097732000082, 10.772130164000032 ], [ 106.641776210000046, 10.772361867000029 ], [ 106.641748989000064, 10.772430490000033 ], [ 106.641624368000066, 10.772542180000073 ], [ 106.641355127000054, 10.772373043000073 ], [ 106.641058177000048, 10.772114587000033 ], [ 106.640961944000082, 10.771990858000038 ], [ 106.640819169000054, 10.771949534000044 ], [ 106.640697136000085, 10.771855373000051 ], [ 106.640097057000048, 10.77118529300003 ], [ 106.639650112000083, 10.770773886000029 ], [ 106.639229740000076, 10.770423626000024 ], [ 106.638908506000064, 10.770204556000067 ], [ 106.638495377000083, 10.769905788000074 ], [ 106.638047443000062, 10.769554775000074 ], [ 106.637706501000082, 10.769384304000027 ], [ 106.637595401000056, 10.769010500000036 ], [ 106.636318623000079, 10.769452733000037 ], [ 106.636116082000058, 10.769522886000061 ], [ 106.635570911000059, 10.769567429000062 ], [ 106.635629938000079, 10.768482539000047 ], [ 106.635665630000062, 10.76680501900006 ], [ 106.635608523000087, 10.765284543000064 ], [ 106.635615661000088, 10.764013911000063 ], [ 106.635658492000061, 10.76271472600007 ], [ 106.635587108000038, 10.762336391000076 ], [ 106.635408648000066, 10.761515477000046 ], [ 106.635123113000077, 10.760130631000038 ], [ 106.634994622000079, 10.759766573000036 ], [ 106.634183666000069, 10.759061216000077 ], [ 106.634162759000048, 10.759019787000057 ], [ 106.634755878000078, 10.75839301700006 ], [ 106.635370489000081, 10.757786218000035 ], [ 106.635453031000054, 10.757661064000047 ], [ 106.635751989000084, 10.757223901000032 ], [ 106.63584366300006, 10.75709691000003 ], [ 106.636019980000071, 10.756852668000022 ], [ 106.636250487000041, 10.756609565000076 ], [ 106.636689835000084, 10.756149171000061 ], [ 106.637449896000078, 10.75537466000003 ], [ 106.637562270000046, 10.754776896000067 ], [ 106.637548805000051, 10.75466315500006 ], [ 106.638538661000041, 10.754644119000034 ], [ 106.641853220000087, 10.754351535000069 ], [ 106.642967230000068, 10.754358454000055 ], [ 106.642992190000086, 10.754346238000039 ], [ 106.643223285000033, 10.754233132000024 ], [ 106.646918696000057, 10.75382438500003 ], [ 106.649762845000055, 10.753503627000043 ], [ 106.650750956000081, 10.753392190000056 ], [ 106.651000400000044, 10.755209400000069 ], [ 106.651002604000041, 10.755254218000061 ], [ 106.651128700000072, 10.756326500000057 ], [ 106.651870512000073, 10.756469989000038 ], [ 106.652833700000087, 10.756656300000031 ], [ 106.653181300000085, 10.756740300000047 ], [ 106.653656674000047, 10.756831125000076 ], [ 106.654535287000044, 10.757004598000037 ], [ 106.656012323000084, 10.757311220000076 ], [ 106.657693910000035, 10.757657111000071 ], [ 106.658276700000044, 10.757772800000055 ], [ 106.659531300000083, 10.758041300000059 ], [ 106.661534600000039, 10.758463800000072 ], [ 106.66080044000006, 10.761085973000036 ], [ 106.66024630000004, 10.76294850000005 ], [ 106.660012671000061, 10.763845681000021 ], [ 106.659554931000059, 10.765448774000049 ], [ 106.658855556000049, 10.768010595000021 ], [ 106.658587800000078, 10.769012299000053 ], [ 106.658286300000043, 10.770039100000076 ], [ 106.658158276000052, 10.770362590000047 ], [ 106.65746148900007, 10.772807337000074 ], [ 106.656469216000062, 10.776467785000023 ], [ 106.655952154000033, 10.778258654000069 ] ] ] ] } },
{ "type": "Feature", "properties": { "shape2": "Quan 4", "shapeiso": "", "shapeid": "81297802B29563104023098", "shapegroup": "VNM", "shapetype": "ADM2", "shape1": "Ho Chi Minh", "shape0": "vietnam" }, "geometry": { "type": "MultiPolygon", "coordinates": [ [ [ [ 106.687088797000058, 10.753550838000024 ], [ 106.687020723000046, 10.753486305000024 ], [ 106.686825418000069, 10.75323338000004 ], [ 106.686798993000082, 10.753199177000056 ], [ 106.686715541000069, 10.753091257000051 ], [ 106.686470103000033, 10.752539696000042 ], [ 106.686371553000072, 10.752251718000025 ], [ 106.686405820000061, 10.75181107800006 ], [ 106.687074984000049, 10.751895840000032 ], [ 106.687295321000079, 10.751918956000054 ], [ 106.687989856000058, 10.751991624000027 ], [ 106.68840560600006, 10.752035123000041 ], [ 106.690068045000032, 10.752275183000052 ], [ 106.692459589000066, 10.752587003000031 ], [ 106.695633031000057, 10.752569598000036 ], [ 106.695719875000066, 10.752569122000068 ], [ 106.696227221000072, 10.752566350000052 ], [ 106.701509273000056, 10.752525243000036 ], [ 106.702161282000077, 10.752521578000028 ], [ 106.705127747000063, 10.752505299000063 ], [ 106.705239646000052, 10.752504685000076 ], [ 106.706129721000082, 10.752499794000073 ], [ 106.709902015000068, 10.752512701000057 ], [ 106.71041415500008, 10.75251445300006 ], [ 106.710525585000084, 10.752515556000048 ], [ 106.714186122000058, 10.75255409500005 ], [ 106.714249342000073, 10.752554761000056 ], [ 106.71428017900007, 10.752555314000062 ], [ 106.714721158000089, 10.75256218800007 ], [ 106.716102366000086, 10.752661934000059 ], [ 106.716738745000043, 10.752707946000044 ], [ 106.717234015000088, 10.752743621000036 ], [ 106.718269956000086, 10.75303100800005 ], [ 106.718912551000074, 10.753442589000031 ], [ 106.719853011000055, 10.754267838000032 ], [ 106.720660016000068, 10.755447863000029 ], [ 106.720900837000045, 10.755918789000077 ], [ 106.720962683000039, 10.756039768000051 ], [ 106.721100112000045, 10.756308599000022 ], [ 106.721110328000066, 10.756328698000061 ], [ 106.721431959000085, 10.756957892000059 ], [ 106.722355766000078, 10.759175332000041 ], [ 106.720448972000042, 10.759789412000032 ], [ 106.720069319000061, 10.759963339000024 ], [ 106.714457937000077, 10.762507200000073 ], [ 106.714086764000058, 10.762675470000033 ], [ 106.713475103000064, 10.76303189500004 ], [ 106.712518010000053, 10.763589617000036 ], [ 106.71064192700004, 10.76497988400007 ], [ 106.709833829000047, 10.765864605000047 ], [ 106.709444902000087, 10.76669621700006 ], [ 106.708452505000082, 10.769754729000056 ], [ 106.705437584000038, 10.768618100000026 ], [ 106.703089056000067, 10.767447405000041 ], [ 106.702132513000038, 10.766398063000054 ], [ 106.701200071000073, 10.765451937000023 ], [ 106.700452422000069, 10.764861118000056 ], [ 106.699952113000052, 10.764508825000064 ], [ 106.699879158000044, 10.764457422000021 ], [ 106.699673726000071, 10.764312678000067 ], [ 106.698578756000074, 10.763573805000021 ], [ 106.697994428000072, 10.763120556000047 ], [ 106.69731100100006, 10.762283436000075 ], [ 106.696959409000044, 10.761844004000068 ], [ 106.696334656000033, 10.761063322000041 ], [ 106.695456326000055, 10.760059053000077 ], [ 106.694929384000034, 10.759646969000073 ], [ 106.694713807000085, 10.759478311000066 ], [ 106.693668279000065, 10.758907176000037 ], [ 106.692717154000036, 10.758353636000038 ], [ 106.692523992000076, 10.758241218000023 ], [ 106.69199031100004, 10.757930668000029 ], [ 106.691406537000034, 10.757573209000043 ], [ 106.69011484300006, 10.756306161000055 ], [ 106.689213624000047, 10.755517746000066 ], [ 106.687751851000087, 10.754179392000026 ], [ 106.687088797000058, 10.753550838000024 ] ] ] ] } },
{ "type": "Feature", "properties": { "shape2": "Quan 5", "shapeiso": "", "shapeid": "81297802B17569327634169", "shapegroup": "VNM", "shapetype": "ADM2", "shape1": "Ho Chi Minh", "shape0": "vietnam" }, "geometry": { "type": "MultiPolygon", "coordinates": [ [ [ [ 106.681701282000063, 10.76543754000005 ], [ 106.681384800000046, 10.765389214000038 ], [ 106.677331167000034, 10.762791726000046 ], [ 106.676422595000076, 10.762179422000031 ], [ 106.675029424000058, 10.761266080000041 ], [ 106.674642984000059, 10.761058686000069 ], [ 106.673124672000085, 10.760749073000056 ], [ 106.668875178000064, 10.759882521000065 ], [ 106.668731667000088, 10.759837851000043 ], [ 106.665567965000037, 10.759263082000075 ], [ 106.662754299000085, 10.758708400000046 ], [ 106.661534600000039, 10.758463800000072 ], [ 106.659531300000083, 10.758041300000059 ], [ 106.658276700000044, 10.757772800000055 ], [ 106.657693910000035, 10.757657111000071 ], [ 106.656012323000084, 10.757311220000076 ], [ 106.654535287000044, 10.757004598000037 ], [ 106.653656674000047, 10.756831125000076 ], [ 106.653181300000085, 10.756740300000047 ], [ 106.652833700000087, 10.756656300000031 ], [ 106.651870512000073, 10.756469989000038 ], [ 106.651128700000072, 10.756326500000057 ], [ 106.651002604000041, 10.755254218000061 ], [ 106.651000400000044, 10.755209400000069 ], [ 106.650750956000081, 10.753392190000056 ], [ 106.650753730000076, 10.753311293000024 ], [ 106.650628276000077, 10.752307876000032 ], [ 106.650531500000056, 10.751456900000051 ], [ 106.651795076000042, 10.751460721000058 ], [ 106.652588282000067, 10.751566482000044 ], [ 106.653287601000045, 10.751639700000055 ], [ 106.653320215000065, 10.751109897000049 ], [ 106.653324010000063, 10.751048252000032 ], [ 106.653365303000044, 10.750470970000038 ], [ 106.653532486000074, 10.749726854000073 ], [ 106.653649270000074, 10.749332538000033 ], [ 106.653741851000063, 10.748932770000067 ], [ 106.653784457000086, 10.748744764000037 ], [ 106.653821502000085, 10.748581295000065 ], [ 106.654288135000058, 10.747453692000022 ], [ 106.654699119000043, 10.746673673000032 ], [ 106.654890249000061, 10.746241932000032 ], [ 106.655664331000082, 10.746684233000053 ], [ 106.656961838000086, 10.747306776000073 ], [ 106.657215958000052, 10.747428709000076 ], [ 106.65934190300004, 10.748168682000028 ], [ 106.66053409500006, 10.748583645000053 ], [ 106.660788101000037, 10.748672056000032 ], [ 106.663572071000033, 10.749641687000064 ], [ 106.664922415000035, 10.750141373000076 ], [ 106.665755226000044, 10.75027224400003 ], [ 106.667008105000036, 10.750161415000036 ], [ 106.667730290000065, 10.75000387800003 ], [ 106.670193193000046, 10.749545033000061 ], [ 106.670545015000073, 10.749487461000058 ], [ 106.671275699000034, 10.749368195000045 ], [ 106.672738275000086, 10.748883980000073 ], [ 106.673519653000085, 10.748716441000056 ], [ 106.67491853000007, 10.748692520000077 ], [ 106.675494513000046, 10.748792742000035 ], [ 106.676060672000062, 10.74917793000003 ], [ 106.676469939000071, 10.749768036000034 ], [ 106.676850653000088, 10.751071981000052 ], [ 106.677174259000083, 10.751443176000066 ], [ 106.677441894000083, 10.751557169000023 ], [ 106.677688223000075, 10.751662087000057 ], [ 106.678478204000044, 10.751681123000026 ], [ 106.679049275000068, 10.751652569000044 ], [ 106.680534058000035, 10.751966658000072 ], [ 106.681247897000048, 10.751976176000028 ], [ 106.681895110000085, 10.751814372000069 ], [ 106.683417860000077, 10.751345834000062 ], [ 106.683627358000081, 10.75128137300004 ], [ 106.684799216000044, 10.751200327000049 ], [ 106.68542196900006, 10.751343065000071 ], [ 106.686335659000065, 10.751802149000071 ], [ 106.686405820000061, 10.75181107800006 ], [ 106.686371553000072, 10.752251718000025 ], [ 106.686470103000033, 10.752539696000042 ], [ 106.686715541000069, 10.753091257000051 ], [ 106.686798993000082, 10.753199177000056 ], [ 106.686825418000069, 10.75323338000004 ], [ 106.687020723000046, 10.753486305000024 ], [ 106.687088797000058, 10.753550838000024 ], [ 106.686931334000064, 10.75385252500007 ], [ 106.686855192000053, 10.753781141000047 ], [ 106.686731460000033, 10.754109507000067 ], [ 106.686536344000046, 10.754494980000061 ], [ 106.686260326000081, 10.754880452000066 ], [ 106.685803470000053, 10.755461041000046 ], [ 106.685570283000061, 10.755803683000067 ], [ 106.685264994000079, 10.756368422000037 ], [ 106.685206076000043, 10.756468985000026 ], [ 106.685150831000044, 10.756563278000044 ], [ 106.683932768000034, 10.759467138000048 ], [ 106.683921289000068, 10.759494503000042 ], [ 106.683293406000075, 10.761175378000075 ], [ 106.683278040000062, 10.761216515000058 ], [ 106.681701282000063, 10.76543754000005 ] ] ] ] } },
{ "type": "Feature", "properties": { "shape2": "Quan 6", "shapeiso": "", "shapeid": "81297802B35379290873600", "shapegroup": "VNM", "shapetype": "ADM2", "shape1": "Ho Chi Minh", "shape0": "vietnam" }, "geometry": { "type": "MultiPolygon", "coordinates": [ [ [ [ 106.621107821000066, 10.734118165000041 ], [ 106.621592315000044, 10.734083422000026 ], [ 106.622063448000063, 10.734454618000029 ], [ 106.62217766200007, 10.734697323000034 ], [ 106.622434644000066, 10.734825814000033 ], [ 106.623005715000033, 10.735168456000054 ], [ 106.62344829400007, 10.735254117000068 ], [ 106.623733830000049, 10.73542543800005 ], [ 106.624047919000077, 10.735796634000053 ], [ 106.624262070000043, 10.735839464000037 ], [ 106.624547605000032, 10.735710973000039 ], [ 106.62456188200008, 10.735339778000025 ], [ 106.624461945000064, 10.734968582000022 ], [ 106.624461945000064, 10.734454618000029 ], [ 106.624147856000036, 10.733455244000027 ], [ 106.624119302000054, 10.732612915000061 ], [ 106.624019365000038, 10.731913354000028 ], [ 106.624019365000038, 10.731599265000057 ], [ 106.624176409000086, 10.731356560000052 ], [ 106.624547605000032, 10.731370837000043 ], [ 106.624833141000067, 10.731527881000034 ], [ 106.625275720000047, 10.731513604000043 ], [ 106.62578968400004, 10.731413667000027 ], [ 106.626289371000041, 10.731470774000059 ], [ 106.627117423000072, 10.731756309000048 ], [ 106.627360128000078, 10.731756309000048 ], [ 106.627717047000033, 10.73162781800005 ], [ 106.627774154000065, 10.731385113000044 ], [ 106.627674217000049, 10.731013917000041 ], [ 106.627360128000078, 10.730514231000029 ], [ 106.62753144900006, 10.729857499000047 ], [ 106.627888369000061, 10.729971714000044 ], [ 106.628645037000069, 10.730471400000056 ], [ 106.629244661000087, 10.730799766000075 ], [ 106.630301142000064, 10.731228069000053 ], [ 106.630757999000082, 10.731470774000059 ], [ 106.631143471000087, 10.731899077000037 ], [ 106.631885863000036, 10.732341657000063 ], [ 106.632456934000061, 10.732541531000038 ], [ 106.633456307000074, 10.733126879000054 ], [ 106.634240115000068, 10.733647475000055 ], [ 106.634495393000066, 10.733817028000033 ], [ 106.634881971000084, 10.734064854000053 ], [ 106.635722332000057, 10.734646606000069 ], [ 106.637205374000075, 10.735664533000033 ], [ 106.641820703000064, 10.738452546000076 ], [ 106.642035350000072, 10.738582204000068 ], [ 106.643981035000081, 10.739759353000068 ], [ 106.644083311000088, 10.739821230000075 ], [ 106.646877842000038, 10.741511922000029 ], [ 106.649411500000042, 10.743007336000062 ], [ 106.650977947000058, 10.74393191200005 ], [ 106.654890249000061, 10.746241932000032 ], [ 106.654699119000043, 10.746673673000032 ], [ 106.654288135000058, 10.747453692000022 ], [ 106.653821502000085, 10.748581295000065 ], [ 106.653784457000086, 10.748744764000037 ], [ 106.653741851000063, 10.748932770000067 ], [ 106.653649270000074, 10.749332538000033 ], [ 106.653532486000074, 10.749726854000073 ], [ 106.653365303000044, 10.750470970000038 ], [ 106.653324010000063, 10.751048252000032 ], [ 106.653320215000065, 10.751109897000049 ], [ 106.653287601000045, 10.751639700000055 ], [ 106.652588282000067, 10.751566482000044 ], [ 106.651795076000042, 10.751460721000058 ], [ 106.650531500000056, 10.751456900000051 ], [ 106.650628276000077, 10.752307876000032 ], [ 106.650753730000076, 10.753311293000024 ], [ 106.650750956000081, 10.753392190000056 ], [ 106.649762845000055, 10.753503627000043 ], [ 106.646918696000057, 10.75382438500003 ], [ 106.643223285000033, 10.754233132000024 ], [ 106.642992190000086, 10.754346238000039 ], [ 106.642967230000068, 10.754358454000055 ], [ 106.641853220000087, 10.754351535000069 ], [ 106.638538661000041, 10.754644119000034 ], [ 106.637548805000051, 10.75466315500006 ], [ 106.637562270000046, 10.754776896000067 ], [ 106.637449896000078, 10.75537466000003 ], [ 106.636689835000084, 10.756149171000061 ], [ 106.636250487000041, 10.756609565000076 ], [ 106.636019980000071, 10.756852668000022 ], [ 106.63584366300006, 10.75709691000003 ], [ 106.635751989000084, 10.757223901000032 ], [ 106.635453031000054, 10.757661064000047 ], [ 106.635370489000081, 10.757786218000035 ], [ 106.634755878000078, 10.75839301700006 ], [ 106.634162759000048, 10.759019787000057 ], [ 106.634006181000075, 10.758709515000021 ], [ 106.633899105000069, 10.758502502000056 ], [ 106.633749199000079, 10.758338319000075 ], [ 106.633631416000071, 10.75825622800005 ], [ 106.633510063000074, 10.75825265900005 ], [ 106.63328520400006, 10.758313335000025 ], [ 106.633096037000087, 10.758413272000041 ], [ 106.632914008000057, 10.758523917000048 ], [ 106.632781948000058, 10.758670254000037 ], [ 106.632625408000081, 10.758803874000023 ], [ 106.632432168000037, 10.758827298000028 ], [ 106.632011003000059, 10.758852283000067 ], [ 106.631786144000046, 10.758934374000034 ], [ 106.631507747000057, 10.759080711000024 ], [ 106.631202764000079, 10.759287054000026 ], [ 106.631018032000043, 10.75941098100003 ], [ 106.630646953000053, 10.759747791000052 ], [ 106.630497666000053, 10.759787411000048 ], [ 106.630304929000033, 10.75981239500004 ], [ 106.630083640000066, 10.759758857000065 ], [ 106.629844504000062, 10.759708889000024 ], [ 106.629773120000038, 10.759758857000065 ], [ 106.629765981000048, 10.759908763000055 ], [ 106.629730290000055, 10.760162176000051 ], [ 106.629669613000033, 10.760197868000034 ], [ 106.629480446000059, 10.760180022000043 ], [ 106.629269864000037, 10.760215714000026 ], [ 106.629034297000032, 10.760301374000051 ], [ 106.628895099000033, 10.760333497000033 ], [ 106.628655963000085, 10.760215714000026 ], [ 106.628531041000087, 10.760208575000036 ], [ 106.628391843000088, 10.760247837000065 ], [ 106.628159845000084, 10.760383466000064 ], [ 106.628084892000061, 10.760419158000047 ], [ 106.627760096000088, 10.760379897000064 ], [ 106.627392469000085, 10.760469126000032 ], [ 106.626582263000046, 10.760547649000046 ], [ 106.626226794000047, 10.760577118000072 ], [ 106.625829163000049, 10.760451280000041 ], [ 106.625300923000054, 10.760576202000038 ], [ 106.625222401000087, 10.760676140000044 ], [ 106.62510818700008, 10.760729677000029 ], [ 106.624886897000067, 10.760729677000029 ], [ 106.624744129000078, 10.760726108000028 ], [ 106.624694160000047, 10.760801061000052 ], [ 106.62461563800008, 10.761154411000064 ], [ 106.624504993000073, 10.76156486800005 ], [ 106.624451455000042, 10.761736189000032 ], [ 106.624187335000045, 10.762175200000058 ], [ 106.624089232000074, 10.762365551000073 ], [ 106.624281908000057, 10.761410546000036 ], [ 106.624569497000039, 10.760195210000063 ], [ 106.625118737000037, 10.758102766000036 ], [ 106.625197472000082, 10.757800625000073 ], [ 106.625247882000053, 10.75758060000004 ], [ 106.625233749000074, 10.757446336000044 ], [ 106.625184854000054, 10.757345391000058 ], [ 106.625014687000032, 10.756994080000027 ], [ 106.624475358000041, 10.755965459000038 ], [ 106.62441756700008, 10.755870504000029 ], [ 106.624382234000052, 10.755760973000065 ], [ 106.624355191000063, 10.755563559000052 ], [ 106.624321260000045, 10.75510072700007 ], [ 106.624203980000061, 10.75320464400005 ], [ 106.62402890900006, 10.75010069700005 ], [ 106.623862846000065, 10.747447221000073 ], [ 106.623807123000063, 10.746396454000035 ], [ 106.62379151500005, 10.745777393000026 ], [ 106.623697113000048, 10.745513331000041 ], [ 106.623008290000087, 10.745000990000051 ], [ 106.62152371500008, 10.743766309000023 ], [ 106.622657916000037, 10.743229392000046 ], [ 106.622576527000035, 10.743054761000053 ], [ 106.62227299400007, 10.742259430000047 ], [ 106.622173062000059, 10.742013891000056 ], [ 106.622056505000046, 10.742059976000064 ], [ 106.621866149000084, 10.74146987000006 ], [ 106.621809041000063, 10.74110819200007 ], [ 106.621961327000065, 10.739090409000028 ], [ 106.622221031000038, 10.739086719000056 ], [ 106.622271451000074, 10.738733727000067 ], [ 106.622228483000072, 10.738696487000027 ], [ 106.622136817000069, 10.738444406000042 ], [ 106.622006237000051, 10.737996932000044 ], [ 106.621707270000059, 10.736829459000035 ], [ 106.621190196000043, 10.734699622000051 ], [ 106.621107821000066, 10.734118165000041 ] ] ] ] } },
{ "type": "Feature", "properties": { "shape2": "Quan 1", "shapeiso": "", "shapeid": "81297802B34545275526363", "shapegroup": "VNM", "shapetype": "ADM2", "shape1": "Ho Chi Minh", "shape0": "vietnam" }, "geometry": { "type": "MultiPolygon", "coordinates": [ [ [ [ 106.691693801000042, 10.79543224400004 ], [ 106.691600166000057, 10.795500910000044 ], [ 106.691029095000033, 10.795762650000029 ], [ 106.690624587000059, 10.795786445000033 ], [ 106.689934543000049, 10.795697215000075 ], [ 106.68892922100008, 10.795489012000075 ], [ 106.68783466900004, 10.794906044000072 ], [ 106.687442058000045, 10.79482276300007 ], [ 106.687079190000077, 10.794906044000072 ], [ 106.686817450000035, 10.795251066000048 ], [ 106.686412941000071, 10.796321824000074 ], [ 106.686103611000078, 10.796738229000027 ], [ 106.685794281000085, 10.796910740000044 ], [ 106.685502797000083, 10.796916689000057 ], [ 106.685187519000067, 10.796833408000055 ], [ 106.68491982900008, 10.796625205000055 ], [ 106.684818702000086, 10.796339670000066 ], [ 106.684824651000042, 10.79567342100006 ], [ 106.684943624000084, 10.794804917000022 ], [ 106.68522321100005, 10.794210052000039 ], [ 106.685937049000074, 10.793656827000063 ], [ 106.686353455000074, 10.793198781000058 ], [ 106.686401044000036, 10.792972732000067 ], [ 106.686323711000057, 10.792639608000059 ], [ 106.686154974000033, 10.792464503000076 ], [ 106.689622100000065, 10.78975 ], [ 106.691965301000039, 10.787858200000073 ], [ 106.69374994900005, 10.786433497000075 ], [ 106.694839221000052, 10.785575822000055 ], [ 106.697040724000033, 10.783800621000069 ], [ 106.698090600000057, 10.782881700000075 ], [ 106.694977300000062, 10.779552499000033 ], [ 106.689448900000059, 10.773654400000055 ], [ 106.68829652900007, 10.772440668000058 ], [ 106.687182820000032, 10.771252526000069 ], [ 106.685731417000056, 10.769702020000068 ], [ 106.684516877000078, 10.768415654000023 ], [ 106.684288640000034, 10.768173919000048 ], [ 106.68399276100007, 10.76786054300004 ], [ 106.682066320000047, 10.765839536000044 ], [ 106.681828849000055, 10.765603174000034 ], [ 106.681701282000063, 10.76543754000005 ], [ 106.683278040000062, 10.761216515000058 ], [ 106.683293406000075, 10.761175378000075 ], [ 106.683921289000068, 10.759494503000042 ], [ 106.683932768000034, 10.759467138000048 ], [ 106.685150831000044, 10.756563278000044 ], [ 106.685206076000043, 10.756468985000026 ], [ 106.685264994000079, 10.756368422000037 ], [ 106.685570283000061, 10.755803683000067 ], [ 106.685803470000053, 10.755461041000046 ], [ 106.686260326000081, 10.754880452000066 ], [ 106.686536344000046, 10.754494980000061 ], [ 106.686731460000033, 10.754109507000067 ], [ 106.686855192000053, 10.753781141000047 ], [ 106.686931334000064, 10.75385252500007 ], [ 106.687088797000058, 10.753550838000024 ], [ 106.687751851000087, 10.754179392000026 ], [ 106.689213624000047, 10.755517746000066 ], [ 106.69011484300006, 10.756306161000055 ], [ 106.691406537000034, 10.757573209000043 ], [ 106.69199031100004, 10.757930668000029 ], [ 106.692523992000076, 10.758241218000023 ], [ 106.692717154000036, 10.758353636000038 ], [ 106.693668279000065, 10.758907176000037 ], [ 106.694713807000085, 10.759478311000066 ], [ 106.694929384000034, 10.759646969000073 ], [ 106.695456326000055, 10.760059053000077 ], [ 106.696334656000033, 10.761063322000041 ], [ 106.696959409000044, 10.761844004000068 ], [ 106.69731100100006, 10.762283436000075 ], [ 106.697994428000072, 10.763120556000047 ], [ 106.698578756000074, 10.763573805000021 ], [ 106.699673726000071, 10.764312678000067 ], [ 106.699879158000044, 10.764457422000021 ], [ 106.699952113000052, 10.764508825000064 ], [ 106.700452422000069, 10.764861118000056 ], [ 106.701200071000073, 10.765451937000023 ], [ 106.702132513000038, 10.766398063000054 ], [ 106.703089056000067, 10.767447405000041 ], [ 106.705437584000038, 10.768618100000026 ], [ 106.708452505000082, 10.769754729000056 ], [ 106.70822720700005, 10.77064617700006 ], [ 106.708103238000035, 10.771136569000021 ], [ 106.707943975000035, 10.773457732000054 ], [ 106.708121822000066, 10.775328727000044 ], [ 106.708127198000057, 10.775386273000038 ], [ 106.708372301000054, 10.777350986000044 ], [ 106.709172637000052, 10.779520341000023 ], [ 106.709919064000076, 10.780859528000065 ], [ 106.710639402000083, 10.781930142000022 ], [ 106.711778740000057, 10.783071738000046 ], [ 106.713411459000042, 10.784357204000059 ], [ 106.714350774000081, 10.784936434000031 ], [ 106.714412436000089, 10.784974415000022 ], [ 106.71506271800007, 10.785266464000074 ], [ 106.715560116000063, 10.785386531000029 ], [ 106.714196448000052, 10.786600026000031 ], [ 106.71273847100008, 10.787725518000059 ], [ 106.712444782000034, 10.787828465000075 ], [ 106.712094089000061, 10.787824078000028 ], [ 106.711545404000049, 10.787725972000032 ], [ 106.710562420000088, 10.787478508000049 ], [ 106.710141290000081, 10.787417657000049 ], [ 106.709835418000068, 10.787419347000025 ], [ 106.709517085000073, 10.787484284000072 ], [ 106.709160737000047, 10.787600138000073 ], [ 106.708919210000033, 10.787727830000051 ], [ 106.708563798000057, 10.787982600000021 ], [ 106.708284903000049, 10.788262347000057 ], [ 106.707981095000036, 10.788643280000031 ], [ 106.707614430000035, 10.789188973000023 ], [ 106.707318206000082, 10.789778475000048 ], [ 106.707155557000078, 10.790322950000075 ], [ 106.706992698000079, 10.790816991000042 ], [ 106.706853886000033, 10.791083219000029 ], [ 106.706702341000039, 10.791324299000053 ], [ 106.706486789000053, 10.791552989000024 ], [ 106.706367497000087, 10.791650928000024 ], [ 106.706223439000041, 10.791769198000054 ], [ 106.706207679000045, 10.791782119000061 ], [ 106.705813887000033, 10.792024445000038 ], [ 106.705127165000079, 10.79233174500007 ], [ 106.70414071600004, 10.79260897000006 ], [ 106.702854969000043, 10.792932129000064 ], [ 106.701925354000082, 10.793126873000062 ], [ 106.701110066000069, 10.793232500000045 ], [ 106.700457978000088, 10.793337302000054 ], [ 106.700247086000047, 10.793371196000066 ], [ 106.699887309000076, 10.793428851000044 ], [ 106.698466902000064, 10.793620046000058 ], [ 106.697856802000047, 10.793677627000022 ], [ 106.697613244000081, 10.793700656000055 ], [ 106.697532350000074, 10.793700751000074 ], [ 106.69734128500005, 10.793700974000046 ], [ 106.695988660000069, 10.793544688000054 ], [ 106.69500279500005, 10.793430779000062 ], [ 106.694651825000051, 10.793478368000024 ], [ 106.694526903000053, 10.793668725000032 ], [ 106.694515006000074, 10.794079182000075 ], [ 106.694532852000066, 10.794715688000053 ], [ 106.694449571000064, 10.794894147000036 ], [ 106.694288957000083, 10.794929839000076 ], [ 106.693616759000065, 10.794911993000028 ], [ 106.692968356000051, 10.794810866000034 ], [ 106.692629283000088, 10.794834661000039 ], [ 106.692314004000082, 10.794977428000038 ], [ 106.691693801000042, 10.79543224400004 ] ] ] ] } },
{ "type": "Feature", "properties": { "shape2": "Quan 10", "shapeiso": "", "shapeid": "81297802B93335721036450", "shapegroup": "VNM", "shapetype": "ADM2", "shape1": "Ho Chi Minh", "shape0": "vietnam" }, "geometry": { "type": "MultiPolygon", "coordinates": [ [ [ [ 106.681701282000063, 10.76543754000005 ], [ 106.678664124000079, 10.766383695000059 ], [ 106.674371475000044, 10.767720970000028 ], [ 106.674547825000047, 10.767898334000051 ], [ 106.675794556000085, 10.76962370800004 ], [ 106.67669313600004, 10.770600270000045 ], [ 106.677549968000051, 10.771466581000027 ], [ 106.67804833200006, 10.771902748000059 ], [ 106.679036722000035, 10.772731389000057 ], [ 106.681912305000083, 10.775127827000063 ], [ 106.682857227000056, 10.775943243000029 ], [ 106.682762616000048, 10.775985628000058 ], [ 106.682677100000035, 10.776089199000069 ], [ 106.681735882000055, 10.777553819000047 ], [ 106.681621233000044, 10.777902620000077 ], [ 106.681361613000036, 10.777952303000063 ], [ 106.678599161000079, 10.77943715400005 ], [ 106.677053884000088, 10.780260428000076 ], [ 106.672115150000081, 10.782918934000065 ], [ 106.670300302000044, 10.783902183000066 ], [ 106.669762455000068, 10.784193578000043 ], [ 106.66646860600008, 10.785949382000069 ], [ 106.664622963000056, 10.786927857000023 ], [ 106.66318057400008, 10.785382106000043 ], [ 106.662540338000042, 10.784593914000027 ], [ 106.660884600000088, 10.782879199000035 ], [ 106.660164527000063, 10.782162777000053 ], [ 106.659895368000036, 10.781886672000041 ], [ 106.658883600000081, 10.780742499000041 ], [ 106.656373457000086, 10.778083322000043 ], [ 106.656228622000071, 10.778080782000075 ], [ 106.656147721000082, 10.778104576000032 ], [ 106.656085855000072, 10.778133130000072 ], [ 106.656014170000049, 10.778185949000033 ], [ 106.655952154000033, 10.778258654000069 ], [ 106.656469216000062, 10.776467785000023 ], [ 106.65746148900007, 10.772807337000074 ], [ 106.658158276000052, 10.770362590000047 ], [ 106.658286300000043, 10.770039100000076 ], [ 106.658587800000078, 10.769012299000053 ], [ 106.658855556000049, 10.768010595000021 ], [ 106.659554931000059, 10.765448774000049 ], [ 106.660012671000061, 10.763845681000021 ], [ 106.66024630000004, 10.76294850000005 ], [ 106.66080044000006, 10.761085973000036 ], [ 106.661534600000039, 10.758463800000072 ], [ 106.662754299000085, 10.758708400000046 ], [ 106.665567965000037, 10.759263082000075 ], [ 106.668731667000088, 10.759837851000043 ], [ 106.668875178000064, 10.759882521000065 ], [ 106.673124672000085, 10.760749073000056 ], [ 106.674642984000059, 10.761058686000069 ], [ 106.675029424000058, 10.761266080000041 ], [ 106.676422595000076, 10.762179422000031 ], [ 106.677331167000034, 10.762791726000046 ], [ 106.681384800000046, 10.765389214000038 ], [ 106.681701282000063, 10.76543754000005 ] ] ] ] } },
{ "type": "Feature", "properties": { "shape2": "Quan 12", "shapeiso": "", "shapeid": "81297802B78652503258302", "shapegroup": "VNM", "shapetype": "ADM2", "shape1": "Ho Chi Minh", "shape0": "vietnam" }, "geometry": { "type": "MultiPolygon", "coordinates": [ [ [ [ 106.61605267300007, 10.819384961000026 ], [ 106.61680711200006, 10.819579324000074 ], [ 106.617266431000075, 10.819623648000061 ], [ 106.61756646300006, 10.819592880000073 ], [ 106.617895108000084, 10.819427734000044 ], [ 106.618469192000077, 10.818922883000027 ], [ 106.619020309000064, 10.818523095000046 ], [ 106.61930208800004, 10.81839317400005 ], [ 106.619655022000074, 10.818356342000072 ], [ 106.61999645700007, 10.818354640000052 ], [ 106.620621487000051, 10.818561423000062 ], [ 106.623549204000085, 10.819583101000035 ], [ 106.624342707000039, 10.820471122000072 ], [ 106.625386241000058, 10.821766774000025 ], [ 106.627124500000036, 10.823743544000024 ], [ 106.627737134000085, 10.824487013000066 ], [ 106.627854864000085, 10.824629928000036 ], [ 106.627902682000069, 10.824682919000054 ], [ 106.628654381000047, 10.825515947000042 ], [ 106.628834141000084, 10.825780072000043 ], [ 106.629490289000046, 10.826744161000022 ], [ 106.630634124000039, 10.828655613000024 ], [ 106.631509766000079, 10.830425932000026 ], [ 106.632042765000051, 10.831853609000063 ], [ 106.632425630000057, 10.833135809000055 ], [ 106.632436053000049, 10.833130546000064 ], [ 106.632787308000047, 10.834385026000064 ], [ 106.632801585000038, 10.834677700000043 ], [ 106.632715924000081, 10.835077449000039 ], [ 106.632566018000034, 10.835712765000039 ], [ 106.632187684000087, 10.83620531400004 ], [ 106.632030640000039, 10.836405188000072 ], [ 106.632009224000058, 10.836583648000044 ], [ 106.631987809000066, 10.836790661000066 ], [ 106.632094885000072, 10.83713330300003 ], [ 106.632287621000046, 10.837404562000074 ], [ 106.632908661000045, 10.837911387000077 ], [ 106.633015736000061, 10.838032740000074 ], [ 106.63300146000006, 10.83824689100004 ], [ 106.632851554000069, 10.838518150000027 ], [ 106.632637402000057, 10.838782270000024 ], [ 106.632306493000044, 10.839103240000043 ], [ 106.632205036000073, 10.839306881000027 ], [ 106.632172084000047, 10.839543873000025 ], [ 106.63215744200005, 10.840000684000074 ], [ 106.63217602800006, 10.840271298000062 ], [ 106.632193696000058, 10.840372711000043 ], [ 106.632279854000046, 10.84049075300004 ], [ 106.632794061000084, 10.840707853000026 ], [ 106.633429763000038, 10.84093092300003 ], [ 106.633643914000061, 10.841123659000061 ], [ 106.633729575000075, 10.841509132000056 ], [ 106.633715298000084, 10.842244386000061 ], [ 106.633551115000046, 10.842986777000021 ], [ 106.633558254000036, 10.843229482000027 ], [ 106.633686744000045, 10.843821968000043 ], [ 106.633686744000045, 10.844585775000041 ], [ 106.633743851000077, 10.84489986400007 ], [ 106.63378668200005, 10.845014078000077 ], [ 106.633900896000057, 10.845163984000067 ], [ 106.634036525000056, 10.845221091000042 ], [ 106.634293507000052, 10.845099739000034 ], [ 106.634728948000088, 10.844871311000077 ], [ 106.634893131000069, 10.84486417200003 ], [ 106.635107283000082, 10.844992663000028 ], [ 106.635728322000034, 10.845820716000048 ], [ 106.636406468000075, 10.846313264000059 ], [ 106.637163137000073, 10.846962857000051 ], [ 106.638448046000065, 10.847976507000055 ], [ 106.640196950000075, 10.849261416000047 ], [ 106.640639529000055, 10.849468429000069 ], [ 106.64121773800008, 10.849525536000044 ], [ 106.641403336000053, 10.84962547400005 ], [ 106.641788809000047, 10.850010946000054 ], [ 106.642552616000046, 10.850681954000038 ], [ 106.642823875000033, 10.85104601200004 ], [ 106.64293095000005, 10.851345824000077 ], [ 106.642945227000041, 10.851909756000055 ], [ 106.643016611000064, 10.852238122000074 ], [ 106.643202209000037, 10.852445135000039 ], [ 106.643268589000058, 10.852485868000031 ], [ 106.643516298000065, 10.85263787100007 ], [ 106.644144476000065, 10.852773501000058 ], [ 106.644444288000045, 10.852909130000057 ], [ 106.644587055000045, 10.853137558000071 ], [ 106.644594194000035, 10.85341595500006 ], [ 106.644551363000062, 10.853801428000054 ], [ 106.644558502000052, 10.854001302000029 ], [ 106.64468699300005, 10.854279699000074 ], [ 106.644943974000057, 10.854522404000022 ], [ 106.645243787000084, 10.854572373000053 ], [ 106.645557875000065, 10.854465297000047 ], [ 106.645879103000084, 10.854115517000025 ], [ 106.646078977000059, 10.853972749000036 ], [ 106.646264575000032, 10.853958472000045 ], [ 106.646464450000053, 10.854101240000034 ], [ 106.646571526000059, 10.854372498000032 ], [ 106.646493004000035, 10.855157721000069 ], [ 106.646485865000045, 10.855657407000024 ], [ 106.646607218000042, 10.856356969000046 ], [ 106.646849923000048, 10.856856656000048 ], [ 106.646949860000063, 10.857649016000039 ], [ 106.647092628000053, 10.857984520000059 ], [ 106.647363886000051, 10.858184395000023 ], [ 106.648027756000033, 10.858398546000046 ], [ 106.64847747400006, 10.858641251000051 ], [ 106.648784424000041, 10.858912510000039 ], [ 106.649084237000068, 10.858955340000023 ], [ 106.649512540000046, 10.85896247900007 ], [ 106.649841183000035, 10.85906447800005 ], [ 106.650097163000055, 10.859169203000022 ], [ 106.650106649000065, 10.859173084000076 ], [ 106.65084293700005, 10.85988145500005 ], [ 106.652253956000038, 10.860734860000036 ], [ 106.65261087500005, 10.860791967000068 ], [ 106.653067732000068, 10.860620646000029 ], [ 106.653381821000039, 10.860063852000053 ], [ 106.653653079000037, 10.859507058000077 ], [ 106.654038552000088, 10.859264353000071 ], [ 106.654995095000061, 10.859078755000041 ], [ 106.655723210000076, 10.85876466600007 ], [ 106.656779691000054, 10.857751016000066 ], [ 106.657265101000064, 10.857593971000028 ], [ 106.658378689000074, 10.858007998000062 ], [ 106.658906929000068, 10.857893783000065 ], [ 106.659577937000051, 10.857351266000023 ], [ 106.661234042000046, 10.855795099000034 ], [ 106.662019264000037, 10.855523840000046 ], [ 106.663518325000041, 10.855509563000055 ], [ 106.664888894000057, 10.855994974000055 ], [ 106.665645563000055, 10.856251955000062 ], [ 106.666053493000049, 10.856245354000066 ], [ 106.666094520000058, 10.85624469000004 ], [ 106.667027603000065, 10.856031340000072 ], [ 106.667341154000042, 10.856585910000035 ], [ 106.668133287000046, 10.857608904000074 ], [ 106.668564672000059, 10.857943158000069 ], [ 106.668981518000066, 10.858218549000071 ], [ 106.669704497000055, 10.858422698000027 ], [ 106.670311259000073, 10.859291201000076 ], [ 106.670525411000085, 10.859588634000033 ], [ 106.67157237400005, 10.860183499000073 ], [ 106.672155342000053, 10.860552316000053 ], [ 106.672619337000071, 10.860683186000074 ], [ 106.67304764000005, 10.860611802000051 ], [ 106.673273688000052, 10.860445240000047 ], [ 106.67359491600007, 10.860040731000026 ], [ 106.674183329000073, 10.858792957000048 ], [ 106.674618084000087, 10.858089573000029 ], [ 106.674975003000043, 10.857696962000034 ], [ 106.675153463000072, 10.85701881600005 ], [ 106.675009784000054, 10.855243408000035 ], [ 106.675078431000088, 10.854759647000037 ], [ 106.675329544000078, 10.854093487000057 ], [ 106.675693580000086, 10.853567895000026 ], [ 106.675745133000078, 10.853205741000068 ], [ 106.67591118200005, 10.852039258000048 ], [ 106.677291270000069, 10.851396804000046 ], [ 106.67881187100005, 10.850835075000077 ], [ 106.679837293000048, 10.850837631000047 ], [ 106.680574486000069, 10.85112996600003 ], [ 106.681907424000087, 10.851658545000021 ], [ 106.682906798000033, 10.851801312000077 ], [ 106.683608739000078, 10.851801312000077 ], [ 106.684096528000055, 10.851587161000054 ], [ 106.684393961000069, 10.851135063000072 ], [ 106.684417756000073, 10.850659171000075 ], [ 106.684322577000046, 10.850171382000042 ], [ 106.683430279000049, 10.849243392000062 ], [ 106.683037668000054, 10.84861283500004 ], [ 106.682927843000073, 10.848273892000066 ], [ 106.682998074000068, 10.847809839000035 ], [ 106.683323204000033, 10.847268439000061 ], [ 106.683763404000047, 10.847018596000055 ], [ 106.684477242000071, 10.846947212000032 ], [ 106.686261838000064, 10.847268439000061 ], [ 106.686928087000069, 10.847149466000076 ], [ 106.68743967100005, 10.84686393100003 ], [ 106.687475363000033, 10.846840136000026 ], [ 106.688010742000074, 10.846304757000041 ], [ 106.688724580000041, 10.845019848000049 ], [ 106.688790957000037, 10.84480175300007 ], [ 106.688917164000088, 10.844327662000069 ], [ 106.689047206000055, 10.843137651000063 ], [ 106.688940478000063, 10.842394722000051 ], [ 106.688695443000086, 10.841382205000059 ], [ 106.688593710000077, 10.840237132000027 ], [ 106.688816519000056, 10.838785922000056 ], [ 106.689359636000063, 10.837897438000027 ], [ 106.690275488000054, 10.836608212000044 ], [ 106.690579923000087, 10.836031958000035 ], [ 106.690747835000082, 10.83549025800005 ], [ 106.690983074000087, 10.83435552800006 ], [ 106.691116707000049, 10.833134675000053 ], [ 106.691406769000082, 10.832269084000075 ], [ 106.691535962000046, 10.831936750000068 ], [ 106.691756596000062, 10.83139783300004 ], [ 106.692075226000043, 10.830879800000048 ], [ 106.692333991000055, 10.83060514400006 ], [ 106.692669452000075, 10.830345160000036 ], [ 106.693051101000037, 10.830145752000021 ], [ 106.693402891000062, 10.830067807000034 ], [ 106.693663105000041, 10.830051192000042 ], [ 106.693938966000076, 10.830095232000076 ], [ 106.694200033000072, 10.830230460000053 ], [ 106.694511268000042, 10.830423170000074 ], [ 106.694896246000042, 10.83081585900004 ], [ 106.695181104000085, 10.831155705000072 ], [ 106.695406063000064, 10.831681327000069 ], [ 106.696053913000071, 10.832957716000067 ], [ 106.696731149000072, 10.833385489000023 ], [ 106.697808909000059, 10.833804820000069 ], [ 106.698955215000069, 10.834210391000056 ], [ 106.69958372800005, 10.834595132000061 ], [ 106.700064544000043, 10.834998130000031 ], [ 106.700339876000044, 10.835334834000037 ], [ 106.700513495000052, 10.835807224000064 ], [ 106.700551282000049, 10.836449476000041 ], [ 106.700634575000038, 10.836750633000065 ], [ 106.700748506000082, 10.837162614000022 ], [ 106.701036496000086, 10.837630305000062 ], [ 106.701724262000084, 10.838370290000057 ], [ 106.702411382000037, 10.839022330000034 ], [ 106.701866748000043, 10.83943098900005 ], [ 106.699329648000059, 10.841244299000039 ], [ 106.698500817000081, 10.842594259000066 ], [ 106.697958842000048, 10.843476428000031 ], [ 106.697693423000032, 10.844898029000035 ], [ 106.69770322800008, 10.846622442000069 ], [ 106.698095511000076, 10.849119439000049 ], [ 106.698311267000065, 10.849627210000051 ], [ 106.699094822000063, 10.85045886000006 ], [ 106.700119188000087, 10.851052730000049 ], [ 106.701022910000063, 10.851408827000057 ], [ 106.702346287000069, 10.851668689000064 ], [ 106.703953668000054, 10.851795099000071 ], [ 106.704966125000055, 10.851789402000065 ], [ 106.712967746000061, 10.851430519000075 ], [ 106.713351756000066, 10.851472218000026 ], [ 106.714037155000085, 10.851772637000067 ], [ 106.714757219000035, 10.852174453000032 ], [ 106.715581655000051, 10.852879921000067 ], [ 106.716784908000079, 10.854090421000024 ], [ 106.717647957000054, 10.855573336000077 ], [ 106.717858291000084, 10.85648513600006 ], [ 106.717929899000069, 10.857059492000076 ], [ 106.717900569000051, 10.857905023000058 ], [ 106.717568628000038, 10.859625540000025 ], [ 106.716931423000062, 10.861757748000059 ], [ 106.716903359000071, 10.861808972000063 ], [ 106.71635628100006, 10.862808426000072 ], [ 106.714998429000048, 10.864471671000047 ], [ 106.714216374000046, 10.86518555400005 ], [ 106.713173031000053, 10.865865279000047 ], [ 106.71240686200008, 10.866364406000059 ], [ 106.712319429000047, 10.866214221000064 ], [ 106.711023454000042, 10.86659319100005 ], [ 106.709077694000086, 10.866840555000067 ], [ 106.705423496000037, 10.867029784000067 ], [ 106.702488158000051, 10.867485420000037 ], [ 106.700817710000081, 10.868102963000069 ], [ 106.699456057000077, 10.868955327000037 ], [ 106.69796087800006, 10.870349021000038 ], [ 106.696873657000083, 10.871402505000049 ], [ 106.696610404000069, 10.871701327000039 ], [ 106.695244971000079, 10.873371506000069 ], [ 106.693380814000079, 10.875983720000022 ], [ 106.690429357000085, 10.879649485000073 ], [ 106.689751859000069, 10.880666981000047 ], [ 106.689350262000062, 10.882155946000069 ], [ 106.689218249000078, 10.882967794000024 ], [ 106.689188843000068, 10.883812702000057 ], [ 106.689263265000079, 10.884893577000071 ], [ 106.689371549000043, 10.885906746000046 ], [ 106.68964860300008, 10.886581035000063 ], [ 106.690407094000079, 10.887793358000067 ], [ 106.691566393000073, 10.889324866000038 ], [ 106.691680666000082, 10.889475826000023 ], [ 106.691922494000039, 10.889947570000061 ], [ 106.693544312000085, 10.892777176000038 ], [ 106.694166937000034, 10.894125271000064 ], [ 106.694449249000058, 10.895711964000043 ], [ 106.694488693000039, 10.896657901000026 ], [ 106.69442521600007, 10.897502994000035 ], [ 106.694247245000042, 10.898561307000023 ], [ 106.693896414000051, 10.900648530000069 ], [ 106.693395577000047, 10.90271253700007 ], [ 106.692958473000033, 10.90395034200003 ], [ 106.692857586000059, 10.904236156000024 ], [ 106.690919317000066, 10.903528169000026 ], [ 106.689967533000072, 10.902933304000044 ], [ 106.68868262400008, 10.901695984000071 ], [ 106.688081838000073, 10.90112640600006 ], [ 106.686208366000074, 10.900139034000063 ], [ 106.685826232000068, 10.899841861000027 ], [ 106.684237942000038, 10.899187509000058 ], [ 106.68175745800005, 10.898459463000052 ], [ 106.680905685000084, 10.900209833000076 ], [ 106.680319092000047, 10.901713007000069 ], [ 106.680118586000049, 10.902380704000052 ], [ 106.679689101000065, 10.90340053400007 ], [ 106.679618790000063, 10.903532522000035 ], [ 106.679414591000068, 10.903542409000067 ], [ 106.679210168000054, 10.903525994000063 ], [ 106.678818755000066, 10.903414072000032 ], [ 106.677483955000071, 10.902974153000059 ], [ 106.676175417000081, 10.902454996000074 ], [ 106.675045513000043, 10.90210152800006 ], [ 106.674226947000079, 10.901851745000045 ], [ 106.673702264000042, 10.901740545000052 ], [ 106.673035803000062, 10.901673953000056 ], [ 106.67258219200005, 10.901579988000037 ], [ 106.671994700000084, 10.901337524000041 ], [ 106.671353908000071, 10.901113065000061 ], [ 106.670980888000088, 10.90110633200004 ], [ 106.670955399000036, 10.901107375000038 ], [ 106.670741165000038, 10.901116407000075 ], [ 106.670711114000085, 10.901124344000038 ], [ 106.670552947000033, 10.899124501000074 ], [ 106.670635626000035, 10.897801968000067 ], [ 106.670540806000076, 10.896948513000041 ], [ 106.670203420000064, 10.895702657000072 ], [ 106.669789675000061, 10.894234322000045 ], [ 106.669538746000057, 10.893180426000072 ], [ 106.669468211000037, 10.892555425000069 ], [ 106.669075271000054, 10.890874691000022 ], [ 106.668466128000034, 10.891160227000057 ], [ 106.667647594000073, 10.891636119000054 ], [ 106.666257989000087, 10.891940690000069 ], [ 106.665268133000041, 10.892245261000028 ], [ 106.664716098000042, 10.892606939000075 ], [ 106.663421671000037, 10.892949581000039 ], [ 106.662603137000076, 10.893044760000066 ], [ 106.661327745000051, 10.892778260000057 ], [ 106.660147533000043, 10.892606939000075 ], [ 106.658129750000057, 10.892511760000048 ], [ 106.657082787000036, 10.892378511000061 ], [ 106.655826432000083, 10.892054904000076 ], [ 106.654493933000083, 10.892112011000052 ], [ 106.653832105000049, 10.892111928000077 ], [ 106.653349631000083, 10.891964668000071 ], [ 106.65274265000005, 10.892740189000051 ], [ 106.652419043000066, 10.893158974000073 ], [ 106.652533258000062, 10.893730044000051 ], [ 106.652533258000062, 10.894510508000053 ], [ 106.652133508000077, 10.894798224000056 ], [ 106.651191242000039, 10.89488388500007 ], [ 106.650429814000063, 10.895159902000046 ], [ 106.649630315000081, 10.895340741000041 ], [ 106.649259119000078, 10.895302670000035 ], [ 106.648688049000043, 10.895112313000027 ], [ 106.648221674000069, 10.894912438000063 ], [ 106.647622050000052, 10.894931474000032 ], [ 106.647022426000035, 10.894845813000074 ], [ 106.646884439000075, 10.894751401000065 ], [ 106.646660748000045, 10.894598349000034 ], [ 106.646394248000036, 10.894360403000064 ], [ 106.645880285000032, 10.894179564000069 ], [ 106.645261625000046, 10.894179564000069 ], [ 106.644738143000041, 10.894141493000063 ], [ 106.644424054000069, 10.893989207000061 ], [ 106.643643591000057, 10.893960654000068 ], [ 106.643262878000087, 10.893913065000049 ], [ 106.642948789000059, 10.893579940000052 ], [ 106.642834575000052, 10.893218262000062 ], [ 106.642682289000049, 10.892447317000062 ], [ 106.642358682000065, 10.892304549000073 ], [ 106.641435451000063, 10.892152263000071 ], [ 106.640264757000068, 10.891952389000039 ], [ 106.639655615000038, 10.891847692000056 ], [ 106.638618170000086, 10.891828657000076 ], [ 106.633135891000052, 10.891828657000076 ], [ 106.631917607000048, 10.891790585000024 ], [ 106.631670143000065, 10.891657336000037 ], [ 106.631432197000038, 10.891457461000073 ], [ 106.631241841000076, 10.891171926000027 ], [ 106.630775466000046, 10.890134481000075 ], [ 106.629166951000059, 10.886403486000063 ], [ 106.628595880000034, 10.885822897000025 ], [ 106.627444221000076, 10.884956773000056 ], [ 106.626866568000082, 10.884573446000047 ], [ 106.625378849000072, 10.883586204000039 ], [ 106.625293188000057, 10.883348258000069 ], [ 106.62530270600007, 10.883053205000067 ], [ 106.626321115000053, 10.882320331000074 ], [ 106.627937959000064, 10.881288834000031 ], [ 106.62667040000008, 10.879399300000046 ], [ 106.626462669000034, 10.879113678000067 ], [ 106.625785200000053, 10.878224500000044 ], [ 106.624955862000036, 10.877306640000029 ], [ 106.62482065100005, 10.877155744000049 ], [ 106.621530990000053, 10.873484465000047 ], [ 106.621321609000063, 10.873277135000023 ], [ 106.62013614600005, 10.871981694000056 ], [ 106.619423481000069, 10.871202910000022 ], [ 106.618564700000036, 10.87107050000003 ], [ 106.617523550000044, 10.870879474000049 ], [ 106.61571398600006, 10.870559618000073 ], [ 106.615237999000044, 10.870472803000041 ], [ 106.61508658200006, 10.870413714000051 ], [ 106.614935165000077, 10.870321386000057 ], [ 106.615028402000064, 10.870140223000021 ], [ 106.615089701000045, 10.869965568000055 ], [ 106.615139296000052, 10.869722473000024 ], [ 106.615193082000076, 10.869376708000061 ], [ 106.615287142000057, 10.868577198000025 ], [ 106.615362752000067, 10.868039310000029 ], [ 106.615447587000062, 10.86757022300003 ], [ 106.615517568000087, 10.867323807000048 ], [ 106.614407052000047, 10.865808417000039 ], [ 106.613736700000061, 10.864916723000022 ], [ 106.613008781000076, 10.863892715000077 ], [ 106.612025955000036, 10.86254690100003 ], [ 106.61130048800004, 10.861485748000064 ], [ 106.609207895000054, 10.858366888000035 ], [ 106.607701315000043, 10.856005119000031 ], [ 106.607262792000085, 10.855317675000038 ], [ 106.607632371000079, 10.854719083000077 ], [ 106.611422852000032, 10.848787086000073 ], [ 106.614913521000062, 10.843354777000059 ], [ 106.615338721000057, 10.842483583000046 ], [ 106.610593922000078, 10.838466321000055 ], [ 106.608899746000077, 10.836924430000067 ], [ 106.608128800000088, 10.836096377000047 ], [ 106.607005695000055, 10.834392683000033 ], [ 106.604873698000063, 10.830823492000036 ], [ 106.604302627000038, 10.829757493000045 ], [ 106.603821956000047, 10.828594750000036 ], [ 106.603367429000059, 10.826675610000052 ], [ 106.603253721000044, 10.82619532800004 ], [ 106.603245724000033, 10.826166354000065 ], [ 106.603474961000074, 10.82605127100004 ], [ 106.605395207000072, 10.824623762000044 ], [ 106.606644424000081, 10.823755259000052 ], [ 106.607429646000071, 10.823350751000021 ], [ 106.608440917000053, 10.823100907000025 ], [ 106.609214242000064, 10.823005729000045 ], [ 106.610284999000044, 10.822398966000037 ], [ 106.611676984000042, 10.821756512000036 ], [ 106.612331336000068, 10.821518566000066 ], [ 106.613640039000074, 10.821399593000024 ], [ 106.614294391000044, 10.82126872200007 ], [ 106.615305662000083, 10.820328835000055 ], [ 106.61605267300007, 10.819384961000026 ] ] ] ] } },
{ "type": "Feature", "properties": { "shape2": "Quan 2", "shapeiso": "", "shapeid": "81297802B76466747653960", "shapegroup": "VNM", "shapetype": "ADM2", "shape1": "Ho Chi Minh", "shape0": "vietnam" }, "geometry": { "type": "MultiPolygon", "coordinates": [ [ [ [ 106.715560116000063, 10.785386531000029 ], [ 106.71506271800007, 10.785266464000074 ], [ 106.714412436000089, 10.784974415000022 ], [ 106.714350774000081, 10.784936434000031 ], [ 106.713411459000042, 10.784357204000059 ], [ 106.711778740000057, 10.783071738000046 ], [ 106.710639402000083, 10.781930142000022 ], [ 106.709919064000076, 10.780859528000065 ], [ 106.709172637000052, 10.779520341000023 ], [ 106.708372301000054, 10.777350986000044 ], [ 106.708127198000057, 10.775386273000038 ], [ 106.708121822000066, 10.775328727000044 ], [ 106.707943975000035, 10.773457732000054 ], [ 106.708103238000035, 10.771136569000021 ], [ 106.70822720700005, 10.77064617700006 ], [ 106.708452505000082, 10.769754729000056 ], [ 106.709444902000087, 10.76669621700006 ], [ 106.709833829000047, 10.765864605000047 ], [ 106.71064192700004, 10.76497988400007 ], [ 106.712518010000053, 10.763589617000036 ], [ 106.713475103000064, 10.76303189500004 ], [ 106.714086764000058, 10.762675470000033 ], [ 106.714457937000077, 10.762507200000073 ], [ 106.720069319000061, 10.759963339000024 ], [ 106.720448972000042, 10.759789412000032 ], [ 106.722355766000078, 10.759175332000041 ], [ 106.724399036000079, 10.75893865300003 ], [ 106.728019285000073, 10.759259081000039 ], [ 106.73011862900006, 10.759602864000044 ], [ 106.731440626000051, 10.760062416000039 ], [ 106.732529744000033, 10.760982597000066 ], [ 106.733230282000079, 10.76209502100005 ], [ 106.733853407000083, 10.763591197000039 ], [ 106.73432151600008, 10.765663172000075 ], [ 106.734622913000067, 10.768849524000075 ], [ 106.734611559000086, 10.770659262000038 ], [ 106.734766312000033, 10.771879579000029 ], [ 106.735009405000085, 10.77347793000007 ], [ 106.735285670000053, 10.774404449000031 ], [ 106.735759212000062, 10.775378760000024 ], [ 106.736677235000059, 10.776570393000043 ], [ 106.737394208000069, 10.777054900000053 ], [ 106.73823296900008, 10.77729441200006 ], [ 106.739661937000051, 10.777408499000046 ], [ 106.740720942000053, 10.777402459000029 ], [ 106.741950949000056, 10.777175731000057 ], [ 106.743327248000071, 10.776679554000054 ], [ 106.743989499000065, 10.776353246000042 ], [ 106.744530485000041, 10.776086551000049 ], [ 106.745551907000049, 10.775394965000032 ], [ 106.746969817000036, 10.77415549400007 ], [ 106.747826244000066, 10.773198110000067 ], [ 106.748550455000043, 10.772571552000045 ], [ 106.749443437000082, 10.771796805000065 ], [ 106.750439119000077, 10.770960828000057 ], [ 106.750889478000033, 10.770486663000042 ], [ 106.751355730000057, 10.769775693000042 ], [ 106.751713267000071, 10.769038582000064 ], [ 106.752114013000039, 10.767951444000062 ], [ 106.752299899000036, 10.767268992000027 ], [ 106.752587877000053, 10.766223886000034 ], [ 106.752772280000045, 10.765272099000072 ], [ 106.752849185000059, 10.76449111200003 ], [ 106.752869159000056, 10.764047035000033 ], [ 106.752830122000034, 10.763553942000044 ], [ 106.752680738000038, 10.762738442000057 ], [ 106.752476172000058, 10.761779725000054 ], [ 106.751864903000069, 10.760092371000042 ], [ 106.751434522000068, 10.759179757000027 ], [ 106.75099171100004, 10.758451143000059 ], [ 106.750438817000088, 10.757875807000062 ], [ 106.748715263000065, 10.756520369000043 ], [ 106.747078377000037, 10.754895629000032 ], [ 106.745837119000043, 10.753123857000048 ], [ 106.744573689000049, 10.751124707000031 ], [ 106.744169541000076, 10.749785588000066 ], [ 106.74399519900004, 10.748503476000053 ], [ 106.744028168000057, 10.746972004000042 ], [ 106.744351978000054, 10.745231830000023 ], [ 106.744430654000041, 10.744983048000051 ], [ 106.744455634000076, 10.744904058000031 ], [ 106.744679751000035, 10.744195182000055 ], [ 106.745508670000049, 10.743197206000048 ], [ 106.746255014000042, 10.742365276000044 ], [ 106.747336092000069, 10.741696955000066 ], [ 106.748169206000057, 10.741443895000032 ], [ 106.749254402000076, 10.74147918400007 ], [ 106.750438584000051, 10.741555217000041 ], [ 106.752559202000043, 10.742433092000056 ], [ 106.754843148000077, 10.743317077000029 ], [ 106.75581238400008, 10.743622069000025 ], [ 106.756663494000065, 10.743796579000048 ], [ 106.757730852000066, 10.743862125000021 ], [ 106.758851939000067, 10.743819989000031 ], [ 106.760008404000075, 10.743652015000066 ], [ 106.761073967000073, 10.743395073000045 ], [ 106.761723680000046, 10.743158201000028 ], [ 106.76266124700004, 10.742668881000043 ], [ 106.763959625000041, 10.742016087000025 ], [ 106.766659401000084, 10.740449776000048 ], [ 106.76738140100008, 10.741536413000063 ], [ 106.767928352000069, 10.742322164000029 ], [ 106.768656124000074, 10.743142676000048 ], [ 106.769701759000043, 10.74420351200007 ], [ 106.770846912000081, 10.745290710000063 ], [ 106.772662887000081, 10.746696740000061 ], [ 106.774150972000086, 10.747692215000029 ], [ 106.777315144000056, 10.749368344000061 ], [ 106.778065413000036, 10.749715434000052 ], [ 106.781786946000068, 10.75143709200006 ], [ 106.783429279000075, 10.752196870000034 ], [ 106.783478186000082, 10.752219546000049 ], [ 106.785335906000057, 10.753042462000053 ], [ 106.788688041000057, 10.754385764000062 ], [ 106.790936900000077, 10.755313942000043 ], [ 106.792152137000073, 10.755815501000029 ], [ 106.79286505400006, 10.756109739000067 ], [ 106.796888104000061, 10.75777163600003 ], [ 106.799317720000033, 10.758994608000023 ], [ 106.799783465000075, 10.759297376000063 ], [ 106.800397413000042, 10.759696482000038 ], [ 106.801377811000066, 10.760407968000038 ], [ 106.801869113000066, 10.760942974000045 ], [ 106.802707809000083, 10.76213935800007 ], [ 106.803218275000063, 10.762853476000032 ], [ 106.803401072000042, 10.763193060000049 ], [ 106.803850863000036, 10.764364767000075 ], [ 106.804662220000068, 10.767031443000064 ], [ 106.805214225000043, 10.76864189500003 ], [ 106.805590213000073, 10.769545052000069 ], [ 106.806064868000078, 10.77033113300007 ], [ 106.806684907000033, 10.771223918000032 ], [ 106.80732200500006, 10.77195527300006 ], [ 106.809602336000069, 10.774172386000032 ], [ 106.808300634000034, 10.774886945000048 ], [ 106.807571984000049, 10.775276492000046 ], [ 106.806802866000055, 10.77558795300007 ], [ 106.805731740000056, 10.775810077000074 ], [ 106.805065725000077, 10.775882196000055 ], [ 106.804597046000083, 10.775898122000058 ], [ 106.804144089000033, 10.775883046000047 ], [ 106.803550211000072, 10.775636871000074 ], [ 106.803081387000077, 10.775375234000023 ], [ 106.802643880000062, 10.775283152000043 ], [ 106.802268937000065, 10.775252705000071 ], [ 106.801878529000078, 10.775283898000055 ], [ 106.801581803000033, 10.775361363000059 ], [ 106.80106642800007, 10.775562295000043 ], [ 106.800426368000046, 10.775917508000077 ], [ 106.799942304000069, 10.776072252000063 ], [ 106.799676815000055, 10.776103349000039 ], [ 106.799442429000067, 10.776103626000065 ], [ 106.799161268000034, 10.776072992000024 ], [ 106.798895654000034, 10.776057814000069 ], [ 106.798536406000039, 10.77604272800005 ], [ 106.798317723000082, 10.77613546300006 ], [ 106.798146072000065, 10.776289837000036 ], [ 106.797990123000034, 10.776536760000056 ], [ 106.797881072000052, 10.776860688000056 ], [ 106.797819381000068, 10.777631728000074 ], [ 106.79778847700004, 10.777924834000032 ], [ 106.797694885000055, 10.778109936000021 ], [ 106.797460783000076, 10.778310586000032 ], [ 106.796929949000059, 10.778588697000032 ], [ 106.796352076000062, 10.778728072000035 ], [ 106.795977143000073, 10.778712984000038 ], [ 106.794899283000063, 10.778636985000048 ], [ 106.793149548000088, 10.778422702000057 ], [ 106.792102808000038, 10.778331148000063 ], [ 106.790853119000076, 10.778316866000068 ], [ 106.789780350000058, 10.778529947000038 ], [ 106.78670597200005, 10.780330917000072 ], [ 106.784021940000059, 10.781672933000038 ], [ 106.783764959000052, 10.781958468000028 ], [ 106.783793512000045, 10.782415325000045 ], [ 106.784464520000085, 10.783086333000028 ], [ 106.786606035000034, 10.784442625000054 ], [ 106.787077168000053, 10.784913759000062 ], [ 106.787219936000042, 10.785427722000065 ], [ 106.787062891000062, 10.786212944000056 ], [ 106.786692225000081, 10.790685413000062 ], [ 106.78508792000008, 10.790599013000076 ], [ 106.781589765000035, 10.79042314000003 ], [ 106.781615773000055, 10.791485024000053 ], [ 106.781635391000066, 10.792285985000035 ], [ 106.78160108700007, 10.792653390000055 ], [ 106.781512789000033, 10.792968562000055 ], [ 106.781077027000038, 10.794451580000043 ], [ 106.78106718500004, 10.794484518000047 ], [ 106.780384973000082, 10.796767732000035 ], [ 106.779633561000082, 10.799371621000034 ], [ 106.778869109000084, 10.802025774000072 ], [ 106.778352489000042, 10.80382030100003 ], [ 106.777268699000047, 10.807400082000072 ], [ 106.777133778000064, 10.807878865000021 ], [ 106.776981083000067, 10.808543152000027 ], [ 106.77683537200005, 10.808905348000053 ], [ 106.77666871100007, 10.809135499000035 ], [ 106.775689587000045, 10.808367909000026 ], [ 106.775181089000057, 10.808071847000065 ], [ 106.774806285000068, 10.807918543000028 ], [ 106.774517689000049, 10.80783397600004 ], [ 106.774172716000066, 10.807791670000029 ], [ 106.773569044000055, 10.807735484000034 ], [ 106.773093004000089, 10.807676123000022 ], [ 106.772779214000082, 10.807653973000072 ], [ 106.772419193000076, 10.807693909000022 ], [ 106.772074497000062, 10.807878640000069 ], [ 106.771562918000086, 10.808200353000075 ], [ 106.77127409600007, 10.808321675000059 ], [ 106.770966864000059, 10.808389236000039 ], [ 106.770375970000089, 10.80841648300003 ], [ 106.769989863000035, 10.808418696000047 ], [ 106.769581533000064, 10.808424289000072 ], [ 106.769159382000055, 10.808438728000056 ], [ 106.768735197000069, 10.808402022000053 ], [ 106.768349026000067, 10.808380281000041 ], [ 106.767853658000035, 10.808239588000049 ], [ 106.767576280000071, 10.808152058000076 ], [ 106.767274443000076, 10.808124049000071 ], [ 106.767156194000052, 10.808150470000044 ], [ 106.766802834000089, 10.808229422000068 ], [ 106.766375811000046, 10.808429260000025 ], [ 106.765722652000079, 10.808807720000061 ], [ 106.76526584800007, 10.809085456000048 ], [ 106.764889785000037, 10.809374480000031 ], [ 106.764545179000038, 10.809743584000046 ], [ 106.76435865500008, 10.81005583700005 ], [ 106.764200948000052, 10.810538297000051 ], [ 106.76404358700006, 10.81138960800007 ], [ 106.763900446000036, 10.812042266000049 ], [ 106.763800299000081, 10.812581520000037 ], [ 106.763728676000085, 10.812879469000052 ], [ 106.763570990000062, 10.813262689000055 ], [ 106.763071668000066, 10.813762827000062 ], [ 106.762507473000085, 10.81423260400004 ], [ 106.762149097000076, 10.814427165000041 ], [ 106.761750437000046, 10.81456673200006 ], [ 106.761376670000061, 10.814604746000043 ], [ 106.76108114200008, 10.814612397000076 ], [ 106.760634224000057, 10.814519321000034 ], [ 106.760162690000072, 10.814342509000028 ], [ 106.759690674000069, 10.814070074000028 ], [ 106.759133579000036, 10.813702407000051 ], [ 106.758758493000073, 10.813501181000049 ], [ 106.758287095000071, 10.813360338000052 ], [ 106.757804064000084, 10.813267463000045 ], [ 106.757490783000037, 10.813230381000039 ], [ 106.757417821000047, 10.813221758000054 ], [ 106.757005277000076, 10.813220774000058 ], [ 106.756914211000037, 10.813220557000022 ], [ 106.755179889000033, 10.813216501000056 ], [ 106.753611126000067, 10.813117767000051 ], [ 106.752802576000079, 10.813074636000067 ], [ 106.751897307000036, 10.812995988000068 ], [ 106.751127846000088, 10.812932112000055 ], [ 106.751039321000064, 10.812749588000031 ], [ 106.750809081000057, 10.812417469000025 ], [ 106.75048752400005, 10.811993315000052 ], [ 106.748563267000065, 10.809658764000062 ], [ 106.747876231000077, 10.809230982000031 ], [ 106.747415004000061, 10.808943821000071 ], [ 106.746491612000057, 10.808597722000059 ], [ 106.745521995000047, 10.808302858000047 ], [ 106.74414218000004, 10.808212947000072 ], [ 106.742991183000072, 10.808262917000036 ], [ 106.741649136000035, 10.808393770000066 ], [ 106.740517748000059, 10.80868042700007 ], [ 106.739623406000078, 10.809174713000061 ], [ 106.737920074000044, 10.81060992700003 ], [ 106.737197886000047, 10.811383339000031 ], [ 106.736783131000038, 10.812069608000058 ], [ 106.736321246000045, 10.81312237700007 ], [ 106.735159846000045, 10.816743726000027 ], [ 106.734562041000061, 10.817711755000062 ], [ 106.733950176000064, 10.818399039000042 ], [ 106.733288305000087, 10.818940090000069 ], [ 106.732551620000038, 10.819334957000024 ], [ 106.73186284500008, 10.819485426000028 ], [ 106.73127184100008, 10.819513147000066 ], [ 106.730236218000073, 10.819323634000057 ], [ 106.728903624000054, 10.818891473000065 ], [ 106.72675360900007, 10.817633608000051 ], [ 106.725466770000082, 10.816590536000035 ], [ 106.724510646000056, 10.815215978000026 ], [ 106.723615151000047, 10.813682271000062 ], [ 106.722767926000074, 10.811977283000033 ], [ 106.722266981000075, 10.810514761000036 ], [ 106.722132092000038, 10.809682799000029 ], [ 106.722126543000059, 10.809648483000046 ], [ 106.722255203000088, 10.808463184000061 ], [ 106.722714563000068, 10.80694631800003 ], [ 106.72356697400005, 10.805256342000064 ], [ 106.725082631000078, 10.80326954700007 ], [ 106.726072037000051, 10.801859628000045 ], [ 106.726509434000036, 10.800831411000047 ], [ 106.726969463000046, 10.799436648000039 ], [ 106.727078152000047, 10.798928803000024 ], [ 106.727257264000059, 10.798091746000068 ], [ 106.727261193000061, 10.798027189000038 ], [ 106.727324801000066, 10.79698 ], [ 106.727194983000061, 10.795808438000051 ], [ 106.726817937000078, 10.794491652000033 ], [ 106.726342785000043, 10.793224311000074 ], [ 106.725620349000053, 10.791787339000052 ], [ 106.724898263000057, 10.790423665000048 ], [ 106.723880855000061, 10.78908603800005 ], [ 106.723099697000066, 10.788150026000039 ], [ 106.722011617000078, 10.787374615000033 ], [ 106.721355017000064, 10.787004995000075 ], [ 106.721023332000073, 10.786818280000034 ], [ 106.719714716000055, 10.786239408000029 ], [ 106.71769246100007, 10.785762287000068 ], [ 106.715745001000073, 10.78543116000003 ], [ 106.715560116000063, 10.785386531000029 ] ] ] ] } },
{ "type": "Feature", "properties": { "shape2": "Quan 3", "shapeiso": "", "shapeid": "81297802B4427483692725", "shapegroup": "VNM", "shapetype": "ADM2", "shape1": "Ho Chi Minh", "shape0": "vietnam" }, "geometry": { "type": "MultiPolygon", "coordinates": [ [ [ [ 106.666637264000087, 10.789684721000071 ], [ 106.666547672000036, 10.789476138000055 ], [ 106.666485100000045, 10.789434601000039 ], [ 106.666262849000077, 10.789262821000023 ], [ 106.665894264000087, 10.789558731000056 ], [ 106.66510190300005, 10.79007983300005 ], [ 106.664882882000086, 10.789901694000037 ], [ 106.66489307900008, 10.789822912000034 ], [ 106.665041504000044, 10.788857681000025 ], [ 106.665038991000074, 10.788401239000052 ], [ 106.664837197000054, 10.787587392000034 ], [ 106.664817193000033, 10.787528386000076 ], [ 106.664622963000056, 10.786927857000023 ], [ 106.66646860600008, 10.785949382000069 ], [ 106.669762455000068, 10.784193578000043 ], [ 106.670300302000044, 10.783902183000066 ], [ 106.672115150000081, 10.782918934000065 ], [ 106.677053884000088, 10.780260428000076 ], [ 106.678599161000079, 10.77943715400005 ], [ 106.681361613000036, 10.777952303000063 ], [ 106.681621233000044, 10.777902620000077 ], [ 106.681735882000055, 10.777553819000047 ], [ 106.682677100000035, 10.776089199000069 ], [ 106.682762616000048, 10.775985628000058 ], [ 106.682857227000056, 10.775943243000029 ], [ 106.681912305000083, 10.775127827000063 ], [ 106.679036722000035, 10.772731389000057 ], [ 106.67804833200006, 10.771902748000059 ], [ 106.677549968000051, 10.771466581000027 ], [ 106.67669313600004, 10.770600270000045 ], [ 106.675794556000085, 10.76962370800004 ], [ 106.674547825000047, 10.767898334000051 ], [ 106.674371475000044, 10.767720970000028 ], [ 106.678664124000079, 10.766383695000059 ], [ 106.681701282000063, 10.76543754000005 ], [ 106.681828849000055, 10.765603174000034 ], [ 106.682066320000047, 10.765839536000044 ], [ 106.68399276100007, 10.76786054300004 ], [ 106.684288640000034, 10.768173919000048 ], [ 106.684516877000078, 10.768415654000023 ], [ 106.685731417000056, 10.769702020000068 ], [ 106.687182820000032, 10.771252526000069 ], [ 106.68829652900007, 10.772440668000058 ], [ 106.689448900000059, 10.773654400000055 ], [ 106.694977300000062, 10.779552499000033 ], [ 106.698090600000057, 10.782881700000075 ], [ 106.697040724000033, 10.783800621000069 ], [ 106.694839221000052, 10.785575822000055 ], [ 106.69374994900005, 10.786433497000075 ], [ 106.691965301000039, 10.787858200000073 ], [ 106.689622100000065, 10.78975 ], [ 106.686154974000033, 10.792464503000076 ], [ 106.68600843300004, 10.792312432000074 ], [ 106.68570505100007, 10.792229151000072 ], [ 106.685229159000073, 10.792241048000051 ], [ 106.68422978600006, 10.792419508000023 ], [ 106.683331539000051, 10.792360021000036 ], [ 106.682284576000086, 10.791818694000028 ], [ 106.681972641000073, 10.791558748000057 ], [ 106.681784889000085, 10.791402288000029 ], [ 106.681670832000066, 10.791194011000073 ], [ 106.681508872000052, 10.791300209000042 ], [ 106.681205491000071, 10.791293071000041 ], [ 106.680969924000067, 10.791228825000076 ], [ 106.680684389000078, 10.791203841000026 ], [ 106.680623713000045, 10.791289502000041 ], [ 106.68035143700007, 10.791283329000066 ], [ 106.680279691000067, 10.791306881000025 ], [ 106.680098724000061, 10.791295863000073 ], [ 106.67953770400004, 10.791165531000047 ], [ 106.67907967900004, 10.790957820000074 ], [ 106.678505011000084, 10.79069320900004 ], [ 106.678504297000075, 10.790664656000047 ], [ 106.678417566000064, 10.790640028000041 ], [ 106.678089153000087, 10.790645011000038 ], [ 106.678070700000035, 10.790931100000023 ], [ 106.677340056000048, 10.790914737000037 ], [ 106.676225244000079, 10.790754082000035 ], [ 106.676210799000046, 10.790752 ], [ 106.675307200000077, 10.790586300000029 ], [ 106.675235972000053, 10.790892064000047 ], [ 106.674034300000073, 10.79104 ], [ 106.674029899000061, 10.790832801000022 ], [ 106.674057706000042, 10.790564089000043 ], [ 106.674097400000051, 10.790316 ], [ 106.674087807000035, 10.790276043000063 ], [ 106.673896299000035, 10.790080261000071 ], [ 106.673809400000039, 10.789940100000024 ], [ 106.673748894000084, 10.789897669000027 ], [ 106.67372208200004, 10.789958665000029 ], [ 106.673632853000072, 10.79000149500007 ], [ 106.673582884000041, 10.79000863300007 ], [ 106.673479377000035, 10.789980080000021 ], [ 106.67342940900005, 10.79000149500007 ], [ 106.673361594000085, 10.789962234000029 ], [ 106.673222395000039, 10.789987218000022 ], [ 106.673108251000087, 10.789893757000073 ], [ 106.672865476000084, 10.789851589000023 ], [ 106.672747693000076, 10.789855158000023 ], [ 106.672722709000084, 10.789801620000048 ], [ 106.672597787000086, 10.789808759000039 ], [ 106.672440743000038, 10.789844451000022 ], [ 106.672211238000045, 10.789822317000073 ], [ 106.672201607000034, 10.789726667000025 ], [ 106.672231026000077, 10.789612110000064 ], [ 106.672078741000064, 10.789631146000033 ], [ 106.671797964000064, 10.789559762000067 ], [ 106.671374420000063, 10.789512173000048 ], [ 106.671079367000061, 10.789402718000076 ], [ 106.670993707000036, 10.789126700000054 ], [ 106.670856332000085, 10.788424918000032 ], [ 106.670789708000086, 10.787968062000061 ], [ 106.669361139000046, 10.788370190000023 ], [ 106.667796643000088, 10.788953158000027 ], [ 106.666910294000047, 10.789399307000053 ], [ 106.666743732000043, 10.78953612600003 ], [ 106.666637264000087, 10.789684721000071 ] ] ] ] } },
{ "type": "Feature", "properties": { "shape2": "Quan 7", "shapeiso": "", "shapeid": "81297802B84259990428862", "shapegroup": "VNM", "shapetype": "ADM2", "shape1": "Ho Chi Minh", "shape0": "vietnam" }, "geometry": { "type": "MultiPolygon", "coordinates": [ [ [ [ 106.69015924100006, 10.725169953000034 ], [ 106.690951238000082, 10.725340006000067 ], [ 106.691325302000052, 10.725425288000054 ], [ 106.691787380000051, 10.725531691000072 ], [ 106.692161201000033, 10.725573225000062 ], [ 106.692556838000087, 10.725592856000048 ], [ 106.692582240000036, 10.72559271800003 ], [ 106.692614955000067, 10.725592540000036 ], [ 106.692692444000045, 10.725592119000055 ], [ 106.692863322000051, 10.725589924000076 ], [ 106.693193971000085, 10.725567607000073 ], [ 106.693742485000087, 10.725411960000031 ], [ 106.694707962000052, 10.725166999000066 ], [ 106.696166892000065, 10.724734054000066 ], [ 106.696794243000056, 10.724590717000069 ], [ 106.697242265000057, 10.724488307000058 ], [ 106.697791382000048, 10.724441746000025 ], [ 106.698003544000073, 10.724435346000064 ], [ 106.698670251000067, 10.724415167000075 ], [ 106.699197722000065, 10.724434071000076 ], [ 106.700033375000032, 10.72453842300007 ], [ 106.700649103000046, 10.724622281000052 ], [ 106.701089413000034, 10.724772447000021 ], [ 106.702146212000059, 10.725115377000066 ], [ 106.703466490000039, 10.725435079000022 ], [ 106.704169867000076, 10.72547488500004 ], [ 106.704839143000072, 10.725307710000038 ], [ 106.705672844000048, 10.725063348000049 ], [ 106.706374631000074, 10.724819798000055 ], [ 106.706944212000053, 10.724511351000046 ], [ 106.707184408000046, 10.724248548000048 ], [ 106.707358018000036, 10.72383344800005 ], [ 106.707442288000038, 10.723200918000032 ], [ 106.707371348000038, 10.722231919000023 ], [ 106.707437338000034, 10.721323813000026 ], [ 106.707593501000076, 10.720580165000058 ], [ 106.707952839000086, 10.719908797000073 ], [ 106.708322946000067, 10.719679175000067 ], [ 106.708542181000041, 10.71959084100007 ], [ 106.708907968000062, 10.719572293000056 ], [ 106.709348029000068, 10.719678882000039 ], [ 106.710192245000087, 10.720209963000059 ], [ 106.711005469000042, 10.72060418600006 ], [ 106.711512090000042, 10.720630143000051 ], [ 106.711987177000083, 10.720571221000057 ], [ 106.712645369000086, 10.720393157000046 ], [ 106.713259570000048, 10.720193640000048 ], [ 106.714246769000056, 10.719904758000041 ], [ 106.715563713000051, 10.719635929000049 ], [ 106.716276987000072, 10.719468491000043 ], [ 106.71725550900004, 10.719152350000059 ], [ 106.718108359000041, 10.718967598000063 ], [ 106.718668259000083, 10.719111926000039 ], [ 106.71900177200007, 10.719559119000053 ], [ 106.719158426000035, 10.719975744000067 ], [ 106.719472685000085, 10.721151006000071 ], [ 106.719739876000062, 10.721759812000073 ], [ 106.720203921000063, 10.722214959000041 ], [ 106.720687651000048, 10.722391790000074 ], [ 106.720930084000088, 10.722407171000043 ], [ 106.721413184000085, 10.722339061000071 ], [ 106.72231253700005, 10.722072511000022 ], [ 106.723320953000041, 10.721631003000027 ], [ 106.724701300000049, 10.720925857000054 ], [ 106.725094578000039, 10.720531317000052 ], [ 106.725246076000076, 10.720116333000021 ], [ 106.725254722000045, 10.719713078000041 ], [ 106.725097866000056, 10.719169015000034 ], [ 106.724852801000054, 10.71858187600003 ], [ 106.723702032000062, 10.717149679000045 ], [ 106.723325510000052, 10.716628704000073 ], [ 106.723169078000069, 10.716171769000027 ], [ 106.72312303800004, 10.715801445000068 ], [ 106.723186573000078, 10.715387039000063 ], [ 106.723271947000057, 10.714928765000025 ], [ 106.723521215000062, 10.714328043000023 ], [ 106.724372234000043, 10.713277035000033 ], [ 106.725055771000086, 10.712427879000074 ], [ 106.725288632000058, 10.712138623000044 ], [ 106.725440372000037, 10.711767205000058 ], [ 106.725743409000074, 10.710959020000075 ], [ 106.725893840000083, 10.71036969000005 ], [ 106.725935390000075, 10.709933533000026 ], [ 106.725932352000086, 10.709410401000071 ], [ 106.72583043800006, 10.708876971000052 ], [ 106.725051656000062, 10.707159355000044 ], [ 106.724784301000057, 10.706506990000037 ], [ 106.724737570000059, 10.706027665000022 ], [ 106.724800687000084, 10.705526040000052 ], [ 106.724973374000058, 10.704980152000076 ], [ 106.725386547000085, 10.704214925000031 ], [ 106.725876167000081, 10.703373080000063 ], [ 106.726178704000063, 10.702477768000051 ], [ 106.726263134000078, 10.70186693100004 ], [ 106.72621455400008, 10.701060784000049 ], [ 106.72610005000007, 10.700233129000026 ], [ 106.726120010000045, 10.699884222000037 ], [ 106.726217674000054, 10.699774045000026 ], [ 106.726294666000058, 10.699687119000032 ], [ 106.727060967000057, 10.699203294000029 ], [ 106.728420635000077, 10.69873814400006 ], [ 106.730482739000081, 10.698159908000036 ], [ 106.732062919000043, 10.697824216000072 ], [ 106.733051508000074, 10.697796942000025 ], [ 106.733591354000055, 10.698066363000066 ], [ 106.734011309000039, 10.698499954000056 ], [ 106.734301300000084, 10.699261189000026 ], [ 106.734482890000038, 10.700284600000032 ], [ 106.734819603000062, 10.701546938000035 ], [ 106.734880713000052, 10.701676300000031 ], [ 106.73521998800004, 10.702394688000027 ], [ 106.735508499000048, 10.702894446000073 ], [ 106.735950101000071, 10.703262474000041 ], [ 106.736421651000057, 10.703462311000067 ], [ 106.737564338000084, 10.703477728000053 ], [ 106.737876066000069, 10.70347427300004 ], [ 106.739013618000058, 10.703461513000036 ], [ 106.740488123000034, 10.703374922000023 ], [ 106.74202566200006, 10.703279206000047 ], [ 106.743673388000047, 10.703248213000052 ], [ 106.744860262000088, 10.703306921000035 ], [ 106.745674342000086, 10.70349840800003 ], [ 106.747177616000045, 10.703764123000042 ], [ 106.74869336900008, 10.703839683000069 ], [ 106.749648774000036, 10.704056939000054 ], [ 106.750207171000056, 10.704100895000067 ], [ 106.752095309000083, 10.704353488000038 ], [ 106.751993575000085, 10.704698332000021 ], [ 106.751422013000081, 10.707453734000069 ], [ 106.751215466000076, 10.709247749000042 ], [ 106.75116776200008, 10.710377636000032 ], [ 106.751224474000082, 10.712376428000027 ], [ 106.751233752000076, 10.712731856000062 ], [ 106.751234300000078, 10.712752821000038 ], [ 106.751234816000078, 10.712772613000027 ], [ 106.751253088000055, 10.713472986000056 ], [ 106.751727307000067, 10.716623722000065 ], [ 106.75191705800006, 10.71858091100006 ], [ 106.752304001000084, 10.720419943000024 ], [ 106.75288344900008, 10.721941725000022 ], [ 106.753655571000081, 10.723463416000072 ], [ 106.755070464000084, 10.725365067000041 ], [ 106.76486598300005, 10.737724520000029 ], [ 106.76561212200005, 10.738803344000075 ], [ 106.766633697000088, 10.740411057000074 ], [ 106.766659401000084, 10.740449776000048 ], [ 106.763959625000041, 10.742016087000025 ], [ 106.76266124700004, 10.742668881000043 ], [ 106.761723680000046, 10.743158201000028 ], [ 106.761073967000073, 10.743395073000045 ], [ 106.760008404000075, 10.743652015000066 ], [ 106.758851939000067, 10.743819989000031 ], [ 106.757730852000066, 10.743862125000021 ], [ 106.756663494000065, 10.743796579000048 ], [ 106.75581238400008, 10.743622069000025 ], [ 106.754843148000077, 10.743317077000029 ], [ 106.752559202000043, 10.742433092000056 ], [ 106.750438584000051, 10.741555217000041 ], [ 106.749254402000076, 10.74147918400007 ], [ 106.748169206000057, 10.741443895000032 ], [ 106.747336092000069, 10.741696955000066 ], [ 106.746255014000042, 10.742365276000044 ], [ 106.745508670000049, 10.743197206000048 ], [ 106.744679751000035, 10.744195182000055 ], [ 106.744455634000076, 10.744904058000031 ], [ 106.744430654000041, 10.744983048000051 ], [ 106.744351978000054, 10.745231830000023 ], [ 106.744028168000057, 10.746972004000042 ], [ 106.74399519900004, 10.748503476000053 ], [ 106.744169541000076, 10.749785588000066 ], [ 106.744573689000049, 10.751124707000031 ], [ 106.745837119000043, 10.753123857000048 ], [ 106.747078377000037, 10.754895629000032 ], [ 106.748715263000065, 10.756520369000043 ], [ 106.750438817000088, 10.757875807000062 ], [ 106.75099171100004, 10.758451143000059 ], [ 106.751434522000068, 10.759179757000027 ], [ 106.751864903000069, 10.760092371000042 ], [ 106.752476172000058, 10.761779725000054 ], [ 106.752680738000038, 10.762738442000057 ], [ 106.752830122000034, 10.763553942000044 ], [ 106.752869159000056, 10.764047035000033 ], [ 106.752849185000059, 10.76449111200003 ], [ 106.752772280000045, 10.765272099000072 ], [ 106.752587877000053, 10.766223886000034 ], [ 106.752299899000036, 10.767268992000027 ], [ 106.752114013000039, 10.767951444000062 ], [ 106.751713267000071, 10.769038582000064 ], [ 106.751355730000057, 10.769775693000042 ], [ 106.750889478000033, 10.770486663000042 ], [ 106.750439119000077, 10.770960828000057 ], [ 106.749443437000082, 10.771796805000065 ], [ 106.748550455000043, 10.772571552000045 ], [ 106.747826244000066, 10.773198110000067 ], [ 106.746969817000036, 10.77415549400007 ], [ 106.745551907000049, 10.775394965000032 ], [ 106.744530485000041, 10.776086551000049 ], [ 106.743989499000065, 10.776353246000042 ], [ 106.743327248000071, 10.776679554000054 ], [ 106.741950949000056, 10.777175731000057 ], [ 106.740720942000053, 10.777402459000029 ], [ 106.739661937000051, 10.777408499000046 ], [ 106.73823296900008, 10.77729441200006 ], [ 106.737394208000069, 10.777054900000053 ], [ 106.736677235000059, 10.776570393000043 ], [ 106.735759212000062, 10.775378760000024 ], [ 106.735285670000053, 10.774404449000031 ], [ 106.735009405000085, 10.77347793000007 ], [ 106.734766312000033, 10.771879579000029 ], [ 106.734611559000086, 10.770659262000038 ], [ 106.734622913000067, 10.768849524000075 ], [ 106.73432151600008, 10.765663172000075 ], [ 106.733853407000083, 10.763591197000039 ], [ 106.733230282000079, 10.76209502100005 ], [ 106.732529744000033, 10.760982597000066 ], [ 106.731440626000051, 10.760062416000039 ], [ 106.73011862900006, 10.759602864000044 ], [ 106.728019285000073, 10.759259081000039 ], [ 106.724399036000079, 10.75893865300003 ], [ 106.722355766000078, 10.759175332000041 ], [ 106.721431959000085, 10.756957892000059 ], [ 106.721110328000066, 10.756328698000061 ], [ 106.721100112000045, 10.756308599000022 ], [ 106.720962683000039, 10.756039768000051 ], [ 106.720900837000045, 10.755918789000077 ], [ 106.720660016000068, 10.755447863000029 ], [ 106.719853011000055, 10.754267838000032 ], [ 106.718912551000074, 10.753442589000031 ], [ 106.718269956000086, 10.75303100800005 ], [ 106.717234015000088, 10.752743621000036 ], [ 106.716738745000043, 10.752707946000044 ], [ 106.716102366000086, 10.752661934000059 ], [ 106.714721158000089, 10.75256218800007 ], [ 106.71428017900007, 10.752555314000062 ], [ 106.714249342000073, 10.752554761000056 ], [ 106.714186122000058, 10.75255409500005 ], [ 106.710525585000084, 10.752515556000048 ], [ 106.71041415500008, 10.75251445300006 ], [ 106.709902015000068, 10.752512701000057 ], [ 106.706129721000082, 10.752499794000073 ], [ 106.705239646000052, 10.752504685000076 ], [ 106.705127747000063, 10.752505299000063 ], [ 106.702161282000077, 10.752521578000028 ], [ 106.701509273000056, 10.752525243000036 ], [ 106.696227221000072, 10.752566350000052 ], [ 106.695719875000066, 10.752569122000068 ], [ 106.695633031000057, 10.752569598000036 ], [ 106.692459589000066, 10.752587003000031 ], [ 106.690068045000032, 10.752275183000052 ], [ 106.690230375000056, 10.75100563500007 ], [ 106.690267435000067, 10.750715746000026 ], [ 106.69056910900008, 10.750006739000071 ], [ 106.690870485000062, 10.74929854800007 ], [ 106.691634664000048, 10.748374162000061 ], [ 106.692039593000061, 10.747945514000037 ], [ 106.692398714000035, 10.747427361000064 ], [ 106.692667623000034, 10.746954622000032 ], [ 106.692868109000074, 10.746392411000045 ], [ 106.693000124000037, 10.745718403000069 ], [ 106.693041852000079, 10.745089810000024 ], [ 106.69306159100006, 10.744573506000052 ], [ 106.69299066800005, 10.744035190000034 ], [ 106.692635919000054, 10.743307796000067 ], [ 106.692362138000078, 10.742905351000047 ], [ 106.692224746000079, 10.742614241000069 ], [ 106.692155076000063, 10.742300438000029 ], [ 106.692152902000032, 10.741896513000029 ], [ 106.692195758000082, 10.741469927000026 ], [ 106.692227738000042, 10.741364634000035 ], [ 106.69228466800007, 10.741177586000049 ], [ 106.692866429000048, 10.740354341000057 ], [ 106.69371891600008, 10.739048043000025 ], [ 106.694023620000053, 10.738560738000047 ], [ 106.694483717000082, 10.737888919000056 ], [ 106.694808339000076, 10.737269902000037 ], [ 106.694954460000076, 10.736923106000063 ], [ 106.69500258000005, 10.736373386000025 ], [ 106.694996221000054, 10.736121969000067 ], [ 106.694992525000089, 10.735975832000065 ], [ 106.694990200000063, 10.735883469000044 ], [ 106.69488087600007, 10.735393539000029 ], [ 106.694499113000063, 10.734578438000028 ], [ 106.693928326000048, 10.733661415000029 ], [ 106.693293701000073, 10.732813432000057 ], [ 106.692349304000061, 10.732001479000076 ], [ 106.691646923000064, 10.731547764000027 ], [ 106.69102945800006, 10.731153783000025 ], [ 106.690779046000046, 10.730884436000053 ], [ 106.690629699000056, 10.730556512000021 ], [ 106.69054858800007, 10.730122556000026 ], [ 106.690478051000071, 10.729651664000073 ], [ 106.690272245000074, 10.727315658000066 ], [ 106.690260735000038, 10.727184118000025 ], [ 106.690206457000045, 10.725568573000032 ], [ 106.69015924100006, 10.725169953000034 ] ] ] ] } },
{ "type": "Feature", "properties": { "shape2": "Tan Phu", "shapeiso": "", "shapeid": "81297802B97138813252769", "shapegroup": "VNM", "shapetype": "ADM2", "shape1": "Ho Chi Minh", "shape0": "vietnam" }, "geometry": { "type": "MultiPolygon", "coordinates": [ [ [ [ 106.624089232000074, 10.762365551000073 ], [ 106.624187335000045, 10.762175200000058 ], [ 106.624451455000042, 10.761736189000032 ], [ 106.624504993000073, 10.76156486800005 ], [ 106.62461563800008, 10.761154411000064 ], [ 106.624694160000047, 10.760801061000052 ], [ 106.624744129000078, 10.760726108000028 ], [ 106.624886897000067, 10.760729677000029 ], [ 106.62510818700008, 10.760729677000029 ], [ 106.625222401000087, 10.760676140000044 ], [ 106.625300923000054, 10.760576202000038 ], [ 106.625829163000049, 10.760451280000041 ], [ 106.626226794000047, 10.760577118000072 ], [ 106.626582263000046, 10.760547649000046 ], [ 106.627392469000085, 10.760469126000032 ], [ 106.627760096000088, 10.760379897000064 ], [ 106.628084892000061, 10.760419158000047 ], [ 106.628159845000084, 10.760383466000064 ], [ 106.628391843000088, 10.760247837000065 ], [ 106.628531041000087, 10.760208575000036 ], [ 106.628655963000085, 10.760215714000026 ], [ 106.628895099000033, 10.760333497000033 ], [ 106.629034297000032, 10.760301374000051 ], [ 106.629269864000037, 10.760215714000026 ], [ 106.629480446000059, 10.760180022000043 ], [ 106.629669613000033, 10.760197868000034 ], [ 106.629730290000055, 10.760162176000051 ], [ 106.629765981000048, 10.759908763000055 ], [ 106.629773120000038, 10.759758857000065 ], [ 106.629844504000062, 10.759708889000024 ], [ 106.630083640000066, 10.759758857000065 ], [ 106.630304929000033, 10.75981239500004 ], [ 106.630497666000053, 10.759787411000048 ], [ 106.630646953000053, 10.759747791000052 ], [ 106.631018032000043, 10.75941098100003 ], [ 106.631202764000079, 10.759287054000026 ], [ 106.631507747000057, 10.759080711000024 ], [ 106.631786144000046, 10.758934374000034 ], [ 106.632011003000059, 10.758852283000067 ], [ 106.632432168000037, 10.758827298000028 ], [ 106.632625408000081, 10.758803874000023 ], [ 106.632781948000058, 10.758670254000037 ], [ 106.632914008000057, 10.758523917000048 ], [ 106.633096037000087, 10.758413272000041 ], [ 106.63328520400006, 10.758313335000025 ], [ 106.633510063000074, 10.75825265900005 ], [ 106.633631416000071, 10.75825622800005 ], [ 106.633749199000079, 10.758338319000075 ], [ 106.633899105000069, 10.758502502000056 ], [ 106.634006181000075, 10.758709515000021 ], [ 106.634162759000048, 10.759019787000057 ], [ 106.634183666000069, 10.759061216000077 ], [ 106.634994622000079, 10.759766573000036 ], [ 106.635123113000077, 10.760130631000038 ], [ 106.635408648000066, 10.761515477000046 ], [ 106.635587108000038, 10.762336391000076 ], [ 106.635658492000061, 10.76271472600007 ], [ 106.635615661000088, 10.764013911000063 ], [ 106.635608523000087, 10.765284543000064 ], [ 106.635665630000062, 10.76680501900006 ], [ 106.635629938000079, 10.768482539000047 ], [ 106.635570911000059, 10.769567429000062 ], [ 106.636116082000058, 10.769522886000061 ], [ 106.636318623000079, 10.769452733000037 ], [ 106.637595401000056, 10.769010500000036 ], [ 106.637706501000082, 10.769384304000027 ], [ 106.638047443000062, 10.769554775000074 ], [ 106.638495377000083, 10.769905788000074 ], [ 106.638908506000064, 10.770204556000067 ], [ 106.639229740000076, 10.770423626000024 ], [ 106.639650112000083, 10.770773886000029 ], [ 106.640097057000048, 10.77118529300003 ], [ 106.640697136000085, 10.771855373000051 ], [ 106.640819169000054, 10.771949534000044 ], [ 106.640961944000082, 10.771990858000038 ], [ 106.641058177000048, 10.772114587000033 ], [ 106.641355127000054, 10.772373043000073 ], [ 106.641624368000066, 10.772542180000073 ], [ 106.641748989000064, 10.772430490000033 ], [ 106.641776210000046, 10.772361867000029 ], [ 106.642097732000082, 10.772130164000032 ], [ 106.642279451000036, 10.772388344000035 ], [ 106.643042600000058, 10.773472600000048 ], [ 106.643626782000069, 10.77407008800003 ], [ 106.643745408000086, 10.774421222000058 ], [ 106.643856500000084, 10.774623200000065 ], [ 106.644137970000088, 10.774866117000045 ], [ 106.64435897900006, 10.77504562300004 ], [ 106.644516053000075, 10.775103799000021 ], [ 106.644883864000064, 10.775172753000049 ], [ 106.644964526000081, 10.775186197000039 ], [ 106.645577282000033, 10.775240263000057 ], [ 106.646226082000055, 10.775236659000029 ], [ 106.646501998000076, 10.775182580000035 ], [ 106.646972202000086, 10.775236659000029 ], [ 106.647693718000085, 10.775227436000023 ], [ 106.646856049000064, 10.776343907000069 ], [ 106.646057833000043, 10.777453880000053 ], [ 106.644873258000075, 10.779151290000073 ], [ 106.643797084000084, 10.780704249000053 ], [ 106.64333836600008, 10.781368757000052 ], [ 106.643251690000056, 10.781531275000077 ], [ 106.642947906000074, 10.782224840000026 ], [ 106.642470437000043, 10.783640306000052 ], [ 106.64206147200008, 10.78486563000007 ], [ 106.641985256000055, 10.785093984000071 ], [ 106.641638166000064, 10.785957652000036 ], [ 106.641194763000044, 10.787060975000031 ], [ 106.64097090100006, 10.787769300000036 ], [ 106.640168, 10.790023500000075 ], [ 106.639271200000053, 10.792703 ], [ 106.638359001000083, 10.795575401000065 ], [ 106.638271338000038, 10.795883422000031 ], [ 106.637876601000073, 10.797270401000048 ], [ 106.637289842000087, 10.799306065000053 ], [ 106.636830600000053, 10.800985300000036 ], [ 106.636637400000041, 10.801912700000059 ], [ 106.636419554000042, 10.802232509000021 ], [ 106.636291628000038, 10.802466586000037 ], [ 106.636162704000071, 10.802711364000061 ], [ 106.636082900000076, 10.802886 ], [ 106.636010900000088, 10.803102100000046 ], [ 106.635771701000067, 10.803822900000057 ], [ 106.634900391000087, 10.806731824000053 ], [ 106.63487437200007, 10.80694006300007 ], [ 106.634862334000047, 10.807423651000022 ], [ 106.634536440000034, 10.807956682000054 ], [ 106.634149778000051, 10.809128566000027 ], [ 106.633412145000079, 10.811508027000059 ], [ 106.632638820000068, 10.814042153000059 ], [ 106.631187349000072, 10.818818921000059 ], [ 106.630704266000066, 10.820438019000051 ], [ 106.630265308000048, 10.821900323000023 ], [ 106.629991670000038, 10.822524932000022 ], [ 106.629795364000074, 10.822869954000055 ], [ 106.629605007000066, 10.823101951000069 ], [ 106.629344967000065, 10.823339492000059 ], [ 106.627902682000069, 10.824682919000054 ], [ 106.627854864000085, 10.824629928000036 ], [ 106.627737134000085, 10.824487013000066 ], [ 106.627124500000036, 10.823743544000024 ], [ 106.625386241000058, 10.821766774000025 ], [ 106.624342707000039, 10.820471122000072 ], [ 106.623549204000085, 10.819583101000035 ], [ 106.620621487000051, 10.818561423000062 ], [ 106.61999645700007, 10.818354640000052 ], [ 106.619655022000074, 10.818356342000072 ], [ 106.61930208800004, 10.81839317400005 ], [ 106.619020309000064, 10.818523095000046 ], [ 106.618469192000077, 10.818922883000027 ], [ 106.617895108000084, 10.819427734000044 ], [ 106.61756646300006, 10.819592880000073 ], [ 106.617266431000075, 10.819623648000061 ], [ 106.61680711200006, 10.819579324000074 ], [ 106.61605267300007, 10.819384961000026 ], [ 106.613140352000073, 10.817913682000039 ], [ 106.611350998000034, 10.816733470000031 ], [ 106.609828143000072, 10.815324829000076 ], [ 106.607643358000075, 10.813073407000047 ], [ 106.607517390000055, 10.812797019000072 ], [ 106.607334467000044, 10.811117942000067 ], [ 106.607125075000056, 10.80841487400005 ], [ 106.607163146000062, 10.806911055000057 ], [ 106.606953754000074, 10.806130591000056 ], [ 106.608374585000035, 10.80595611900003 ], [ 106.609410989000082, 10.803974493000055 ], [ 106.609918372000038, 10.803152817000068 ], [ 106.613686347000055, 10.796719812000049 ], [ 106.614423300000055, 10.795194500000036 ], [ 106.615711100000055, 10.792396100000076 ], [ 106.616692500000056, 10.789972100000057 ], [ 106.61734180600007, 10.78823574200004 ], [ 106.617413368000086, 10.788056478000044 ], [ 106.618503618000034, 10.785325386000068 ], [ 106.618784389000041, 10.784510541000031 ], [ 106.620116276000033, 10.780645174000028 ], [ 106.620613322000054, 10.779089998000075 ], [ 106.620872329000065, 10.778370576000043 ], [ 106.621164883000063, 10.777415258000076 ], [ 106.621456051000052, 10.776187423000067 ], [ 106.621535132000076, 10.773791063000033 ], [ 106.62163632000005, 10.773038600000064 ], [ 106.622535842000048, 10.769298482000067 ], [ 106.623004971000057, 10.767396144000031 ], [ 106.624089232000074, 10.762365551000073 ] ] ] ] } },
{ "type": "Feature", "properties": { "shape2": "Quan 8", "shapeiso": "", "shapeid": "81297802B52284124086366", "shapegroup": "VNM", "shapetype": "ADM2", "shape1": "Ho Chi Minh", "shape0": "vietnam" }, "geometry": { "type": "MultiPolygon", "coordinates": [ [ [ [ 106.692227738000042, 10.741364634000035 ], [ 106.692195758000082, 10.741469927000026 ], [ 106.692152902000032, 10.741896513000029 ], [ 106.692155076000063, 10.742300438000029 ], [ 106.692224746000079, 10.742614241000069 ], [ 106.692362138000078, 10.742905351000047 ], [ 106.692635919000054, 10.743307796000067 ], [ 106.69299066800005, 10.744035190000034 ], [ 106.69306159100006, 10.744573506000052 ], [ 106.693041852000079, 10.745089810000024 ], [ 106.693000124000037, 10.745718403000069 ], [ 106.692868109000074, 10.746392411000045 ], [ 106.692667623000034, 10.746954622000032 ], [ 106.692398714000035, 10.747427361000064 ], [ 106.692039593000061, 10.747945514000037 ], [ 106.691634664000048, 10.748374162000061 ], [ 106.690870485000062, 10.74929854800007 ], [ 106.69056910900008, 10.750006739000071 ], [ 106.690267435000067, 10.750715746000026 ], [ 106.690230375000056, 10.75100563500007 ], [ 106.690068045000032, 10.752275183000052 ], [ 106.68840560600006, 10.752035123000041 ], [ 106.687989856000058, 10.751991624000027 ], [ 106.687295321000079, 10.751918956000054 ], [ 106.687074984000049, 10.751895840000032 ], [ 106.686405820000061, 10.75181107800006 ], [ 106.686335659000065, 10.751802149000071 ], [ 106.68542196900006, 10.751343065000071 ], [ 106.684799216000044, 10.751200327000049 ], [ 106.683627358000081, 10.75128137300004 ], [ 106.683417860000077, 10.751345834000062 ], [ 106.681895110000085, 10.751814372000069 ], [ 106.681247897000048, 10.751976176000028 ], [ 106.680534058000035, 10.751966658000072 ], [ 106.679049275000068, 10.751652569000044 ], [ 106.678478204000044, 10.751681123000026 ], [ 106.677688223000075, 10.751662087000057 ], [ 106.677441894000083, 10.751557169000023 ], [ 106.677174259000083, 10.751443176000066 ], [ 106.676850653000088, 10.751071981000052 ], [ 106.676469939000071, 10.749768036000034 ], [ 106.676060672000062, 10.74917793000003 ], [ 106.675494513000046, 10.748792742000035 ], [ 106.67491853000007, 10.748692520000077 ], [ 106.673519653000085, 10.748716441000056 ], [ 106.672738275000086, 10.748883980000073 ], [ 106.671275699000034, 10.749368195000045 ], [ 106.670545015000073, 10.749487461000058 ], [ 106.670193193000046, 10.749545033000061 ], [ 106.667730290000065, 10.75000387800003 ], [ 106.667008105000036, 10.750161415000036 ], [ 106.665755226000044, 10.75027224400003 ], [ 106.664922415000035, 10.750141373000076 ], [ 106.663572071000033, 10.749641687000064 ], [ 106.660788101000037, 10.748672056000032 ], [ 106.66053409500006, 10.748583645000053 ], [ 106.65934190300004, 10.748168682000028 ], [ 106.657215958000052, 10.747428709000076 ], [ 106.656961838000086, 10.747306776000073 ], [ 106.655664331000082, 10.746684233000053 ], [ 106.654890249000061, 10.746241932000032 ], [ 106.650977947000058, 10.74393191200005 ], [ 106.649411500000042, 10.743007336000062 ], [ 106.646877842000038, 10.741511922000029 ], [ 106.644083311000088, 10.739821230000075 ], [ 106.643981035000081, 10.739759353000068 ], [ 106.642035350000072, 10.738582204000068 ], [ 106.641820703000064, 10.738452546000076 ], [ 106.637205374000075, 10.735664533000033 ], [ 106.635722332000057, 10.734646606000069 ], [ 106.634881971000084, 10.734064854000053 ], [ 106.634495393000066, 10.733817028000033 ], [ 106.634240115000068, 10.733647475000055 ], [ 106.633456307000074, 10.733126879000054 ], [ 106.632456934000061, 10.732541531000038 ], [ 106.631885863000036, 10.732341657000063 ], [ 106.631143471000087, 10.731899077000037 ], [ 106.630757999000082, 10.731470774000059 ], [ 106.630301142000064, 10.731228069000053 ], [ 106.629244661000087, 10.730799766000075 ], [ 106.628645037000069, 10.730471400000056 ], [ 106.627888369000061, 10.729971714000044 ], [ 106.62753144900006, 10.729857499000047 ], [ 106.627360128000078, 10.730514231000029 ], [ 106.627674217000049, 10.731013917000041 ], [ 106.627774154000065, 10.731385113000044 ], [ 106.627717047000033, 10.73162781800005 ], [ 106.627360128000078, 10.731756309000048 ], [ 106.627117423000072, 10.731756309000048 ], [ 106.626289371000041, 10.731470774000059 ], [ 106.62578968400004, 10.731413667000027 ], [ 106.625275720000047, 10.731513604000043 ], [ 106.624833141000067, 10.731527881000034 ], [ 106.624547605000032, 10.731370837000043 ], [ 106.624176409000086, 10.731356560000052 ], [ 106.624019365000038, 10.731599265000057 ], [ 106.624019365000038, 10.731913354000028 ], [ 106.624119302000054, 10.732612915000061 ], [ 106.624147856000036, 10.733455244000027 ], [ 106.624461945000064, 10.734454618000029 ], [ 106.624461945000064, 10.734968582000022 ], [ 106.62456188200008, 10.735339778000025 ], [ 106.624547605000032, 10.735710973000039 ], [ 106.624262070000043, 10.735839464000037 ], [ 106.624047919000077, 10.735796634000053 ], [ 106.623733830000049, 10.73542543800005 ], [ 106.62344829400007, 10.735254117000068 ], [ 106.623005715000033, 10.735168456000054 ], [ 106.622434644000066, 10.734825814000033 ], [ 106.62217766200007, 10.734697323000034 ], [ 106.622063448000063, 10.734454618000029 ], [ 106.621592315000044, 10.734083422000026 ], [ 106.621107821000066, 10.734118165000041 ], [ 106.62064461600005, 10.730226714000025 ], [ 106.620285109000065, 10.727131685000074 ], [ 106.620181622000075, 10.726401644000077 ], [ 106.619712699000047, 10.722434900000053 ], [ 106.619432200000062, 10.720010900000034 ], [ 106.619074300000079, 10.716905900000029 ], [ 106.619058734000077, 10.716199163000056 ], [ 106.618392485000072, 10.71616109200005 ], [ 106.617849618000037, 10.715657477000036 ], [ 106.617297583000038, 10.715238692000071 ], [ 106.616669406000085, 10.715124478000064 ], [ 106.615984121000054, 10.715124478000064 ], [ 106.615566, 10.714992500000051 ], [ 106.615599384000063, 10.714937664000047 ], [ 106.615961568000046, 10.714343425000038 ], [ 106.611171399000057, 10.713080407000064 ], [ 106.605328195000084, 10.711676823000062 ], [ 106.603717668000058, 10.711005886000066 ], [ 106.603694807000068, 10.710830015000056 ], [ 106.603651434000085, 10.710494980000021 ], [ 106.603521374000081, 10.70888489400005 ], [ 106.603908003000072, 10.706779071000028 ], [ 106.604319733000068, 10.704759802000069 ], [ 106.604370950000089, 10.704508434000047 ], [ 106.603331320000052, 10.704250927000032 ], [ 106.601671689000057, 10.703733475000035 ], [ 106.60052014300004, 10.703235370000073 ], [ 106.599035786000059, 10.702432183000042 ], [ 106.597995056000059, 10.701977249000038 ], [ 106.597912663000045, 10.701329475000023 ], [ 106.598350484000036, 10.700168298000051 ], [ 106.599016733000042, 10.698911943000041 ], [ 106.599854303000086, 10.697331981000048 ], [ 106.601320051000073, 10.695713947000058 ], [ 106.602043407000053, 10.695295162000036 ], [ 106.602938084000073, 10.695180948000029 ], [ 106.603680476000079, 10.695238055000061 ], [ 106.604460939000035, 10.695656840000026 ], [ 106.605641152000032, 10.695675876000053 ], [ 106.60706882900007, 10.69550455500007 ], [ 106.608991433000085, 10.695333233000042 ], [ 106.609905146000074, 10.695485519000044 ], [ 106.610342967000065, 10.695923340000036 ], [ 106.610780788000056, 10.696380196000064 ], [ 106.611104395000041, 10.696494410000071 ], [ 106.61163739400007, 10.696475375000034 ], [ 106.612364829000057, 10.696404592000022 ], [ 106.612546808000047, 10.696493679000071 ], [ 106.612728807000053, 10.696600845000034 ], [ 106.612892810000062, 10.696726001000059 ], [ 106.613093335000087, 10.696886943000038 ], [ 106.613275600000065, 10.697030083000072 ], [ 106.61351245700007, 10.697190927000065 ], [ 106.613730977000046, 10.697333788000037 ], [ 106.613967758000058, 10.69749463200003 ], [ 106.614222495000035, 10.697601330000055 ], [ 106.614731533000054, 10.697760765000055 ], [ 106.615691995000077, 10.697788837000076 ], [ 106.616148852000038, 10.697922087000052 ], [ 106.616605708000066, 10.697979194000027 ], [ 106.617424243000073, 10.69775076600007 ], [ 106.618014349000077, 10.697788837000076 ], [ 106.618318920000036, 10.697922087000052 ], [ 106.618471206000038, 10.698131480000029 ], [ 106.618433134000043, 10.698816764000071 ], [ 106.618433134000043, 10.699083264000024 ], [ 106.619080348000068, 10.699444942000071 ], [ 106.619575276000035, 10.699502049000046 ], [ 106.619936954000082, 10.699425906000045 ], [ 106.619975025000087, 10.69910230000005 ], [ 106.620279596000046, 10.699178442000061 ], [ 106.620421126000053, 10.699699138000028 ], [ 106.620574845000078, 10.699689571000022 ], [ 106.621406977000049, 10.699228689000051 ], [ 106.621713124000053, 10.698143959000049 ], [ 106.621806900000081, 10.697577903000024 ], [ 106.621985104000032, 10.696502245000033 ], [ 106.622191361000034, 10.695670492000033 ], [ 106.622561889000053, 10.694957200000033 ], [ 106.623718870000062, 10.692822869000054 ], [ 106.623905291000085, 10.692485831000056 ], [ 106.624322158000041, 10.692620874000056 ], [ 106.624726039000052, 10.692751734000069 ], [ 106.626188738000053, 10.693352166000068 ], [ 106.625834420000047, 10.693851878000032 ], [ 106.625375523000059, 10.694473345000063 ], [ 106.626656835000063, 10.697031830000071 ], [ 106.628879950000055, 10.70147073000004 ], [ 106.629632210000068, 10.702893955000036 ], [ 106.630311907000078, 10.704179534000048 ], [ 106.631109872000081, 10.705689107000069 ], [ 106.635162362000074, 10.713930341000037 ], [ 106.637137038000049, 10.717847951000067 ], [ 106.638857785000084, 10.721548317000043 ], [ 106.64187531400006, 10.72722962000006 ], [ 106.642419153000048, 10.727437728000041 ], [ 106.645827069000063, 10.72874181800006 ], [ 106.645557954000083, 10.729377419000059 ], [ 106.649280076000082, 10.73069091800005 ], [ 106.649865083000066, 10.730890104000025 ], [ 106.651908675000072, 10.731237196000052 ], [ 106.65350531100006, 10.731430458000034 ], [ 106.65608633100004, 10.732094349000022 ], [ 106.656488330000059, 10.732062950000056 ], [ 106.656497848000072, 10.73229137900006 ], [ 106.657357743000034, 10.732371310000076 ], [ 106.65893148300006, 10.732684407000022 ], [ 106.659419272000036, 10.732624920000035 ], [ 106.659669115000042, 10.732731996000041 ], [ 106.660192597000048, 10.733005634000051 ], [ 106.661227662000044, 10.733243580000021 ], [ 106.661953398000037, 10.733374451000032 ], [ 106.663357280000071, 10.733969316000071 ], [ 106.664368551000052, 10.734135878000075 ], [ 106.665736741000046, 10.73435003000003 ], [ 106.665808125000069, 10.733636191000073 ], [ 106.665772433000086, 10.732862867000051 ], [ 106.665950893000058, 10.732351282000025 ], [ 106.666151738000053, 10.732471682000039 ], [ 106.666223498000079, 10.732352055000035 ], [ 106.666467393000062, 10.732482925000056 ], [ 106.666622058000087, 10.732524566000052 ], [ 106.666824312000074, 10.732518617000039 ], [ 106.66693138800008, 10.73244128500005 ], [ 106.667092002000061, 10.73250672000006 ], [ 106.667252615000052, 10.732685179000043 ], [ 106.667401332000054, 10.732827947000033 ], [ 106.667329948000088, 10.733036150000032 ], [ 106.667329948000088, 10.733285993000038 ], [ 106.667645691000075, 10.733514718000038 ], [ 106.669802883000045, 10.73497128300005 ], [ 106.670102158000077, 10.735266947000071 ], [ 106.671699219000061, 10.736255379000056 ], [ 106.671786782000083, 10.736134282000023 ], [ 106.673394624000082, 10.737215241000058 ], [ 106.673630090000074, 10.737417204000053 ], [ 106.673909454000068, 10.737555987000064 ], [ 106.67461724900005, 10.736840760000064 ], [ 106.674206001000073, 10.736625543000059 ], [ 106.674201545000074, 10.736560608000048 ], [ 106.674244823000038, 10.736493320000022 ], [ 106.674436330000049, 10.736276589000056 ], [ 106.674517815000058, 10.73620207700003 ], [ 106.674681900000053, 10.736075400000061 ], [ 106.675030200000037, 10.735846500000036 ], [ 106.675759838000033, 10.735494713000037 ], [ 106.676601558000073, 10.735188785000048 ], [ 106.676753725000083, 10.735138138000025 ], [ 106.676864901000044, 10.735138293000034 ], [ 106.677255340000045, 10.735198718000049 ], [ 106.678065267000079, 10.735425498000041 ], [ 106.678082496000059, 10.73522377200004 ], [ 106.678539594000085, 10.735208858000021 ], [ 106.678947296000047, 10.735240371000032 ], [ 106.679184789000033, 10.735205374000031 ], [ 106.67955801100004, 10.735136020000027 ], [ 106.679863425000065, 10.735100746000057 ], [ 106.680536988000085, 10.734980587000052 ], [ 106.680915762000041, 10.735027721000051 ], [ 106.681131854000057, 10.734980587000052 ], [ 106.681607746000054, 10.734635565000076 ], [ 106.681845692000081, 10.734611770000072 ], [ 106.682155022000074, 10.734635565000076 ], [ 106.682024152000054, 10.735254225000062 ], [ 106.681964665000066, 10.736313085000063 ], [ 106.682095535000087, 10.73678897700006 ], [ 106.682583325000053, 10.737931119000052 ], [ 106.682975936000048, 10.738383216000045 ], [ 106.682987833000084, 10.738752033000026 ], [ 106.683023525000067, 10.738978081000027 ], [ 106.682987833000084, 10.739299309000046 ], [ 106.683035423000035, 10.739453974000071 ], [ 106.684034796000049, 10.739763303000075 ], [ 106.686164414000075, 10.739906071000064 ], [ 106.687722961000077, 10.740262990000076 ], [ 106.69029277900006, 10.741107699000054 ], [ 106.691423023000084, 10.741321850000077 ], [ 106.692227738000042, 10.741364634000035 ] ] ] ] } },
{ "type": "Feature", "properties": { "shape2": "Quan 9", "shapeiso": "", "shapeid": "81297802B54605917200404", "shapegroup": "VNM", "shapetype": "ADM2", "shape1": "Ho Chi Minh", "shape0": "vietnam" }, "geometry": { "type": "MultiPolygon", "coordinates": [ [ [ [ 106.840376335000087, 10.898641017000045 ], [ 106.840340845000071, 10.898646381000049 ], [ 106.838750967000067, 10.898885126000039 ], [ 106.838532977000057, 10.898905141000057 ], [ 106.837385443000073, 10.899010988000043 ], [ 106.834890509000047, 10.899025936000044 ], [ 106.833672575000037, 10.899003763000053 ], [ 106.832941217000041, 10.89841018900006 ], [ 106.832581013000038, 10.897793969000077 ], [ 106.832073037000043, 10.897296486000073 ], [ 106.831495915000062, 10.896751604000031 ], [ 106.831236484000044, 10.896506599000077 ], [ 106.830461522000064, 10.89606963500006 ], [ 106.829953552000063, 10.895572147000053 ], [ 106.828140678000068, 10.895406362000074 ], [ 106.827130857000043, 10.895412382000075 ], [ 106.826018099000066, 10.895580973000051 ], [ 106.825391639000088, 10.895143019000045 ], [ 106.824613099000032, 10.894117146000042 ], [ 106.823834924000039, 10.893150195000032 ], [ 106.823612325000056, 10.892722487000071 ], [ 106.823585997000066, 10.891296815000032 ], [ 106.823588985000072, 10.891192860000046 ], [ 106.823647290000054, 10.889161954000031 ], [ 106.82361230500004, 10.888308256000073 ], [ 106.823073214000033, 10.887575408000032 ], [ 106.822239293000052, 10.88719760400005 ], [ 106.821300036000082, 10.886599716000035 ], [ 106.820793170000059, 10.886278804000028 ], [ 106.819159268000078, 10.886229659000037 ], [ 106.818681046000052, 10.885731970000052 ], [ 106.818201219000059, 10.884969297000055 ], [ 106.817662428000062, 10.884295271000042 ], [ 106.817565868000088, 10.883059265000043 ], [ 106.817277146000038, 10.88132329900003 ], [ 106.817038627000045, 10.881147002000034 ], [ 106.816841590000081, 10.881178113000033 ], [ 106.816582145000041, 10.881219154000064 ], [ 106.81608041700008, 10.881568396000034 ], [ 106.814367205000053, 10.87955775100005 ], [ 106.813550095000039, 10.878677445000051 ], [ 106.813034707000043, 10.87914134500005 ], [ 106.808592303000069, 10.873032796000075 ], [ 106.807707776000086, 10.871865607000075 ], [ 106.807065437000063, 10.871018 ], [ 106.806208831000049, 10.869940104000023 ], [ 106.805009582000082, 10.868655195000031 ], [ 106.804374266000082, 10.868098401000054 ], [ 106.802968005000082, 10.867013367000027 ], [ 106.800141205000045, 10.865342985000041 ], [ 106.795793930000059, 10.862744614000064 ], [ 106.791582284000071, 10.860189073000072 ], [ 106.786577137000052, 10.857225861000074 ], [ 106.786385541000072, 10.857112430000029 ], [ 106.78189549800004, 10.854449813000031 ], [ 106.77794797200005, 10.852108423000061 ], [ 106.776070578000088, 10.850944867000067 ], [ 106.775249664000057, 10.850338104000059 ], [ 106.774328812000078, 10.849481498000046 ], [ 106.774034387000086, 10.849156404000041 ], [ 106.773300885000083, 10.848346495000044 ], [ 106.771551981000073, 10.845391205000055 ], [ 106.769981537000035, 10.842678619000026 ], [ 106.769059240000047, 10.841047450000076 ], [ 106.768254048000074, 10.839623391000032 ], [ 106.767288939000082, 10.83789398600004 ], [ 106.765955489000078, 10.835504544000059 ], [ 106.765932633000034, 10.835463847000028 ], [ 106.763658357000054, 10.831414346000031 ], [ 106.761659610000038, 10.827916538000068 ], [ 106.760510330000045, 10.825874961000068 ], [ 106.75966800100008, 10.824347347000071 ], [ 106.759025547000078, 10.82288397800005 ], [ 106.758475891000046, 10.821070829000064 ], [ 106.758061865000059, 10.819064943000058 ], [ 106.757390857000075, 10.815267323000057 ], [ 106.757005277000076, 10.813220774000058 ], [ 106.757417821000047, 10.813221758000054 ], [ 106.757490783000037, 10.813230381000039 ], [ 106.757804064000084, 10.813267463000045 ], [ 106.758287095000071, 10.813360338000052 ], [ 106.758758493000073, 10.813501181000049 ], [ 106.759133579000036, 10.813702407000051 ], [ 106.759690674000069, 10.814070074000028 ], [ 106.760162690000072, 10.814342509000028 ], [ 106.760634224000057, 10.814519321000034 ], [ 106.76108114200008, 10.814612397000076 ], [ 106.761376670000061, 10.814604746000043 ], [ 106.761750437000046, 10.81456673200006 ], [ 106.762149097000076, 10.814427165000041 ], [ 106.762507473000085, 10.81423260400004 ], [ 106.763071668000066, 10.813762827000062 ], [ 106.763570990000062, 10.813262689000055 ], [ 106.763728676000085, 10.812879469000052 ], [ 106.763800299000081, 10.812581520000037 ], [ 106.763900446000036, 10.812042266000049 ], [ 106.76404358700006, 10.81138960800007 ], [ 106.764200948000052, 10.810538297000051 ], [ 106.76435865500008, 10.81005583700005 ], [ 106.764545179000038, 10.809743584000046 ], [ 106.764889785000037, 10.809374480000031 ], [ 106.76526584800007, 10.809085456000048 ], [ 106.765722652000079, 10.808807720000061 ], [ 106.766375811000046, 10.808429260000025 ], [ 106.766802834000089, 10.808229422000068 ], [ 106.767156194000052, 10.808150470000044 ], [ 106.767274443000076, 10.808124049000071 ], [ 106.767576280000071, 10.808152058000076 ], [ 106.767853658000035, 10.808239588000049 ], [ 106.768349026000067, 10.808380281000041 ], [ 106.768735197000069, 10.808402022000053 ], [ 106.769159382000055, 10.808438728000056 ], [ 106.769581533000064, 10.808424289000072 ], [ 106.769989863000035, 10.808418696000047 ], [ 106.770375970000089, 10.80841648300003 ], [ 106.770966864000059, 10.808389236000039 ], [ 106.77127409600007, 10.808321675000059 ], [ 106.771562918000086, 10.808200353000075 ], [ 106.772074497000062, 10.807878640000069 ], [ 106.772419193000076, 10.807693909000022 ], [ 106.772779214000082, 10.807653973000072 ], [ 106.773093004000089, 10.807676123000022 ], [ 106.773569044000055, 10.807735484000034 ], [ 106.774172716000066, 10.807791670000029 ], [ 106.774517689000049, 10.80783397600004 ], [ 106.774806285000068, 10.807918543000028 ], [ 106.775181089000057, 10.808071847000065 ], [ 106.775689587000045, 10.808367909000026 ], [ 106.77666871100007, 10.809135499000035 ], [ 106.77683537200005, 10.808905348000053 ], [ 106.776981083000067, 10.808543152000027 ], [ 106.777133778000064, 10.807878865000021 ], [ 106.777268699000047, 10.807400082000072 ], [ 106.778352489000042, 10.80382030100003 ], [ 106.778869109000084, 10.802025774000072 ], [ 106.779633561000082, 10.799371621000034 ], [ 106.780384973000082, 10.796767732000035 ], [ 106.78106718500004, 10.794484518000047 ], [ 106.781077027000038, 10.794451580000043 ], [ 106.781512789000033, 10.792968562000055 ], [ 106.78160108700007, 10.792653390000055 ], [ 106.781635391000066, 10.792285985000035 ], [ 106.781615773000055, 10.791485024000053 ], [ 106.781589765000035, 10.79042314000003 ], [ 106.78508792000008, 10.790599013000076 ], [ 106.786692225000081, 10.790685413000062 ], [ 106.787062891000062, 10.786212944000056 ], [ 106.787219936000042, 10.785427722000065 ], [ 106.787077168000053, 10.784913759000062 ], [ 106.786606035000034, 10.784442625000054 ], [ 106.784464520000085, 10.783086333000028 ], [ 106.783793512000045, 10.782415325000045 ], [ 106.783764959000052, 10.781958468000028 ], [ 106.784021940000059, 10.781672933000038 ], [ 106.78670597200005, 10.780330917000072 ], [ 106.789780350000058, 10.778529947000038 ], [ 106.790853119000076, 10.778316866000068 ], [ 106.792102808000038, 10.778331148000063 ], [ 106.793149548000088, 10.778422702000057 ], [ 106.794899283000063, 10.778636985000048 ], [ 106.795977143000073, 10.778712984000038 ], [ 106.796352076000062, 10.778728072000035 ], [ 106.796929949000059, 10.778588697000032 ], [ 106.797460783000076, 10.778310586000032 ], [ 106.797694885000055, 10.778109936000021 ], [ 106.79778847700004, 10.777924834000032 ], [ 106.797819381000068, 10.777631728000074 ], [ 106.797881072000052, 10.776860688000056 ], [ 106.797990123000034, 10.776536760000056 ], [ 106.798146072000065, 10.776289837000036 ], [ 106.798317723000082, 10.77613546300006 ], [ 106.798536406000039, 10.77604272800005 ], [ 106.798895654000034, 10.776057814000069 ], [ 106.799161268000034, 10.776072992000024 ], [ 106.799442429000067, 10.776103626000065 ], [ 106.799676815000055, 10.776103349000039 ], [ 106.799942304000069, 10.776072252000063 ], [ 106.800426368000046, 10.775917508000077 ], [ 106.80106642800007, 10.775562295000043 ], [ 106.801581803000033, 10.775361363000059 ], [ 106.801878529000078, 10.775283898000055 ], [ 106.802268937000065, 10.775252705000071 ], [ 106.802643880000062, 10.775283152000043 ], [ 106.803081387000077, 10.775375234000023 ], [ 106.803550211000072, 10.775636871000074 ], [ 106.804144089000033, 10.775883046000047 ], [ 106.804597046000083, 10.775898122000058 ], [ 106.805065725000077, 10.775882196000055 ], [ 106.805731740000056, 10.775810077000074 ], [ 106.806802866000055, 10.77558795300007 ], [ 106.807571984000049, 10.775276492000046 ], [ 106.808300634000034, 10.774886945000048 ], [ 106.809602336000069, 10.774172386000032 ], [ 106.810713584000041, 10.775297010000031 ], [ 106.812804542000038, 10.777292771000077 ], [ 106.814539126000057, 10.778654141000061 ], [ 106.816317150000089, 10.779701533000036 ], [ 106.817966457000068, 10.780391129000066 ], [ 106.819415636000087, 10.780884591000074 ], [ 106.820338382000045, 10.781004616000075 ], [ 106.820971112000052, 10.781000896000023 ], [ 106.821729662000052, 10.780870896000067 ], [ 106.822198657000058, 10.780706808000048 ], [ 106.822227808000036, 10.780690187000062 ], [ 106.822531943000058, 10.780516585000044 ], [ 106.82346773900008, 10.779811894000034 ], [ 106.824347922000072, 10.778874348000045 ], [ 106.825064876000056, 10.777848197000026 ], [ 106.82529607400005, 10.777219325000033 ], [ 106.825622654000085, 10.775917554000046 ], [ 106.825737557000082, 10.773980662000042 ], [ 106.825602158000038, 10.772529231000021 ], [ 106.825332503000084, 10.771266763000028 ], [ 106.824669645000085, 10.769280675000061 ], [ 106.823814629000083, 10.766892257000052 ], [ 106.823148420000052, 10.764332357000058 ], [ 106.823016677000055, 10.763472621000062 ], [ 106.823037434000071, 10.762423544000058 ], [ 106.823194905000037, 10.761544122000032 ], [ 106.823461347000034, 10.760771703000046 ], [ 106.82385540100006, 10.760159861000034 ], [ 106.824251070000059, 10.759816801000056 ], [ 106.824828075000084, 10.759580317000029 ], [ 106.825785353000072, 10.759449146000065 ], [ 106.82663563300008, 10.759551694000038 ], [ 106.828302745000087, 10.760223160000066 ], [ 106.828919822000046, 10.76063192600003 ], [ 106.829297955000072, 10.761002464000057 ], [ 106.829319918000067, 10.761023985000065 ], [ 106.829639488000055, 10.761550914000054 ], [ 106.830497491000074, 10.762944301000061 ], [ 106.831190734000074, 10.763980121000031 ], [ 106.831362525000088, 10.764202616000034 ], [ 106.835585263000041, 10.769195893000074 ], [ 106.836333513000056, 10.769910793000065 ], [ 106.837705216000074, 10.771023189000061 ], [ 106.839024824000035, 10.771996974000047 ], [ 106.840718859000049, 10.773163928000031 ], [ 106.841674538000063, 10.773732701000029 ], [ 106.842617424000082, 10.774193182000033 ], [ 106.843415272000072, 10.774505848000047 ], [ 106.845057436000047, 10.775098270000058 ], [ 106.84657678700006, 10.775404370000047 ], [ 106.848710543000038, 10.775499106000041 ], [ 106.851272164000079, 10.775156366000033 ], [ 106.852120512000056, 10.774936194000077 ], [ 106.853066751000085, 10.774451257000067 ], [ 106.853641599000071, 10.774146134000034 ], [ 106.854261799000085, 10.77357773600005 ], [ 106.85841939800008, 10.769115510000063 ], [ 106.86093537000005, 10.766715960000056 ], [ 106.862411743000052, 10.765738961000068 ], [ 106.863853795000068, 10.765066919000049 ], [ 106.865288209000084, 10.764636950000067 ], [ 106.86689612300006, 10.76448384400004 ], [ 106.868288598000049, 10.76456511300006 ], [ 106.869465153000078, 10.764826897000034 ], [ 106.870716400000049, 10.765464651000059 ], [ 106.871751109000058, 10.766157661000022 ], [ 106.872632618000068, 10.76693221000005 ], [ 106.873197772000083, 10.767699719000063 ], [ 106.873800478000078, 10.768700084000045 ], [ 106.874021973000083, 10.769433698000057 ], [ 106.874154785000087, 10.77045479700007 ], [ 106.874114232000068, 10.771199124000077 ], [ 106.873868010000081, 10.772294185000021 ], [ 106.873352109000052, 10.773641946000055 ], [ 106.872200056000054, 10.775898867000024 ], [ 106.871358674000078, 10.777230698000039 ], [ 106.870479437000085, 10.778293793000046 ], [ 106.868710849000081, 10.780249676000039 ], [ 106.866645172000062, 10.782395601000076 ], [ 106.865442194000082, 10.783729513000026 ], [ 106.86499467200008, 10.784449361000043 ], [ 106.864664805000075, 10.785177446000034 ], [ 106.864366069000084, 10.786577668000064 ], [ 106.864361141000074, 10.786634365000054 ], [ 106.864265364000062, 10.788452087000053 ], [ 106.864399497000079, 10.789175931000045 ], [ 106.864733822000062, 10.789965359000064 ], [ 106.865735482000048, 10.79121467300007 ], [ 106.868538190000038, 10.793185894000032 ], [ 106.875679043000048, 10.798508575000028 ], [ 106.878684056000054, 10.802124770000034 ], [ 106.880687758000079, 10.804820832000075 ], [ 106.881556698000054, 10.806531084000028 ], [ 106.881759080000052, 10.808373729000039 ], [ 106.881645924000054, 10.810081283000045 ], [ 106.881553319000034, 10.810658816000057 ], [ 106.881058491000033, 10.812472269000068 ], [ 106.879497828000069, 10.815842816000043 ], [ 106.878122720000079, 10.818540003000066 ], [ 106.87713659700006, 10.819836593000048 ], [ 106.87583561200006, 10.821377125000026 ], [ 106.872295938000036, 10.824858282000037 ], [ 106.872097546000077, 10.82502934300004 ], [ 106.870963166000081, 10.826007443000037 ], [ 106.870363010000062, 10.82652491500005 ], [ 106.864990311000042, 10.832957025000042 ], [ 106.864538121000066, 10.833504107000067 ], [ 106.863193467000087, 10.835159559000033 ], [ 106.859878592000086, 10.838474229000042 ], [ 106.858274818000041, 10.840388719000032 ], [ 106.85703211200007, 10.841700191000029 ], [ 106.855362742000068, 10.843132084000047 ], [ 106.855355927000062, 10.843139536000024 ], [ 106.854682959000058, 10.843876558000034 ], [ 106.854236165000088, 10.844668615000046 ], [ 106.853431865000061, 10.846646779000025 ], [ 106.852953897000077, 10.848022505000074 ], [ 106.852135863000058, 10.850601318000031 ], [ 106.850852576000079, 10.853783584000041 ], [ 106.849065971000073, 10.85756320400003 ], [ 106.846826422000049, 10.862300211000047 ], [ 106.846741168000051, 10.863299318000031 ], [ 106.846724688000052, 10.863366298000074 ], [ 106.84662828200004, 10.864636697000037 ], [ 106.84670224000007, 10.865356932000054 ], [ 106.847090738000077, 10.866384192000055 ], [ 106.848129670000048, 10.868625841000039 ], [ 106.849395134000076, 10.870986235000032 ], [ 106.850279503000081, 10.873520545000076 ], [ 106.850879712000051, 10.875061226000071 ], [ 106.850986810000052, 10.876016693000054 ], [ 106.85082714300006, 10.876514917000065 ], [ 106.850560917000053, 10.876891231000059 ], [ 106.849491863000083, 10.87820074900003 ], [ 106.847593612000082, 10.88030408000003 ], [ 106.846383395000032, 10.881460436000054 ], [ 106.844275107000044, 10.883202055000027 ], [ 106.843614799000079, 10.884457226000052 ], [ 106.843349044000036, 10.886187767000024 ], [ 106.843009455000072, 10.889022096000076 ], [ 106.842653714000051, 10.891094358000032 ], [ 106.842083243000047, 10.893838972000026 ], [ 106.841361103000054, 10.896277572000031 ], [ 106.840376335000087, 10.898641017000045 ] ] ] ] } },
{ "type": "Feature", "properties": { "shape2": "Tan Binh", "shapeiso": "", "shapeid": "81297802B72151759297882", "shapegroup": "VNM", "shapetype": "ADM2", "shape1": "Ho Chi Minh", "shape0": "vietnam" }, "geometry": { "type": "MultiPolygon", "coordinates": [ [ [ [ 106.632436053000049, 10.833130546000064 ], [ 106.632425630000057, 10.833135809000055 ], [ 106.632042765000051, 10.831853609000063 ], [ 106.631509766000079, 10.830425932000026 ], [ 106.630634124000039, 10.828655613000024 ], [ 106.629490289000046, 10.826744161000022 ], [ 106.628834141000084, 10.825780072000043 ], [ 106.628654381000047, 10.825515947000042 ], [ 106.627902682000069, 10.824682919000054 ], [ 106.629344967000065, 10.823339492000059 ], [ 106.629605007000066, 10.823101951000069 ], [ 106.629795364000074, 10.822869954000055 ], [ 106.629991670000038, 10.822524932000022 ], [ 106.630265308000048, 10.821900323000023 ], [ 106.630704266000066, 10.820438019000051 ], [ 106.631187349000072, 10.818818921000059 ], [ 106.632638820000068, 10.814042153000059 ], [ 106.633412145000079, 10.811508027000059 ], [ 106.634149778000051, 10.809128566000027 ], [ 106.634536440000034, 10.807956682000054 ], [ 106.634862334000047, 10.807423651000022 ], [ 106.63487437200007, 10.80694006300007 ], [ 106.634900391000087, 10.806731824000053 ], [ 106.635771701000067, 10.803822900000057 ], [ 106.636010900000088, 10.803102100000046 ], [ 106.636082900000076, 10.802886 ], [ 106.636162704000071, 10.802711364000061 ], [ 106.636291628000038, 10.802466586000037 ], [ 106.636419554000042, 10.802232509000021 ], [ 106.636637400000041, 10.801912700000059 ], [ 106.636830600000053, 10.800985300000036 ], [ 106.637289842000087, 10.799306065000053 ], [ 106.637876601000073, 10.797270401000048 ], [ 106.638271338000038, 10.795883422000031 ], [ 106.638359001000083, 10.795575401000065 ], [ 106.639271200000053, 10.792703 ], [ 106.640168, 10.790023500000075 ], [ 106.64097090100006, 10.787769300000036 ], [ 106.641194763000044, 10.787060975000031 ], [ 106.641638166000064, 10.785957652000036 ], [ 106.641985256000055, 10.785093984000071 ], [ 106.64206147200008, 10.78486563000007 ], [ 106.642470437000043, 10.783640306000052 ], [ 106.642947906000074, 10.782224840000026 ], [ 106.643251690000056, 10.781531275000077 ], [ 106.64333836600008, 10.781368757000052 ], [ 106.643797084000084, 10.780704249000053 ], [ 106.644873258000075, 10.779151290000073 ], [ 106.646057833000043, 10.777453880000053 ], [ 106.646856049000064, 10.776343907000069 ], [ 106.647693718000085, 10.775227436000023 ], [ 106.648018500000035, 10.774772645000041 ], [ 106.64818895600007, 10.774533957000074 ], [ 106.648857005000082, 10.773527495000053 ], [ 106.649478584000065, 10.772591799000054 ], [ 106.650150991000032, 10.771578016000035 ], [ 106.65096298900005, 10.770366252000031 ], [ 106.651667575000033, 10.769412041000066 ], [ 106.65196224400006, 10.769032405000075 ], [ 106.652479300000039, 10.768979700000045 ], [ 106.652520993000053, 10.769533029000058 ], [ 106.652696735000063, 10.771000341000047 ], [ 106.652718826000068, 10.771185621000029 ], [ 106.652841762000037, 10.772216694000065 ], [ 106.653057610000076, 10.773838985000054 ], [ 106.653096895000033, 10.774289357000043 ], [ 106.65319640000007, 10.775430100000051 ], [ 106.653272945000083, 10.775626363000072 ], [ 106.653351271000076, 10.775810372000024 ], [ 106.653396680000071, 10.775864995000063 ], [ 106.654122796000081, 10.776615033000041 ], [ 106.65555429300008, 10.778093690000048 ], [ 106.65590648400007, 10.778419746000054 ], [ 106.655952154000033, 10.778258654000069 ], [ 106.656014170000049, 10.778185949000033 ], [ 106.656085855000072, 10.778133130000072 ], [ 106.656147721000082, 10.778104576000032 ], [ 106.656228622000071, 10.778080782000075 ], [ 106.656373457000086, 10.778083322000043 ], [ 106.658883600000081, 10.780742499000041 ], [ 106.659895368000036, 10.781886672000041 ], [ 106.660164527000063, 10.782162777000053 ], [ 106.660884600000088, 10.782879199000035 ], [ 106.662540338000042, 10.784593914000027 ], [ 106.66318057400008, 10.785382106000043 ], [ 106.664622963000056, 10.786927857000023 ], [ 106.664817193000033, 10.787528386000076 ], [ 106.664837197000054, 10.787587392000034 ], [ 106.665038991000074, 10.788401239000052 ], [ 106.665041504000044, 10.788857681000025 ], [ 106.66489307900008, 10.789822912000034 ], [ 106.664882882000086, 10.789901694000037 ], [ 106.66510190300005, 10.79007983300005 ], [ 106.665894264000087, 10.789558731000056 ], [ 106.666262849000077, 10.789262821000023 ], [ 106.666485100000045, 10.789434601000039 ], [ 106.666547672000036, 10.789476138000055 ], [ 106.666637264000087, 10.789684721000071 ], [ 106.666754711000067, 10.789997644000039 ], [ 106.666816577000077, 10.790188001000047 ], [ 106.666759470000045, 10.790321251000023 ], [ 106.666397792000055, 10.790597268000056 ], [ 106.666145569000037, 10.790725759000054 ], [ 106.665983766000068, 10.790759072000071 ], [ 106.665889600000071, 10.791005 ], [ 106.66605590000006, 10.790999701000032 ], [ 106.666119270000081, 10.791076048000036 ], [ 106.666748900000073, 10.791849700000057 ], [ 106.667414550000046, 10.792708052000023 ], [ 106.668459200000086, 10.794124500000066 ], [ 106.668471737000061, 10.794665108000061 ], [ 106.668538518000048, 10.796778450000033 ], [ 106.668563598000048, 10.797335510000039 ], [ 106.668404756000086, 10.797358154000051 ], [ 106.668476068000075, 10.798213775000022 ], [ 106.668608095000081, 10.798204125000041 ], [ 106.668648258000076, 10.798622167000076 ], [ 106.668824, 10.799004 ], [ 106.668904400000088, 10.799030400000049 ], [ 106.668997610000076, 10.799095695000062 ], [ 106.669748438000056, 10.798686431000021 ], [ 106.669870504000073, 10.798906192000061 ], [ 106.669158118000041, 10.799316538000028 ], [ 106.667922836000059, 10.800019643000041 ], [ 106.667661800000076, 10.800175874000047 ], [ 106.667524400000048, 10.800259700000026 ], [ 106.667112700000075, 10.800521600000025 ], [ 106.66717170000004, 10.800716600000044 ], [ 106.667214599000033, 10.80076930000007 ], [ 106.667439899000044, 10.800853600000039 ], [ 106.667692100000068, 10.800953700000036 ], [ 106.667836900000054, 10.801132901000074 ], [ 106.667917400000078, 10.801312001000042 ], [ 106.668148, 10.80212350000005 ], [ 106.668110500000068, 10.802444900000069 ], [ 106.668035400000065, 10.802597800000058 ], [ 106.668235594000066, 10.802855402000034 ], [ 106.66858710200006, 10.803096186000062 ], [ 106.668786977000082, 10.803115222000031 ], [ 106.668999715000041, 10.803070551000076 ], [ 106.669065400000079, 10.803293301000053 ], [ 106.669118237000077, 10.803510747000075 ], [ 106.669175055000039, 10.803794116000063 ], [ 106.669240935000062, 10.804210011000066 ], [ 106.66925370000007, 10.804473500000029 ], [ 106.669295999000042, 10.80496370000003 ], [ 106.66933967500006, 10.805788518000043 ], [ 106.669384600000058, 10.806202800000051 ], [ 106.669424799000069, 10.806686800000023 ], [ 106.669590018000065, 10.806794155000034 ], [ 106.669834324000078, 10.806888212000047 ], [ 106.669895238000038, 10.806943415000035 ], [ 106.669932801000073, 10.807277522000049 ], [ 106.669989909000037, 10.80768203100007 ], [ 106.670692925000083, 10.807640957000046 ], [ 106.670728617000066, 10.80780751900005 ], [ 106.670573496000088, 10.807843922000075 ], [ 106.670226439000032, 10.807898852000051 ], [ 106.670288912000046, 10.808695451000062 ], [ 106.670525794000071, 10.808689410000056 ], [ 106.670776082000089, 10.808683027000029 ], [ 106.671599108000066, 10.810044821000076 ], [ 106.671775904000071, 10.812022327000022 ], [ 106.671895200000051, 10.813397200000054 ], [ 106.672374091000052, 10.813987009000073 ], [ 106.672800550000034, 10.81430864500004 ], [ 106.673357470000042, 10.814545161000069 ], [ 106.674101008000036, 10.814606708000042 ], [ 106.674529310000082, 10.814663815000074 ], [ 106.674764877000086, 10.814792306000072 ], [ 106.675021859000083, 10.815042149000021 ], [ 106.676014094000038, 10.814813721000064 ], [ 106.676064934000067, 10.815109476000032 ], [ 106.675904650000064, 10.815173014000038 ], [ 106.675690399000075, 10.815328300000033 ], [ 106.675722600000086, 10.815597 ], [ 106.675718250000045, 10.816034211000044 ], [ 106.675698772000032, 10.816245843000047 ], [ 106.675642099000072, 10.816424200000029 ], [ 106.675352492000059, 10.816707693000069 ], [ 106.674577636000038, 10.817534857000055 ], [ 106.674261578000085, 10.817870351000067 ], [ 106.674166899000056, 10.817994400000032 ], [ 106.674813656000083, 10.818244904000039 ], [ 106.674861245000045, 10.818316288000062 ], [ 106.674712529000033, 10.81861372000003 ], [ 106.674783913000056, 10.818655361000026 ], [ 106.674284226000054, 10.819696375000035 ], [ 106.674224739000067, 10.820035448000056 ], [ 106.673921358000086, 10.820666006000067 ], [ 106.67360608000007, 10.821469074000049 ], [ 106.673683412000059, 10.82153450900006 ], [ 106.67333244200006, 10.822337577000042 ], [ 106.673945153000034, 10.822706393000033 ], [ 106.674867194000058, 10.823402386000055 ], [ 106.67528954800008, 10.823640332000025 ], [ 106.675354983000034, 10.823604640000042 ], [ 106.675747595000075, 10.823842586000069 ], [ 106.675985541000045, 10.823884227000065 ], [ 106.676401946000055, 10.823991302000024 ], [ 106.676735071000053, 10.824092429000075 ], [ 106.67718122000008, 10.824407708000024 ], [ 106.677841520000072, 10.824836011000059 ], [ 106.678347156000086, 10.825181033000035 ], [ 106.678614845000084, 10.825621233000049 ], [ 106.678573204000088, 10.826138766000042 ], [ 106.677854024000055, 10.826913362000028 ], [ 106.677482828000052, 10.827006161000043 ], [ 106.677140186000088, 10.826956193000058 ], [ 106.674656029000062, 10.826092448000054 ], [ 106.674463292000041, 10.826078172000052 ], [ 106.674277694000068, 10.826149555000029 ], [ 106.674113511000087, 10.826278046000027 ], [ 106.673827976000041, 10.826806287000068 ], [ 106.673349704000088, 10.827662893000024 ], [ 106.673164106000058, 10.827791384000022 ], [ 106.672985647000075, 10.827841352000064 ], [ 106.67274294200007, 10.827812799000071 ], [ 106.670701364000081, 10.827113237000049 ], [ 106.670537182000032, 10.827077545000066 ], [ 106.670372999000051, 10.827098960000058 ], [ 106.66972340600006, 10.827420188000076 ], [ 106.668378920000066, 10.828131677000044 ], [ 106.667990115000066, 10.828294759000073 ], [ 106.667535775000033, 10.828361662000077 ], [ 106.666292223000085, 10.828402905000075 ], [ 106.666135179000037, 10.828421941000045 ], [ 106.665840125000045, 10.82872651200006 ], [ 106.664193538000063, 10.830396893000056 ], [ 106.663912762000052, 10.830596768000021 ], [ 106.663545400000032, 10.830687400000045 ], [ 106.663352300000042, 10.830766400000073 ], [ 106.663212800000053, 10.83089810000007 ], [ 106.663014300000043, 10.831103600000063 ], [ 106.662939200000039, 10.831214300000056 ], [ 106.662864100000036, 10.831261699000038 ], [ 106.662671, 10.831303799000068 ], [ 106.662440300000071, 10.831314400000053 ], [ 106.662149740000075, 10.831302754000035 ], [ 106.661971281000035, 10.831345584000076 ], [ 106.661114675000078, 10.832223606000071 ], [ 106.660679233000053, 10.83251627900006 ], [ 106.659358632000078, 10.833044520000044 ], [ 106.659088904000043, 10.833270889000062 ], [ 106.657134900000074, 10.835150100000021 ], [ 106.656945859000075, 10.835250280000025 ], [ 106.654572347000055, 10.836010518000023 ], [ 106.654615177000039, 10.836153285000023 ], [ 106.653187500000058, 10.83645309800005 ], [ 106.652359448000084, 10.836624419000032 ], [ 106.652388001000077, 10.836838570000054 ], [ 106.652188127000045, 10.836881400000038 ], [ 106.652145296000072, 10.836638695000033 ], [ 106.649161452000044, 10.836681526000064 ], [ 106.648082350000038, 10.836608407000028 ], [ 106.646770094000033, 10.836745771000039 ], [ 106.646456005000061, 10.837024168000028 ], [ 106.64636136200005, 10.837456211000074 ], [ 106.645671100000072, 10.835840300000029 ], [ 106.644333953000057, 10.832593232000022 ], [ 106.642502601000047, 10.828186800000026 ], [ 106.64138500100006, 10.828664099000036 ], [ 106.641471730000035, 10.828928087000065 ], [ 106.640875300000062, 10.829206800000065 ], [ 106.640267297000037, 10.829370939000057 ], [ 106.639979501000084, 10.829417600000056 ], [ 106.638569620000055, 10.829781128000036 ], [ 106.63813470100007, 10.82995040000003 ], [ 106.637009857000066, 10.830569032000028 ], [ 106.635881100000063, 10.831240600000058 ], [ 106.635433091000039, 10.831446110000059 ], [ 106.633962455000074, 10.832315182000059 ], [ 106.633933723000041, 10.832330802000058 ], [ 106.633902680000062, 10.832347678000076 ], [ 106.63277604600006, 10.832958887000075 ], [ 106.632436053000049, 10.833130546000064 ] ] ] ] } },
{ "type": "Feature", "properties": { "shape2": "Thu Duc", "shapeiso": "", "shapeid": "81297802B1678031067910", "shapegroup": "VNM", "shapetype": "ADM2", "shape1": "Ho Chi Minh", "shape0": "vietnam" }, "geometry": { "type": "MultiPolygon", "coordinates": [ [ [ [ 106.751127846000088, 10.812932112000055 ], [ 106.751897307000036, 10.812995988000068 ], [ 106.752802576000079, 10.813074636000067 ], [ 106.753611126000067, 10.813117767000051 ], [ 106.755179889000033, 10.813216501000056 ], [ 106.756914211000037, 10.813220557000022 ], [ 106.757005277000076, 10.813220774000058 ], [ 106.757390857000075, 10.815267323000057 ], [ 106.758061865000059, 10.819064943000058 ], [ 106.758475891000046, 10.821070829000064 ], [ 106.759025547000078, 10.82288397800005 ], [ 106.75966800100008, 10.824347347000071 ], [ 106.760510330000045, 10.825874961000068 ], [ 106.761659610000038, 10.827916538000068 ], [ 106.763658357000054, 10.831414346000031 ], [ 106.765932633000034, 10.835463847000028 ], [ 106.765955489000078, 10.835504544000059 ], [ 106.767288939000082, 10.83789398600004 ], [ 106.768254048000074, 10.839623391000032 ], [ 106.769059240000047, 10.841047450000076 ], [ 106.769981537000035, 10.842678619000026 ], [ 106.771551981000073, 10.845391205000055 ], [ 106.773300885000083, 10.848346495000044 ], [ 106.774034387000086, 10.849156404000041 ], [ 106.774328812000078, 10.849481498000046 ], [ 106.775249664000057, 10.850338104000059 ], [ 106.776070578000088, 10.850944867000067 ], [ 106.77794797200005, 10.852108423000061 ], [ 106.78189549800004, 10.854449813000031 ], [ 106.786385541000072, 10.857112430000029 ], [ 106.786577137000052, 10.857225861000074 ], [ 106.791582284000071, 10.860189073000072 ], [ 106.795793930000059, 10.862744614000064 ], [ 106.800141205000045, 10.865342985000041 ], [ 106.802968005000082, 10.867013367000027 ], [ 106.804374266000082, 10.868098401000054 ], [ 106.805009582000082, 10.868655195000031 ], [ 106.806208831000049, 10.869940104000023 ], [ 106.807065437000063, 10.871018 ], [ 106.807707776000086, 10.871865607000075 ], [ 106.808592303000069, 10.873032796000075 ], [ 106.807822900000076, 10.873792 ], [ 106.807344, 10.874126 ], [ 106.806798229000037, 10.874391607000064 ], [ 106.805585092000058, 10.874979136000036 ], [ 106.805207691000078, 10.874994861000062 ], [ 106.804339532000085, 10.874834571000065 ], [ 106.803635189000033, 10.874800919000052 ], [ 106.803116263000049, 10.874648911000065 ], [ 106.80228807900005, 10.874287235000054 ], [ 106.801311976000079, 10.873630890000072 ], [ 106.800880964000044, 10.873727390000056 ], [ 106.799966405000077, 10.87302190500003 ], [ 106.798872193000079, 10.872376037000038 ], [ 106.798607324000045, 10.872298143000023 ], [ 106.798289842000088, 10.872300002000031 ], [ 106.798107409000067, 10.87234942300006 ], [ 106.797628295000038, 10.87188224700003 ], [ 106.797599608000041, 10.871839574000035 ], [ 106.797197410000081, 10.872038596000039 ], [ 106.796955324000066, 10.872301846000028 ], [ 106.796689186000037, 10.872780434000049 ], [ 106.796503237000081, 10.873326066000061 ], [ 106.795167971000069, 10.873657708000053 ], [ 106.794008587000064, 10.873576180000043 ], [ 106.793143789000055, 10.873080971000036 ], [ 106.791933150000034, 10.872384779000072 ], [ 106.791108183000063, 10.872219222000069 ], [ 106.789691624000056, 10.872160324000049 ], [ 106.788515620000055, 10.872149278000052 ], [ 106.787917063000066, 10.870056790000035 ], [ 106.787841503000038, 10.869271637000054 ], [ 106.787770908000084, 10.867958922000071 ], [ 106.787737287000084, 10.867348219000064 ], [ 106.78729633100005, 10.867350884000075 ], [ 106.785870979000038, 10.867394962000049 ], [ 106.783677435000072, 10.867497812000067 ], [ 106.782824102000063, 10.867632551000042 ], [ 106.782078990000059, 10.867755273000057 ], [ 106.781489607000083, 10.867878265000058 ], [ 106.780304126000033, 10.868276217000073 ], [ 106.780275303000053, 10.868642611000041 ], [ 106.780203480000068, 10.868841325000062 ], [ 106.780189834000055, 10.868892741000025 ], [ 106.780132011000035, 10.869112251000047 ], [ 106.780115184000067, 10.869364875000031 ], [ 106.780116146000069, 10.869527105000031 ], [ 106.780282330000034, 10.869814822000023 ], [ 106.780339796000078, 10.870247236000068 ], [ 106.780396578000079, 10.870589635000044 ], [ 106.780545796000069, 10.871093643000052 ], [ 106.780731622000076, 10.871615605000045 ], [ 106.781009597000036, 10.872263205000024 ], [ 106.781195532000083, 10.872803242000032 ], [ 106.781325145000039, 10.873090989000048 ], [ 106.781556931000068, 10.873643323000067 ], [ 106.781649863000041, 10.873913477000031 ], [ 106.781719898000063, 10.87445536000007 ], [ 106.781722089000084, 10.874824286000035 ], [ 106.781789060000051, 10.875243810000029 ], [ 106.781920509000088, 10.875662780000027 ], [ 106.781948869000075, 10.876107926000032 ], [ 106.781989597000063, 10.876451139000039 ], [ 106.782023740000056, 10.876777852000032 ], [ 106.782052329000066, 10.877248755000039 ], [ 106.781988985000055, 10.877440099000069 ], [ 106.781772027000045, 10.87781056700004 ], [ 106.781515699000067, 10.878041262000067 ], [ 106.781310956000084, 10.878297056000065 ], [ 106.781248366000057, 10.878628396000067 ], [ 106.781224616000088, 10.878959512000051 ], [ 106.781233711000084, 10.87941145800005 ], [ 106.781197518000056, 10.879819017000045 ], [ 106.781109137000044, 10.880137854000054 ], [ 106.780943533000084, 10.880482537000034 ], [ 106.780701384000054, 10.880942267000023 ], [ 106.780599955000071, 10.881235692000075 ], [ 106.780523563000088, 10.881388880000031 ], [ 106.780119911000043, 10.881792245000042 ], [ 106.779581533000055, 10.882317412000077 ], [ 106.779428367000037, 10.882572905000075 ], [ 106.779185308000081, 10.882892549000076 ], [ 106.778711028000032, 10.883340970000063 ], [ 106.778147153000077, 10.883917077000035 ], [ 106.777602167000055, 10.88441046500003 ], [ 106.777281502000051, 10.884666929000048 ], [ 106.77693557300006, 10.885038141000052 ], [ 106.776449067000044, 10.885601054000063 ], [ 106.776142051000079, 10.886010274000057 ], [ 106.775925005000033, 10.886368086000061 ], [ 106.775753396000084, 10.886782757000049 ], [ 106.775587555000072, 10.887063810000029 ], [ 106.775331517000041, 10.887370783000051 ], [ 106.77507557000007, 10.887604094000039 ], [ 106.774895536000088, 10.887768093000034 ], [ 106.774408496000035, 10.888241982000068 ], [ 106.773972059000073, 10.888575485000047 ], [ 106.773458319000042, 10.888896690000024 ], [ 106.773066941000081, 10.889210951000052 ], [ 106.772862409000084, 10.889492137000047 ], [ 106.772683442000073, 10.889760612000032 ], [ 106.77241540600005, 10.890207653000061 ], [ 106.772134022000046, 10.890591233000066 ], [ 106.77185195900006, 10.890860213000053 ], [ 106.771352013000069, 10.891334173000075 ], [ 106.771154151000076, 10.891672711000069 ], [ 106.771027144000072, 10.891991770000061 ], [ 106.770925854000041, 10.892310591000069 ], [ 106.770606002000079, 10.892719790000058 ], [ 106.770221291000041, 10.893065825000065 ], [ 106.769932174000076, 10.893226566000067 ], [ 106.769726433000073, 10.893316961000039 ], [ 106.769430491000037, 10.893407786000068 ], [ 106.768864524000037, 10.893163223000045 ], [ 106.768795614000055, 10.893231316000026 ], [ 106.768560272000059, 10.893673378000074 ], [ 106.768409142000053, 10.894173792000061 ], [ 106.768004288000043, 10.894021301000066 ], [ 106.768000292000067, 10.893344181000032 ], [ 106.767217863000042, 10.89330446300005 ], [ 106.767251871000042, 10.892900534000034 ], [ 106.767275181000059, 10.892472363000024 ], [ 106.767347011000084, 10.892231886000047 ], [ 106.767720639000061, 10.891544998000029 ], [ 106.766770174000044, 10.891437790000055 ], [ 106.766649158000064, 10.89108518200004 ], [ 106.766586084000039, 10.890467331000025 ], [ 106.766552898000043, 10.889878772000031 ], [ 106.766236350000042, 10.889134760000047 ], [ 106.765877195000087, 10.888724233000062 ], [ 106.765307884000038, 10.887961338000025 ], [ 106.764946652000049, 10.887197337000032 ], [ 106.764821820000066, 10.886196166000047 ], [ 106.764310476000048, 10.885606108000047 ], [ 106.763767921000067, 10.885094861000027 ], [ 106.763437662000058, 10.884722937000049 ], [ 106.76303503400004, 10.884317988000021 ], [ 106.76212365300006, 10.883569974000068 ], [ 106.760832535000077, 10.882537443000047 ], [ 106.760167159000048, 10.882125705000021 ], [ 106.760282089000043, 10.881774260000043 ], [ 106.760489760000041, 10.881299011000067 ], [ 106.760731812000074, 10.880866486000059 ], [ 106.761252349000074, 10.880136950000065 ], [ 106.761290766000059, 10.880076922000057 ], [ 106.761339771000053, 10.880000352000025 ], [ 106.761814479000066, 10.878984311000067 ], [ 106.761964387000035, 10.878721972000051 ], [ 106.761281300000064, 10.87847898800004 ], [ 106.761383790000082, 10.878252588000066 ], [ 106.761517124000079, 10.877892552000048 ], [ 106.761423586000035, 10.877156832000026 ], [ 106.761476864000088, 10.876096520000033 ], [ 106.761744861000068, 10.875490937000052 ], [ 106.761752444000081, 10.875369381000041 ], [ 106.761362976000044, 10.874906098000054 ], [ 106.761253250000038, 10.874594597000055 ], [ 106.761722174000056, 10.874436335000041 ], [ 106.761719253000081, 10.874346299000024 ], [ 106.761559745000056, 10.874005093000051 ], [ 106.761406003000047, 10.873766857000021 ], [ 106.76086233400008, 10.873181633000058 ], [ 106.760360219000063, 10.872392101000059 ], [ 106.762147055000071, 10.871166248000065 ], [ 106.762230164000073, 10.871076214000027 ], [ 106.762455645000045, 10.870643457000028 ], [ 106.763043937000077, 10.870033892000038 ], [ 106.763253563000035, 10.870016078000049 ], [ 106.763288655000053, 10.869672960000059 ], [ 106.763274913000032, 10.869361394000066 ], [ 106.763191178000056, 10.86906080600005 ], [ 106.762435749000076, 10.867847706000077 ], [ 106.762242020000087, 10.867426173000069 ], [ 106.762212220000038, 10.867279394000036 ], [ 106.761229182000079, 10.867288672000029 ], [ 106.761016174000076, 10.867269307000072 ], [ 106.760690145000069, 10.867162329000053 ], [ 106.760028592000083, 10.866962705000049 ], [ 106.759576757000048, 10.866898157000037 ], [ 106.759315339000068, 10.866904612000042 ], [ 106.759053920000042, 10.866969160000053 ], [ 106.758266436000042, 10.867159576000063 ], [ 106.758024572000068, 10.867149491000021 ], [ 106.757708097000034, 10.867072436000058 ], [ 106.757472498000084, 10.867143439000074 ], [ 106.756373045000032, 10.866539011000043 ], [ 106.755937999000082, 10.866372713000032 ], [ 106.755694898000058, 10.866348654000035 ], [ 106.755383189000042, 10.866384743000026 ], [ 106.755083377000062, 10.866441850000058 ], [ 106.754802600000062, 10.866396640000062 ], [ 106.754597967000052, 10.866284806000067 ], [ 106.754395712000075, 10.866165833000025 ], [ 106.75387936900006, 10.865830329000062 ], [ 106.753572894000058, 10.865689184000075 ], [ 106.753628848000062, 10.865502453000033 ], [ 106.751759059000051, 10.863807554000061 ], [ 106.751687116000085, 10.863847951000025 ], [ 106.751521382000078, 10.863941016000069 ], [ 106.751197413000057, 10.864466234000076 ], [ 106.750540300000068, 10.864037400000029 ], [ 106.750269318000051, 10.864403300000049 ], [ 106.750034197000048, 10.864338186000055 ], [ 106.74992792900008, 10.864441936000048 ], [ 106.74935995900006, 10.865227074000074 ], [ 106.748316414000044, 10.866244037000058 ], [ 106.748087573000078, 10.866730697000037 ], [ 106.747955388000037, 10.867445928000052 ], [ 106.747876670000039, 10.868360098000039 ], [ 106.747864505000052, 10.868501379000065 ], [ 106.747864464000088, 10.868703399000026 ], [ 106.747910197000067, 10.869245157000023 ], [ 106.74782928500008, 10.869333104000077 ], [ 106.747463423000056, 10.869396427000027 ], [ 106.747319189000052, 10.869516035000061 ], [ 106.746675054000036, 10.870543005000059 ], [ 106.746281407000083, 10.871211666000022 ], [ 106.745982385000048, 10.87175342300003 ], [ 106.747032279000052, 10.872088440000027 ], [ 106.746449015000053, 10.873902046000069 ], [ 106.750541688000055, 10.875258339000027 ], [ 106.751370064000071, 10.875521010000057 ], [ 106.751035822000063, 10.876121320000038 ], [ 106.750345378000077, 10.877360517000056 ], [ 106.749986075000038, 10.877849080000033 ], [ 106.74945940200007, 10.877553141000021 ], [ 106.748809529000084, 10.878345258000024 ], [ 106.747374315000059, 10.877497408000067 ], [ 106.747135023000055, 10.877498769000056 ], [ 106.746726764000073, 10.877805412000043 ], [ 106.745129818000066, 10.879403340000067 ], [ 106.744655436000073, 10.880115907000061 ], [ 106.745343846000083, 10.880957168000066 ], [ 106.744779030000075, 10.881752076000055 ], [ 106.743562201000088, 10.880886300000043 ], [ 106.742519673000061, 10.879383027000074 ], [ 106.742173913000045, 10.879689025000062 ], [ 106.741727732000072, 10.880329749000055 ], [ 106.740712501000075, 10.880819011000028 ], [ 106.740616982000063, 10.880822422000051 ], [ 106.740258784000048, 10.880610915000034 ], [ 106.73943663600005, 10.879758064000043 ], [ 106.73850873300006, 10.878710762000026 ], [ 106.735497001000056, 10.880272349000052 ], [ 106.735178406000045, 10.880262071000061 ], [ 106.734788646000084, 10.880378458000052 ], [ 106.734168468000064, 10.880519241000059 ], [ 106.735024016000068, 10.881779175000077 ], [ 106.73685942700007, 10.884767444000033 ], [ 106.736837680000065, 10.88476995700006 ], [ 106.735569600000076, 10.884916500000031 ], [ 106.731849861000057, 10.885720814000024 ], [ 106.731834356000036, 10.886313548000032 ], [ 106.731793706000076, 10.886809895000056 ], [ 106.731873585000073, 10.887137628000062 ], [ 106.73250127600005, 10.889297602000056 ], [ 106.73304439900005, 10.890787041000067 ], [ 106.732949336000047, 10.891524748000052 ], [ 106.731755617000033, 10.891051010000069 ], [ 106.729179214000055, 10.889873744000056 ], [ 106.727956512000048, 10.891329420000034 ], [ 106.72712468900005, 10.890509425000062 ], [ 106.727029232000064, 10.890497848000052 ], [ 106.726785684000049, 10.890639586000077 ], [ 106.726150466000036, 10.890932023000062 ], [ 106.725458562000085, 10.891292220000025 ], [ 106.724499155000046, 10.891875754000068 ], [ 106.721269521000067, 10.893874505000042 ], [ 106.717673263000052, 10.896417694000036 ], [ 106.716351778000046, 10.894168466000053 ], [ 106.715943835000076, 10.893474066000067 ], [ 106.715346793000037, 10.89261857300005 ], [ 106.712985532000062, 10.889767392000067 ], [ 106.713124511000046, 10.889262088000066 ], [ 106.713235939000072, 10.888911225000072 ], [ 106.713504125000043, 10.888671474000034 ], [ 106.713744278000036, 10.88850192600006 ], [ 106.714225701000032, 10.888345220000076 ], [ 106.714466249000054, 10.888231709000024 ], [ 106.714508545000058, 10.888189444000034 ], [ 106.714508385000045, 10.888161425000021 ], [ 106.714380135000056, 10.888050065000073 ], [ 106.714166502000069, 10.887911163000069 ], [ 106.714024073000076, 10.887799791000077 ], [ 106.71399451800005, 10.887603822000074 ], [ 106.713993711000057, 10.887449630000049 ], [ 106.714120038000033, 10.887224771000035 ], [ 106.714299220000044, 10.887129137000045 ], [ 106.714574063000043, 10.887236243000075 ], [ 106.715143682000075, 10.88762532800007 ], [ 106.715613252000082, 10.887875056000041 ], [ 106.716195763000087, 10.888025904000074 ], [ 106.716749597000046, 10.888120782000044 ], [ 106.717104216000052, 10.888118797000061 ], [ 106.717316732000086, 10.888075579000031 ], [ 106.717443613000057, 10.88793477300004 ], [ 106.71749856100007, 10.887626254000054 ], [ 106.717439519000038, 10.88722021500007 ], [ 106.717423819000032, 10.886968040000056 ], [ 106.717279555000061, 10.886523434000026 ], [ 106.717265044000044, 10.886478503000035 ], [ 106.716862838000054, 10.885611978000043 ], [ 106.716732668000077, 10.885178318000044 ], [ 106.716659769000046, 10.884828396000046 ], [ 106.716671139000084, 10.884337905000052 ], [ 106.716849918000037, 10.883355962000053 ], [ 106.717001545000073, 10.88258449500006 ], [ 106.717708224000035, 10.880915206000054 ], [ 106.715738977000058, 10.880099869000048 ], [ 106.714167577000069, 10.879449254000065 ], [ 106.713281171000062, 10.878956636000055 ], [ 106.712454983000043, 10.878003633000048 ], [ 106.712874027000055, 10.877434257000061 ], [ 106.713635454000041, 10.877838765000035 ], [ 106.714016168000057, 10.876910775000056 ], [ 106.715303909000056, 10.877571767000063 ], [ 106.715591223000047, 10.877500384000029 ], [ 106.716099786000086, 10.877331777000052 ], [ 106.716357389000052, 10.877300691000073 ], [ 106.716794851000088, 10.87728043900006 ], [ 106.717376003000084, 10.87722386300004 ], [ 106.717675614000086, 10.877192722000075 ], [ 106.718028941000057, 10.877125488000047 ], [ 106.718394456000055, 10.877105727000071 ], [ 106.719053723000059, 10.877072390000023 ], [ 106.719454865000046, 10.877004978000059 ], [ 106.719981659000041, 10.876859943000056 ], [ 106.720879443000058, 10.876623981000023 ], [ 106.721205823000048, 10.876526886000022 ], [ 106.721208811000054, 10.876508612000066 ], [ 106.721296322000057, 10.87642117200005 ], [ 106.72139659000004, 10.876059705000046 ], [ 106.721417131000067, 10.875985655000022 ], [ 106.721538489000068, 10.875671883000052 ], [ 106.721570615000076, 10.875132651000058 ], [ 106.721848374000047, 10.874435315000028 ], [ 106.722197418000064, 10.873911660000033 ], [ 106.722669739000082, 10.87336977800004 ], [ 106.723177800000087, 10.872932089000074 ], [ 106.723440305000054, 10.872652324000057 ], [ 106.723474226000064, 10.872426082000061 ], [ 106.723496022000063, 10.87222928400007 ], [ 106.723450334000063, 10.871969053000043 ], [ 106.723013663000074, 10.871941675000073 ], [ 106.722326440000074, 10.871858579000047 ], [ 106.721710004000045, 10.871809883000026 ], [ 106.721445903000074, 10.871811453000021 ], [ 106.721042123000075, 10.872022323000067 ], [ 106.720198922000066, 10.872357581000074 ], [ 106.719794518000072, 10.872446796000077 ], [ 106.719055574000038, 10.872537881000028 ], [ 106.717964617000064, 10.87264828900004 ], [ 106.717137686000058, 10.87275730600004 ], [ 106.716521968000052, 10.872847698000044 ], [ 106.716064673000062, 10.872919848000038 ], [ 106.715782923000063, 10.872921513000051 ], [ 106.715447960000063, 10.872836343000074 ], [ 106.714957979000076, 10.872547136000037 ], [ 106.715079166000066, 10.870895765000057 ], [ 106.715310196000075, 10.869475255000054 ], [ 106.715375432000087, 10.868934209000031 ], [ 106.715354071000036, 10.868851808000045 ], [ 106.715270628000042, 10.868529239000054 ], [ 106.714114335000033, 10.867338906000043 ], [ 106.714031119000083, 10.867240670000058 ], [ 106.713934872000038, 10.86713220300004 ], [ 106.713845599000081, 10.867016737000029 ], [ 106.713790608000068, 10.86693533600004 ], [ 106.71374798800008, 10.866880620000074 ], [ 106.713173031000053, 10.865865279000047 ], [ 106.714216374000046, 10.86518555400005 ], [ 106.714998429000048, 10.864471671000047 ], [ 106.71635628100006, 10.862808426000072 ], [ 106.716903359000071, 10.861808972000063 ], [ 106.716931423000062, 10.861757748000059 ], [ 106.717568628000038, 10.859625540000025 ], [ 106.717900569000051, 10.857905023000058 ], [ 106.717929899000069, 10.857059492000076 ], [ 106.717858291000084, 10.85648513600006 ], [ 106.717647957000054, 10.855573336000077 ], [ 106.716784908000079, 10.854090421000024 ], [ 106.715581655000051, 10.852879921000067 ], [ 106.714757219000035, 10.852174453000032 ], [ 106.714037155000085, 10.851772637000067 ], [ 106.713351756000066, 10.851472218000026 ], [ 106.712967746000061, 10.851430519000075 ], [ 106.704966125000055, 10.851789402000065 ], [ 106.703953668000054, 10.851795099000071 ], [ 106.702346287000069, 10.851668689000064 ], [ 106.701022910000063, 10.851408827000057 ], [ 106.700119188000087, 10.851052730000049 ], [ 106.699094822000063, 10.85045886000006 ], [ 106.698311267000065, 10.849627210000051 ], [ 106.698095511000076, 10.849119439000049 ], [ 106.69770322800008, 10.846622442000069 ], [ 106.697693423000032, 10.844898029000035 ], [ 106.697958842000048, 10.843476428000031 ], [ 106.698500817000081, 10.842594259000066 ], [ 106.699329648000059, 10.841244299000039 ], [ 106.701866748000043, 10.83943098900005 ], [ 106.702411382000037, 10.839022330000034 ], [ 106.704450375000079, 10.837823033000063 ], [ 106.705545435000033, 10.837178943000026 ], [ 106.706633841000041, 10.83622622300004 ], [ 106.707550335000064, 10.835105250000026 ], [ 106.708160011000075, 10.834121283000059 ], [ 106.708258146000048, 10.833780710000042 ], [ 106.708495385000049, 10.832957522000072 ], [ 106.708641109000041, 10.831261993000055 ], [ 106.708728099000041, 10.829235437000023 ], [ 106.708842099000037, 10.827623780000067 ], [ 106.708949542000084, 10.826797245000023 ], [ 106.708998242000064, 10.826422690000072 ], [ 106.709007275000033, 10.826353494000045 ], [ 106.709297598000035, 10.825424172000055 ], [ 106.70943866500005, 10.825008885000045 ], [ 106.709588335000035, 10.824568241000065 ], [ 106.709959299000047, 10.823967746000051 ], [ 106.710344943000052, 10.823343487000045 ], [ 106.711619286000087, 10.822213565000027 ], [ 106.713098407000075, 10.821373724000068 ], [ 106.71333794800006, 10.821237720000056 ], [ 106.713658742000064, 10.821095570000068 ], [ 106.714515066000047, 10.820716349000065 ], [ 106.714566437000087, 10.820693558000073 ], [ 106.716805333000082, 10.820241478000071 ], [ 106.719267635000051, 10.820105569000077 ], [ 106.72090662800008, 10.820279554000024 ], [ 106.723003782000035, 10.820902894000028 ], [ 106.72502684300008, 10.82147773500003 ], [ 106.726830187000076, 10.822395715000027 ], [ 106.727254662000064, 10.822636834000036 ], [ 106.729689016000066, 10.824187839000047 ], [ 106.731586105000076, 10.82591790500004 ], [ 106.732860395000046, 10.82728540200003 ], [ 106.734163521000085, 10.829351035000059 ], [ 106.735338185000046, 10.831366045000038 ], [ 106.736287519000086, 10.832957061000059 ], [ 106.737465171000053, 10.834308263000025 ], [ 106.738213583000061, 10.835013556000035 ], [ 106.73893318000006, 10.835324846000049 ], [ 106.739589803000058, 10.835477595000043 ], [ 106.739705030000039, 10.835504511000067 ], [ 106.739884115000052, 10.835503409000069 ], [ 106.740555669000059, 10.835499617000039 ], [ 106.741512097000054, 10.835389098000064 ], [ 106.743025224000064, 10.835038894000036 ], [ 106.746130020000066, 10.834101486000066 ], [ 106.747031093000032, 10.833627381000042 ], [ 106.747089158000051, 10.833588638000037 ], [ 106.748037346000046, 10.83295690500006 ], [ 106.748748628000044, 10.832419880000032 ], [ 106.749360610000053, 10.831781374000059 ], [ 106.749995195000054, 10.830776416000049 ], [ 106.750439940000035, 10.830114907000052 ], [ 106.750801535000051, 10.829496530000029 ], [ 106.750959229000046, 10.829033143000061 ], [ 106.751161407000041, 10.828529916000036 ], [ 106.751291823000088, 10.828134652000074 ], [ 106.75138611400007, 10.827751434000049 ], [ 106.751466397000058, 10.827033697000047 ], [ 106.75150909000007, 10.826088948000063 ], [ 106.751504606000083, 10.824278778000064 ], [ 106.751472903000035, 10.822974998000063 ], [ 106.751515895000068, 10.821042811000041 ], [ 106.75153147900005, 10.819571372000041 ], [ 106.751535435000051, 10.817148986000063 ], [ 106.751420193000058, 10.816001229000051 ], [ 106.751410239000052, 10.815325489000031 ], [ 106.751382917000058, 10.814775390000023 ], [ 106.751319538000075, 10.814261378000026 ], [ 106.75128077800008, 10.813818990000073 ], [ 106.751242302000037, 10.813412484000025 ], [ 106.751192589000084, 10.813161500000035 ], [ 106.751149290000058, 10.812976279000054 ], [ 106.751137995000079, 10.812953024000024 ], [ 106.751127846000088, 10.812932112000055 ] ] ] ] } },
{ "type": "Feature", "properties": { "shape2": "Binh Chanh", "shapeiso": "", "shapeid": "81297802B93683261125538", "shapegroup": "VNM", "shapetype": "ADM2", "shape1": "Ho Chi Minh", "shape0": "vietnam" }, "geometry": { "type": "MultiPolygon", "coordinates": [ [ [ [ 106.555260261000058, 10.651929052000071 ], [ 106.555328208000049, 10.651569485000039 ], [ 106.555462884000065, 10.65112263900005 ], [ 106.55576226900007, 10.650756056000034 ], [ 106.556473495000034, 10.650603738000029 ], [ 106.556664258000069, 10.650427067000066 ], [ 106.557004783000082, 10.650073748000068 ], [ 106.557426425000074, 10.649517185000036 ], [ 106.557863983000061, 10.649393341000064 ], [ 106.558397810000088, 10.649363659000073 ], [ 106.558836328000041, 10.649429092000048 ], [ 106.558932742000081, 10.649536811000075 ], [ 106.558975124000085, 10.649793587000033 ], [ 106.558949822000045, 10.650212862000046 ], [ 106.558815289000052, 10.650686736000068 ], [ 106.55877614700006, 10.651052116000074 ], [ 106.558832581000047, 10.651389812000048 ], [ 106.559012178000046, 10.651699959000041 ], [ 106.55925876200007, 10.651725759000044 ], [ 106.559614102000069, 10.651588764000053 ], [ 106.560038082000062, 10.651492011000073 ], [ 106.560654129000056, 10.651475384000037 ], [ 106.561078859000077, 10.651540972000021 ], [ 106.561270934000049, 10.651607538000064 ], [ 106.561574375000077, 10.65203873300004 ], [ 106.562066278000088, 10.652595990000066 ], [ 106.56239707900005, 10.653041872000074 ], [ 106.562681105000081, 10.653197105000061 ], [ 106.562943812000071, 10.653162530000031 ], [ 106.563122691000046, 10.653138949000038 ], [ 106.563575126000046, 10.652991160000056 ], [ 106.564141046000088, 10.652898846000028 ], [ 106.564752982000073, 10.652918207000027 ], [ 106.565139093000084, 10.653095344000064 ], [ 106.565457794000054, 10.653384634000076 ], [ 106.565731658000061, 10.653763635000075 ], [ 106.565937125000062, 10.654075907000049 ], [ 106.565977061000069, 10.654375131000052 ], [ 106.565969923000068, 10.655060416000026 ], [ 106.566069860000084, 10.655545826000036 ], [ 106.566196988000058, 10.656138851000037 ], [ 106.566246505000038, 10.656368950000058 ], [ 106.567270581000059, 10.656146899000021 ], [ 106.567971976000081, 10.656120247000047 ], [ 106.568556640000054, 10.656140550000032 ], [ 106.568861378000065, 10.656277504000059 ], [ 106.56914236700004, 10.656368386000054 ], [ 106.569399593000071, 10.656367188000047 ], [ 106.569702956000071, 10.656250236000062 ], [ 106.570518995000043, 10.655784242000038 ], [ 106.57184751300008, 10.654946151000047 ], [ 106.57226677400007, 10.654620715000021 ], [ 106.573105932000033, 10.654108499000074 ], [ 106.57340881600004, 10.653899167000077 ], [ 106.573240971000075, 10.653091726000071 ], [ 106.573074433000045, 10.652538370000059 ], [ 106.57297837200008, 10.652030760000059 ], [ 106.572976993000054, 10.651776765000022 ], [ 106.573160732000076, 10.651129180000055 ], [ 106.573158125000077, 10.650621190000038 ], [ 106.573243215000048, 10.649828298000045 ], [ 106.573844199000064, 10.649624429000028 ], [ 106.574104846000068, 10.649717850000059 ], [ 106.574652945000082, 10.649782709000021 ], [ 106.574831090000089, 10.649822309000058 ], [ 106.574967680000043, 10.649754009000048 ], [ 106.575048711000079, 10.649550853000051 ], [ 106.575075449000053, 10.649415493000049 ], [ 106.575116245000061, 10.649361234000025 ], [ 106.575225616000068, 10.649320007000028 ], [ 106.575430639000047, 10.649251454000023 ], [ 106.576005603000056, 10.649235003000058 ], [ 106.576457211000047, 10.649178677000066 ], [ 106.576607720000084, 10.649164361000032 ], [ 106.576703029000043, 10.649055774000033 ], [ 106.576770486000044, 10.648866063000071 ], [ 106.576852361000078, 10.648798039000042 ], [ 106.577043944000081, 10.648783606000052 ], [ 106.577660815000058, 10.648929195000051 ], [ 106.578127316000064, 10.649116125000035 ], [ 106.578374600000075, 10.649263665000035 ], [ 106.578718850000087, 10.649654050000038 ], [ 106.579036377000079, 10.650152767000066 ], [ 106.579204085000072, 10.650814492000052 ], [ 106.579289020000033, 10.651354967000032 ], [ 106.579249263000065, 10.651625619000072 ], [ 106.579167539000082, 10.651693554000076 ], [ 106.578784226000039, 10.651709045000075 ], [ 106.578400773000055, 10.65169750900003 ], [ 106.578250187000037, 10.651711736000038 ], [ 106.578195745000073, 10.651779623000039 ], [ 106.578183009000043, 10.651955499000053 ], [ 106.578174445000059, 10.652956178000068 ], [ 106.578162747000079, 10.653348447000042 ], [ 106.578246776000071, 10.653713114000027 ], [ 106.578412821000086, 10.654036784000027 ], [ 106.578715655000053, 10.654359763000059 ], [ 106.578990434000048, 10.654547659000059 ], [ 106.579155713000034, 10.654722636000031 ], [ 106.579363176000072, 10.655127178000043 ], [ 106.579597162000084, 10.65536951200005 ], [ 106.579953749000083, 10.655475822000028 ], [ 106.580254987000046, 10.655474302000073 ], [ 106.580555878000041, 10.655405261000055 ], [ 106.580801557000086, 10.655255236000073 ], [ 106.581198167000082, 10.655172063000066 ], [ 106.58217066800006, 10.655221204000043 ], [ 106.583047088000058, 10.655243893000033 ], [ 106.583052921000046, 10.655162150000024 ], [ 106.583085159000063, 10.654662303000066 ], [ 106.583164513000042, 10.654120999000043 ], [ 106.583340919000079, 10.653809071000069 ], [ 106.583667976000072, 10.65350993900006 ], [ 106.584296757000061, 10.653303921000031 ], [ 106.585144485000058, 10.653069766000044 ], [ 106.585937350000052, 10.65282232900006 ], [ 106.586471184000061, 10.652765571000032 ], [ 106.586659229000077, 10.652766156000041 ], [ 106.587292624000042, 10.652767828000037 ], [ 106.58852569700008, 10.652896983000062 ], [ 106.590279999000074, 10.653212947000043 ], [ 106.590465832000064, 10.652075787000058 ], [ 106.590679660000035, 10.651046864000023 ], [ 106.591282135000085, 10.651016777000052 ], [ 106.59146922900004, 10.650123124000061 ], [ 106.592263850000052, 10.650173140000049 ], [ 106.593771574000073, 10.650408898000023 ], [ 106.594648981000034, 10.650566775000073 ], [ 106.595307511000044, 10.650779818000046 ], [ 106.595021192000047, 10.653675776000057 ], [ 106.595842626000035, 10.653590420000057 ], [ 106.59729191100007, 10.653123123000057 ], [ 106.598740702000043, 10.652547716000072 ], [ 106.599564993000058, 10.651913213000057 ], [ 106.599769553000044, 10.651381937000053 ], [ 106.599910247000082, 10.650945715000034 ], [ 106.59993675700008, 10.650783238000031 ], [ 106.60004549000007, 10.65062043100005 ], [ 106.600189624000052, 10.650410531000034 ], [ 106.600300215000061, 10.650415932000044 ], [ 106.600242789000049, 10.650618700000052 ], [ 106.600235294000072, 10.650698825000063 ], [ 106.600316628000087, 10.650701302000073 ], [ 106.600557101000049, 10.650712005000059 ], [ 106.600894051000068, 10.650781512000037 ], [ 106.601207157000033, 10.650874821000059 ], [ 106.601400168000055, 10.651004359000069 ], [ 106.601521132000073, 10.651134355000067 ], [ 106.601594421000073, 10.651371437000023 ], [ 106.60161964100007, 10.651596923000056 ], [ 106.601621564000084, 10.651964984000074 ], [ 106.601646673000062, 10.65215476700007 ], [ 106.601743769000052, 10.652332430000058 ], [ 106.601900869000076, 10.652497855000036 ], [ 106.602033754000047, 10.652615858000047 ], [ 106.602360149000049, 10.652958487000035 ], [ 106.602529804000085, 10.653218758000037 ], [ 106.602711953000039, 10.653562123000029 ], [ 106.602797240000086, 10.653787303000058 ], [ 106.602871166000057, 10.654131222000046 ], [ 106.602968959000066, 10.654427474000045 ], [ 106.603090657000052, 10.654711852000048 ], [ 106.603320877000044, 10.655066903000034 ], [ 106.603551110000069, 10.655409931000065 ], [ 106.603757614000074, 10.65581265000003 ], [ 106.603806616000043, 10.65600230900003 ], [ 106.60383216300005, 10.656275248000043 ], [ 106.603894044000072, 10.65660729700005 ], [ 106.604027852000058, 10.656915386000037 ], [ 106.60421012900008, 10.65728252200006 ], [ 106.604391784000086, 10.657530798000039 ], [ 106.604704315000049, 10.657915435000064 ], [ 106.604718424000055, 10.657932808000055 ], [ 106.604967618000046, 10.658182636000049 ], [ 106.617416412000068, 10.651430794000021 ], [ 106.619846621000079, 10.649472197000023 ], [ 106.620994085000063, 10.649069852000025 ], [ 106.62339944200005, 10.64804567300007 ], [ 106.624833293000052, 10.647483838000028 ], [ 106.624486351000087, 10.646842726000045 ], [ 106.624375915000087, 10.646681050000041 ], [ 106.624101256000074, 10.646547250000026 ], [ 106.623936318000062, 10.646439817000044 ], [ 106.623853601000064, 10.646332140000027 ], [ 106.623851452000054, 10.645926391000046 ], [ 106.624149454000076, 10.645302604000051 ], [ 106.624230310000087, 10.645058765000044 ], [ 106.624229527000068, 10.644896519000042 ], [ 106.624146303000089, 10.644707493000055 ], [ 106.623953580000034, 10.644519126000034 ], [ 106.623706643000048, 10.644439325000064 ], [ 106.623487279000074, 10.644386318000045 ], [ 106.623377130000051, 10.644278692000057 ], [ 106.623211478000087, 10.644036129000028 ], [ 106.622937040000068, 10.643929264000064 ], [ 106.62211529700005, 10.643933607000065 ], [ 106.621868216000053, 10.643826599000022 ], [ 106.62167506600008, 10.643557151000039 ], [ 106.621590347000051, 10.643070659000045 ], [ 106.621561132000068, 10.642719103000047 ], [ 106.621393910000052, 10.642178985000044 ], [ 106.621171261000086, 10.641503929000066 ], [ 106.621143115000052, 10.641368851000038 ], [ 106.621169042000076, 10.641098179000039 ], [ 106.621277759000066, 10.64093527700004 ], [ 106.621796697000036, 10.640662057000043 ], [ 106.622479786000042, 10.640333933000022 ], [ 106.622971223000036, 10.640033827000025 ], [ 106.623463517000062, 10.639895964000061 ], [ 106.623765096000056, 10.639948547000074 ], [ 106.623957031000089, 10.639974670000072 ], [ 106.624093314000049, 10.63986576700006 ], [ 106.62420239100004, 10.639756916000067 ], [ 106.624421322000046, 10.639728755000021 ], [ 106.624613038000064, 10.63972767100006 ], [ 106.62480432600006, 10.639645600000051 ], [ 106.625023332000069, 10.639617439000062 ], [ 106.625215050000065, 10.639616446000048 ], [ 106.625434485000085, 10.639669452000021 ], [ 106.625737277000042, 10.639965355000072 ], [ 106.625958002000061, 10.640261864000024 ], [ 106.626232437000056, 10.640368638000041 ], [ 106.626479160000088, 10.640394384000047 ], [ 106.626862595000034, 10.640392304000045 ], [ 106.627219679000063, 10.640579909000053 ], [ 106.627632910000045, 10.641037576000031 ], [ 106.628019504000065, 10.641630694000071 ], [ 106.628239658000041, 10.64181891800007 ], [ 106.628788176000057, 10.641951382000059 ], [ 106.629034394000087, 10.641895869000052 ], [ 106.62928018100007, 10.641759369000056 ], [ 106.629551457000048, 10.641271030000041 ], [ 106.629711221000036, 10.640404629000045 ], [ 106.629710679000084, 10.640288301000055 ], [ 106.629708711000035, 10.639917714000035 ], [ 106.629624626000066, 10.639566535000029 ], [ 106.629623695000078, 10.63937717400006 ], [ 106.629924203000087, 10.639343996000036 ], [ 106.63019070200005, 10.639363031000073 ], [ 106.630599969000059, 10.638972800000033 ], [ 106.630504791000078, 10.638858586000026 ], [ 106.630295398000044, 10.638611122000043 ], [ 106.63040961300004, 10.638316068000051 ], [ 106.630466720000072, 10.638135229000056 ], [ 106.630666594000047, 10.637697409000054 ], [ 106.630942612000069, 10.637297659000069 ], [ 106.631113933000051, 10.636926463000066 ], [ 106.631158958000071, 10.636680391000027 ], [ 106.629958359000057, 10.636398179000025 ], [ 106.629714237000087, 10.636317362000057 ], [ 106.62965377200004, 10.636168901000076 ], [ 106.629872253000087, 10.63316289100004 ], [ 106.629714237000087, 10.63213286000007 ], [ 106.630479084000058, 10.63022955100007 ], [ 106.630532646000063, 10.630012880000038 ], [ 106.630449356000042, 10.629796921000036 ], [ 106.630146353000043, 10.629473905000054 ], [ 106.629788210000072, 10.629070006000063 ], [ 106.62953970500007, 10.628692563000072 ], [ 106.629482624000048, 10.628259984000067 ], [ 106.629479037000067, 10.627583707000042 ], [ 106.62977991200006, 10.626383669000063 ], [ 106.630599969000059, 10.627465726000025 ], [ 106.631132969000078, 10.628170047000026 ], [ 106.631646932000081, 10.628303297000059 ], [ 106.632160896000073, 10.628284261000033 ], [ 106.632789074000073, 10.627998726000044 ], [ 106.63362664400006, 10.62714212000003 ], [ 106.634768785000063, 10.625390836000065 ], [ 106.635206606000054, 10.626171299000021 ], [ 106.63560635500005, 10.626342621000049 ], [ 106.63621549700008, 10.626171299000021 ], [ 106.636976925000056, 10.626228407000042 ], [ 106.637852567000039, 10.626590085000032 ], [ 106.638613994000082, 10.627161155000067 ], [ 106.63891856500004, 10.62767511900006 ], [ 106.642059141000061, 10.627958185000068 ], [ 106.642437029000064, 10.628323633000036 ], [ 106.643334873000072, 10.629212876000054 ], [ 106.643775946000062, 10.629641847000073 ], [ 106.644755797000073, 10.631534035000072 ], [ 106.645694662000039, 10.633513421000032 ], [ 106.64586908800004, 10.634364783000024 ], [ 106.646281076000037, 10.634728426000038 ], [ 106.64671459300007, 10.634792496000046 ], [ 106.647147947000065, 10.634728034000034 ], [ 106.647667949000038, 10.634449527000072 ], [ 106.64794954100006, 10.634107011000026 ], [ 106.648382790000085, 10.633700064000038 ], [ 106.648729431000049, 10.633528583000043 ], [ 106.649401298000043, 10.63346413000005 ], [ 106.650181461000045, 10.633442312000057 ], [ 106.651156643000036, 10.633292017000031 ], [ 106.651893417000053, 10.633077624000066 ], [ 106.652326719000087, 10.632906225000056 ], [ 106.65325295100007, 10.632986764000066 ], [ 106.65342617500005, 10.633177204000049 ], [ 106.653492473000085, 10.633495746000051 ], [ 106.653386389000048, 10.633793954000055 ], [ 106.653259057000071, 10.634134757000027 ], [ 106.65313145600004, 10.634411748000048 ], [ 106.653099850000046, 10.634672052000042 ], [ 106.653069621000043, 10.634922317000076 ], [ 106.653158886000085, 10.635517056000026 ], [ 106.653095563000079, 10.63575131500005 ], [ 106.652774215000079, 10.636029326000028 ], [ 106.652323511000077, 10.636286778000056 ], [ 106.652173595000079, 10.636436437000043 ], [ 106.652088908000053, 10.636691960000064 ], [ 106.652177103000042, 10.637074201000075 ], [ 106.652393931000063, 10.637370709000038 ], [ 106.65276147600008, 10.637666332000038 ], [ 106.653042773000038, 10.637941168000054 ], [ 106.653217030000064, 10.638322954000046 ], [ 106.653348142000084, 10.638683727000057 ], [ 106.653694940000037, 10.639128237000023 ], [ 106.653976010000065, 10.639360681000028 ], [ 106.654126958000063, 10.639402367000059 ], [ 106.654298925000035, 10.639358977000029 ], [ 106.65526488200004, 10.638864878000049 ], [ 106.655844637000087, 10.638585410000076 ], [ 106.656102204000035, 10.638456512000062 ], [ 106.656209817000047, 10.638455944000043 ], [ 106.656317889000036, 10.638540429000045 ], [ 106.656535141000063, 10.638900654000054 ], [ 106.656732906000059, 10.639643687000046 ], [ 106.656800054000087, 10.640132334000043 ], [ 106.656759434000037, 10.640578976000029 ], [ 106.656611124000051, 10.641026098000054 ], [ 106.656290389000048, 10.641431739000041 ], [ 106.656248466000079, 10.64162340300004 ], [ 106.656144220000044, 10.64226164400003 ], [ 106.656190769000034, 10.64289917900004 ], [ 106.656235636000076, 10.643239074000064 ], [ 106.656452128000069, 10.64347185500003 ], [ 106.656796984000039, 10.64355499800007 ], [ 106.657356226000047, 10.643466986000021 ], [ 106.658000763000075, 10.643251075000023 ], [ 106.658751801000051, 10.642800584000042 ], [ 106.659460190000061, 10.642435462000037 ], [ 106.660169153000083, 10.642176633000076 ], [ 106.66064810000006, 10.641918275000023 ], [ 106.660362565000071, 10.641318651000063 ], [ 106.660105583000075, 10.641161606000026 ], [ 106.659977092000076, 10.641018839000026 ], [ 106.659905709000043, 10.640719027000046 ], [ 106.659891432000052, 10.640547705000074 ], [ 106.659820048000086, 10.640347831000042 ], [ 106.659891432000052, 10.640033742000071 ], [ 106.660048476000043, 10.639862421000032 ], [ 106.660291181000048, 10.639876697000034 ], [ 106.660762315000056, 10.640119402000039 ], [ 106.661047850000045, 10.640033742000071 ], [ 106.661304832000042, 10.639876697000034 ], [ 106.661419046000049, 10.639905251000073 ], [ 106.661690304000047, 10.640005188000032 ], [ 106.661933009000052, 10.639905251000073 ], [ 106.662189991000048, 10.639448394000055 ], [ 106.662618294000083, 10.639305627000056 ], [ 106.66284672200004, 10.639362734000031 ], [ 106.663003767000077, 10.639619716000027 ], [ 106.663003767000077, 10.639905251000073 ], [ 106.663018044000069, 10.640062295000064 ], [ 106.663303579000058, 10.640119402000039 ], [ 106.663532007000072, 10.639976635000039 ], [ 106.663988864000032, 10.639548332000061 ], [ 106.664474274000042, 10.639491225000029 ], [ 106.664688425000065, 10.639434118000054 ], [ 106.664845470000046, 10.638934431000052 ], [ 106.66493113000007, 10.638877324000077 ], [ 106.665131005000035, 10.638934431000052 ], [ 106.665359433000049, 10.63934845700004 ], [ 106.665459371000054, 10.639591162000045 ], [ 106.665616415000045, 10.639633992000029 ], [ 106.665830567000057, 10.639491225000029 ], [ 106.665830567000057, 10.639191413000049 ], [ 106.665759183000034, 10.63876311000007 ], [ 106.66585912000005, 10.638463298000033 ], [ 106.666116102000046, 10.638449021000042 ], [ 106.666330253000069, 10.638691726000047 ], [ 106.66648729800005, 10.638962984000045 ], [ 106.666501575000041, 10.639419841000063 ], [ 106.666401637000035, 10.639848144000041 ], [ 106.666358807000051, 10.640205063000053 ], [ 106.666486320000047, 10.640544787000067 ], [ 106.667313989000036, 10.639652416000047 ], [ 106.667920569000046, 10.639236117000053 ], [ 106.668536805000087, 10.639126905000069 ], [ 106.669180513000072, 10.639149963000023 ], [ 106.66963707900004, 10.639279950000059 ], [ 106.670175790000087, 10.639700911000034 ], [ 106.670688964000078, 10.640386661000036 ], [ 106.671094836000066, 10.641046589000041 ], [ 106.671526309000058, 10.641494601000034 ], [ 106.672198726000033, 10.641861696000035 ], [ 106.673004631000083, 10.642122323000024 ], [ 106.673246729000084, 10.642253359000051 ], [ 106.673382314000037, 10.642517562000023 ], [ 106.673387370000057, 10.643444460000069 ], [ 106.673550864000049, 10.643920292000075 ], [ 106.673740244000044, 10.644237084000054 ], [ 106.674009606000084, 10.644447515000024 ], [ 106.674600969000039, 10.64470919200005 ], [ 106.675084229000049, 10.644812544000047 ], [ 106.676371740000036, 10.644858627000076 ], [ 106.677444627000057, 10.644905855000047 ], [ 106.678518460000078, 10.645111975000077 ], [ 106.679271086000085, 10.645425745000068 ], [ 106.679971432000059, 10.646004629000061 ], [ 106.680377768000085, 10.646744080000076 ], [ 106.680702969000038, 10.647351366000066 ], [ 106.681215164000037, 10.647851895000031 ], [ 106.681727872000067, 10.648431780000067 ], [ 106.682697455000039, 10.649194505000025 ], [ 106.684177508000062, 10.650113565000026 ], [ 106.685093737000045, 10.650929624000071 ], [ 106.685391467000045, 10.65143120700003 ], [ 106.685555276000059, 10.651959995000027 ], [ 106.685718503000032, 10.652382851000027 ], [ 106.685829968000064, 10.65315036100003 ], [ 106.685833609000042, 10.653812337000033 ], [ 106.685628377000057, 10.655508380000072 ], [ 106.685392896000053, 10.65656907500005 ], [ 106.685209987000064, 10.657377488000066 ], [ 106.685129920000065, 10.657796954000048 ], [ 106.685061211000061, 10.658171164000066 ], [ 106.685003952000045, 10.658352609000076 ], [ 106.684958206000033, 10.658681412000021 ], [ 106.68490100300005, 10.659010187000035 ], [ 106.684821043000056, 10.659599850000063 ], [ 106.684763823000083, 10.660076137000033 ], [ 106.684695262000048, 10.660518318000072 ], [ 106.684569330000045, 10.661039897000023 ], [ 106.684409807000065, 10.661387209000054 ], [ 106.684135108000078, 10.661690400000055 ], [ 106.683846541000037, 10.661856638000074 ], [ 106.683174676000078, 10.662011650000068 ], [ 106.682389869000076, 10.662145214000077 ], [ 106.681648768000059, 10.662264080000057 ], [ 106.680922136000049, 10.662382865000041 ], [ 106.680370363000065, 10.662558287000024 ], [ 106.679877632000057, 10.66287692700007 ], [ 106.679415023000047, 10.663410888000044 ], [ 106.679112328000087, 10.663915246000045 ], [ 106.678796626000064, 10.664535370000067 ], [ 106.678647703000081, 10.665181716000063 ], [ 106.678590705000033, 10.665782646000025 ], [ 106.678612247000046, 10.666288700000052 ], [ 106.678535736000072, 10.668429935000063 ], [ 106.678536424000072, 10.668472955000027 ], [ 106.678553211000064, 10.66959601800005 ], [ 106.678669118000073, 10.670707070000049 ], [ 106.678804120000052, 10.671273073000066 ], [ 106.678983223000046, 10.671882407000055 ], [ 106.679161969000063, 10.672426392000034 ], [ 106.67940714000008, 10.673057154000048 ], [ 106.680051115000083, 10.674296157000072 ], [ 106.68088167500008, 10.675501435000058 ], [ 106.681303569000079, 10.676305600000035 ], [ 106.681393005000075, 10.676588483000046 ], [ 106.681461469000055, 10.677045926000062 ], [ 106.681421845000045, 10.67783079000003 ], [ 106.681250162000083, 10.678572799000051 ], [ 106.680991199000061, 10.67942428300006 ], [ 106.68062182500006, 10.680167444000062 ], [ 106.680001158000039, 10.681184294000047 ], [ 106.679609053000036, 10.681796697000038 ], [ 106.679351243000042, 10.68210455600007 ], [ 106.679150638000067, 10.682344106000073 ], [ 106.678473001000043, 10.682979916000022 ], [ 106.677270304000047, 10.684010736000062 ], [ 106.676418331000036, 10.684909060000052 ], [ 106.676113063000059, 10.685346636000077 ], [ 106.675983035000058, 10.685674265000046 ], [ 106.675918759000069, 10.685979757000041 ], [ 106.675823596000043, 10.686645158000033 ], [ 106.675831326000036, 10.688040155000067 ], [ 106.675767170000086, 10.688367430000028 ], [ 106.675702776000037, 10.688651140000047 ], [ 106.675572985000088, 10.689022335000061 ], [ 106.675355746000037, 10.689459530000022 ], [ 106.67505071100004, 10.68994058100003 ], [ 106.674264907000065, 10.690882204000047 ], [ 106.673118052000063, 10.692098098000031 ], [ 106.673342061000085, 10.692881552000074 ], [ 106.67358848300006, 10.693752107000023 ], [ 106.673746858000072, 10.694579568000051 ], [ 106.673839360000045, 10.695407382000042 ], [ 106.673865717000069, 10.696213768000064 ], [ 106.673751290000041, 10.697380469000052 ], [ 106.673824056000058, 10.698622543000056 ], [ 106.674006642000052, 10.699863939000068 ], [ 106.674232533000065, 10.700974400000064 ], [ 106.674412731000075, 10.701779869000063 ], [ 106.674437177000073, 10.702237550000063 ], [ 106.674395105000087, 10.702564706000032 ], [ 106.674264591000053, 10.702805205000061 ], [ 106.674035290000063, 10.703078864000076 ], [ 106.673576240000045, 10.703517266000063 ], [ 106.67340162000005, 10.703714434000062 ], [ 106.673314450000078, 10.703845692000073 ], [ 106.673315287000037, 10.703998262000027 ], [ 106.673382480000043, 10.704237609000074 ], [ 106.673581818000059, 10.704519903000062 ], [ 106.673834334000048, 10.704767746000073 ], [ 106.674445185000081, 10.705151143000023 ], [ 106.676278374000049, 10.708678234000047 ], [ 106.676510624000059, 10.709790285000054 ], [ 106.676516681000066, 10.710329682000065 ], [ 106.676771912000049, 10.710329484000056 ], [ 106.67713500800005, 10.710329338000065 ], [ 106.677624706000074, 10.710405339000033 ], [ 106.677831093000066, 10.710939500000052 ], [ 106.678037707000044, 10.711651814000049 ], [ 106.678837200000032, 10.713025188000074 ], [ 106.679507681000075, 10.71396611800003 ], [ 106.680475966000074, 10.714875613000061 ], [ 106.680590533000043, 10.714983188000076 ], [ 106.681005258000084, 10.714694062000035 ], [ 106.681507064000073, 10.714340290000052 ], [ 106.682186680000086, 10.714053258000035 ], [ 106.683108073000085, 10.71378670200005 ], [ 106.683699992000072, 10.71352192300003 ], [ 106.684050389000049, 10.713323890000026 ], [ 106.684356510000043, 10.713038872000027 ], [ 106.684639942000047, 10.712644970000042 ], [ 106.685010734000059, 10.712141589000055 ], [ 106.685185668000088, 10.711988160000033 ], [ 106.68538241400006, 10.71181265000007 ], [ 106.685579478000079, 10.711680794000074 ], [ 106.68575489300008, 10.711614405000034 ], [ 106.685996503000069, 10.711591315000021 ], [ 106.686370188000069, 10.711611076000054 ], [ 106.687316353000085, 10.711845840000024 ], [ 106.688196686000083, 10.712102560000062 ], [ 106.688681476000056, 10.712339728000075 ], [ 106.688705947000074, 10.712797314000056 ], [ 106.688546142000064, 10.713680896000028 ], [ 106.68839833800007, 10.714771580000047 ], [ 106.688446224000074, 10.715468835000024 ], [ 106.688559068000075, 10.716013073000056 ], [ 106.688648649000072, 10.716317733000039 ], [ 106.688782417000084, 10.716665810000052 ], [ 106.689094337000085, 10.717426981000074 ], [ 106.689340062000042, 10.718144945000063 ], [ 106.689430854000079, 10.718667610000068 ], [ 106.689400031000048, 10.719049299000062 ], [ 106.689358262000042, 10.719441804000041 ], [ 106.689228406000041, 10.719813094000074 ], [ 106.689076690000036, 10.720184411000048 ], [ 106.68896819400004, 10.720424795000042 ], [ 106.688903447000087, 10.720643069000062 ], [ 106.68888325100005, 10.720970198000032 ], [ 106.688929009000049, 10.721296878000032 ], [ 106.688974723000058, 10.721601775000067 ], [ 106.68906467100004, 10.72197187200004 ], [ 106.689132244000064, 10.722276650000026 ], [ 106.689243960000056, 10.72260297300005 ], [ 106.689355434000049, 10.72288573000003 ], [ 106.689710871000045, 10.723581223000053 ], [ 106.68997926600008, 10.724429851000025 ], [ 106.69015924100006, 10.725169953000034 ], [ 106.690206457000045, 10.725568573000032 ], [ 106.690260735000038, 10.727184118000025 ], [ 106.690272245000074, 10.727315658000066 ], [ 106.690478051000071, 10.729651664000073 ], [ 106.69054858800007, 10.730122556000026 ], [ 106.690629699000056, 10.730556512000021 ], [ 106.690779046000046, 10.730884436000053 ], [ 106.69102945800006, 10.731153783000025 ], [ 106.691646923000064, 10.731547764000027 ], [ 106.692349304000061, 10.732001479000076 ], [ 106.693293701000073, 10.732813432000057 ], [ 106.693928326000048, 10.733661415000029 ], [ 106.694499113000063, 10.734578438000028 ], [ 106.69488087600007, 10.735393539000029 ], [ 106.694990200000063, 10.735883469000044 ], [ 106.694992525000089, 10.735975832000065 ], [ 106.694996221000054, 10.736121969000067 ], [ 106.69500258000005, 10.736373386000025 ], [ 106.694954460000076, 10.736923106000063 ], [ 106.694808339000076, 10.737269902000037 ], [ 106.694483717000082, 10.737888919000056 ], [ 106.694023620000053, 10.738560738000047 ], [ 106.69371891600008, 10.739048043000025 ], [ 106.692866429000048, 10.740354341000057 ], [ 106.69228466800007, 10.741177586000049 ], [ 106.692227738000042, 10.741364634000035 ], [ 106.691423023000084, 10.741321850000077 ], [ 106.69029277900006, 10.741107699000054 ], [ 106.687722961000077, 10.740262990000076 ], [ 106.686164414000075, 10.739906071000064 ], [ 106.684034796000049, 10.739763303000075 ], [ 106.683035423000035, 10.739453974000071 ], [ 106.682987833000084, 10.739299309000046 ], [ 106.683023525000067, 10.738978081000027 ], [ 106.682987833000084, 10.738752033000026 ], [ 106.682975936000048, 10.738383216000045 ], [ 106.682583325000053, 10.737931119000052 ], [ 106.682095535000087, 10.73678897700006 ], [ 106.681964665000066, 10.736313085000063 ], [ 106.682024152000054, 10.735254225000062 ], [ 106.682155022000074, 10.734635565000076 ], [ 106.681845692000081, 10.734611770000072 ], [ 106.681607746000054, 10.734635565000076 ], [ 106.681131854000057, 10.734980587000052 ], [ 106.680915762000041, 10.735027721000051 ], [ 106.680536988000085, 10.734980587000052 ], [ 106.679863425000065, 10.735100746000057 ], [ 106.67955801100004, 10.735136020000027 ], [ 106.679184789000033, 10.735205374000031 ], [ 106.678947296000047, 10.735240371000032 ], [ 106.678539594000085, 10.735208858000021 ], [ 106.678082496000059, 10.73522377200004 ], [ 106.678065267000079, 10.735425498000041 ], [ 106.677255340000045, 10.735198718000049 ], [ 106.676864901000044, 10.735138293000034 ], [ 106.676753725000083, 10.735138138000025 ], [ 106.676601558000073, 10.735188785000048 ], [ 106.675759838000033, 10.735494713000037 ], [ 106.675030200000037, 10.735846500000036 ], [ 106.674681900000053, 10.736075400000061 ], [ 106.674517815000058, 10.73620207700003 ], [ 106.674436330000049, 10.736276589000056 ], [ 106.674244823000038, 10.736493320000022 ], [ 106.674201545000074, 10.736560608000048 ], [ 106.674206001000073, 10.736625543000059 ], [ 106.67461724900005, 10.736840760000064 ], [ 106.673909454000068, 10.737555987000064 ], [ 106.673630090000074, 10.737417204000053 ], [ 106.673394624000082, 10.737215241000058 ], [ 106.671786782000083, 10.736134282000023 ], [ 106.671699219000061, 10.736255379000056 ], [ 106.670102158000077, 10.735266947000071 ], [ 106.669802883000045, 10.73497128300005 ], [ 106.667645691000075, 10.733514718000038 ], [ 106.667329948000088, 10.733285993000038 ], [ 106.667329948000088, 10.733036150000032 ], [ 106.667401332000054, 10.732827947000033 ], [ 106.667252615000052, 10.732685179000043 ], [ 106.667092002000061, 10.73250672000006 ], [ 106.66693138800008, 10.73244128500005 ], [ 106.666824312000074, 10.732518617000039 ], [ 106.666622058000087, 10.732524566000052 ], [ 106.666467393000062, 10.732482925000056 ], [ 106.666223498000079, 10.732352055000035 ], [ 106.666151738000053, 10.732471682000039 ], [ 106.665950893000058, 10.732351282000025 ], [ 106.665772433000086, 10.732862867000051 ], [ 106.665808125000069, 10.733636191000073 ], [ 106.665736741000046, 10.73435003000003 ], [ 106.664368551000052, 10.734135878000075 ], [ 106.663357280000071, 10.733969316000071 ], [ 106.661953398000037, 10.733374451000032 ], [ 106.661227662000044, 10.733243580000021 ], [ 106.660192597000048, 10.733005634000051 ], [ 106.659669115000042, 10.732731996000041 ], [ 106.659419272000036, 10.732624920000035 ], [ 106.65893148300006, 10.732684407000022 ], [ 106.657357743000034, 10.732371310000076 ], [ 106.656497848000072, 10.73229137900006 ], [ 106.656488330000059, 10.732062950000056 ], [ 106.65608633100004, 10.732094349000022 ], [ 106.65350531100006, 10.731430458000034 ], [ 106.651908675000072, 10.731237196000052 ], [ 106.649865083000066, 10.730890104000025 ], [ 106.649280076000082, 10.73069091800005 ], [ 106.645557954000083, 10.729377419000059 ], [ 106.645827069000063, 10.72874181800006 ], [ 106.642419153000048, 10.727437728000041 ], [ 106.64187531400006, 10.72722962000006 ], [ 106.638857785000084, 10.721548317000043 ], [ 106.637137038000049, 10.717847951000067 ], [ 106.635162362000074, 10.713930341000037 ], [ 106.631109872000081, 10.705689107000069 ], [ 106.630311907000078, 10.704179534000048 ], [ 106.629632210000068, 10.702893955000036 ], [ 106.628879950000055, 10.70147073000004 ], [ 106.626656835000063, 10.697031830000071 ], [ 106.625375523000059, 10.694473345000063 ], [ 106.625834420000047, 10.693851878000032 ], [ 106.626188738000053, 10.693352166000068 ], [ 106.624726039000052, 10.692751734000069 ], [ 106.624322158000041, 10.692620874000056 ], [ 106.623905291000085, 10.692485831000056 ], [ 106.623718870000062, 10.692822869000054 ], [ 106.622561889000053, 10.694957200000033 ], [ 106.622191361000034, 10.695670492000033 ], [ 106.621985104000032, 10.696502245000033 ], [ 106.621806900000081, 10.697577903000024 ], [ 106.621713124000053, 10.698143959000049 ], [ 106.621406977000049, 10.699228689000051 ], [ 106.620574845000078, 10.699689571000022 ], [ 106.620421126000053, 10.699699138000028 ], [ 106.620279596000046, 10.699178442000061 ], [ 106.619975025000087, 10.69910230000005 ], [ 106.619936954000082, 10.699425906000045 ], [ 106.619575276000035, 10.699502049000046 ], [ 106.619080348000068, 10.699444942000071 ], [ 106.618433134000043, 10.699083264000024 ], [ 106.618433134000043, 10.698816764000071 ], [ 106.618471206000038, 10.698131480000029 ], [ 106.618318920000036, 10.697922087000052 ], [ 106.618014349000077, 10.697788837000076 ], [ 106.617424243000073, 10.69775076600007 ], [ 106.616605708000066, 10.697979194000027 ], [ 106.616148852000038, 10.697922087000052 ], [ 106.615691995000077, 10.697788837000076 ], [ 106.614731533000054, 10.697760765000055 ], [ 106.614222495000035, 10.697601330000055 ], [ 106.613967758000058, 10.69749463200003 ], [ 106.613730977000046, 10.697333788000037 ], [ 106.61351245700007, 10.697190927000065 ], [ 106.613275600000065, 10.697030083000072 ], [ 106.613093335000087, 10.696886943000038 ], [ 106.612892810000062, 10.696726001000059 ], [ 106.612728807000053, 10.696600845000034 ], [ 106.612546808000047, 10.696493679000071 ], [ 106.612364829000057, 10.696404592000022 ], [ 106.61163739400007, 10.696475375000034 ], [ 106.611104395000041, 10.696494410000071 ], [ 106.610780788000056, 10.696380196000064 ], [ 106.610342967000065, 10.695923340000036 ], [ 106.609905146000074, 10.695485519000044 ], [ 106.608991433000085, 10.695333233000042 ], [ 106.60706882900007, 10.69550455500007 ], [ 106.605641152000032, 10.695675876000053 ], [ 106.604460939000035, 10.695656840000026 ], [ 106.603680476000079, 10.695238055000061 ], [ 106.602938084000073, 10.695180948000029 ], [ 106.602043407000053, 10.695295162000036 ], [ 106.601320051000073, 10.695713947000058 ], [ 106.599854303000086, 10.697331981000048 ], [ 106.599016733000042, 10.698911943000041 ], [ 106.598350484000036, 10.700168298000051 ], [ 106.597912663000045, 10.701329475000023 ], [ 106.597995056000059, 10.701977249000038 ], [ 106.599035786000059, 10.702432183000042 ], [ 106.60052014300004, 10.703235370000073 ], [ 106.601671689000057, 10.703733475000035 ], [ 106.603331320000052, 10.704250927000032 ], [ 106.604370950000089, 10.704508434000047 ], [ 106.604319733000068, 10.704759802000069 ], [ 106.603908003000072, 10.706779071000028 ], [ 106.603521374000081, 10.70888489400005 ], [ 106.603651434000085, 10.710494980000021 ], [ 106.603694807000068, 10.710830015000056 ], [ 106.603717668000058, 10.711005886000066 ], [ 106.603347190000079, 10.711605173000066 ], [ 106.603451886000073, 10.712138172000039 ], [ 106.603794528000037, 10.712937671000077 ], [ 106.60380404600005, 10.713385010000025 ], [ 106.603499475000035, 10.713937044000033 ], [ 106.603099726000039, 10.714451008000026 ], [ 106.603042619000064, 10.714765097000054 ], [ 106.603147315000058, 10.715174364000063 ], [ 106.603785010000081, 10.716040488000033 ], [ 106.603956332000052, 10.71649734500005 ], [ 106.604177621000076, 10.717584758000044 ], [ 106.603563478000069, 10.717630209000049 ], [ 106.600080190000085, 10.718120137000028 ], [ 106.600824099000079, 10.722284752000064 ], [ 106.600395983000055, 10.722388279000029 ], [ 106.600042586000086, 10.722484442000052 ], [ 106.599551839000071, 10.722759922000023 ], [ 106.598581894000063, 10.723333741000033 ], [ 106.597813597000084, 10.723789664000037 ], [ 106.597015901000077, 10.724263900000039 ], [ 106.596648717000051, 10.72447887900006 ], [ 106.595241500000043, 10.725023900000053 ], [ 106.59192640100008, 10.726309 ], [ 106.590428400000064, 10.726888700000075 ], [ 106.589457400000072, 10.727173300000061 ], [ 106.584383295000066, 10.728695339000069 ], [ 106.581948712000042, 10.729439364000029 ], [ 106.581880486000045, 10.729905607000035 ], [ 106.581787741000085, 10.731224765000036 ], [ 106.581717882000078, 10.732244280000032 ], [ 106.581709365000052, 10.733027291000042 ], [ 106.581647054000086, 10.733077323000032 ], [ 106.581421502000069, 10.733078470000066 ], [ 106.581146607000051, 10.732985228000075 ], [ 106.581132786000069, 10.732980507000036 ], [ 106.580516491000083, 10.732573445000071 ], [ 106.579988033000063, 10.732153641000025 ], [ 106.579698608000058, 10.731918830000041 ], [ 106.579683938000073, 10.731910136000067 ], [ 106.579346594000071, 10.731709373000058 ], [ 106.579007245000071, 10.73149985200007 ], [ 106.578718392000042, 10.731389414000034 ], [ 106.578316968000081, 10.73130440400007 ], [ 106.577965289000076, 10.731144659000051 ], [ 106.57766308500004, 10.730872758000032 ], [ 106.577267667000058, 10.73047749400007 ], [ 106.576477907000083, 10.729486651000059 ], [ 106.574446462000083, 10.727504621000037 ], [ 106.574385781000046, 10.72762216600006 ], [ 106.574373434000051, 10.727974936000066 ], [ 106.574375989000089, 10.728468821000035 ], [ 106.574320973000056, 10.728821717000073 ], [ 106.57423717000006, 10.729132635000042 ], [ 106.574153294000041, 10.729415262000032 ], [ 106.573845190000043, 10.730348033000041 ], [ 106.573789588000068, 10.730602224000052 ], [ 106.57379061000006, 10.730799814000022 ], [ 106.573848548000058, 10.730997026000068 ], [ 106.573948569000038, 10.731212284000037 ], [ 106.573992480000072, 10.731306612000026 ], [ 106.574050489000058, 10.731532116000039 ], [ 106.57405151100005, 10.731729616000052 ], [ 106.574025573000085, 10.732209545000046 ], [ 106.57388448100005, 10.732711118000054 ], [ 106.573431940000035, 10.732946166000033 ], [ 106.573091249000072, 10.733088990000056 ], [ 106.572636578000072, 10.733204097000055 ], [ 106.572153342000036, 10.73329123700006 ], [ 106.569738027000085, 10.733895955000037 ], [ 106.568942444000072, 10.73409756500007 ], [ 106.567748734000077, 10.73435749600003 ], [ 106.567734729000051, 10.734360820000063 ], [ 106.559416575000057, 10.736276833000034 ], [ 106.558977946000084, 10.736327594000045 ], [ 106.558852305000073, 10.736363542000049 ], [ 106.558916551000038, 10.73706786300005 ], [ 106.558857064000051, 10.737876879000055 ], [ 106.558428761000073, 10.738983329000064 ], [ 106.558309788000088, 10.739411632000042 ], [ 106.558404967000058, 10.739887524000039 ], [ 106.558773783000049, 10.740839308000034 ], [ 106.559202086000084, 10.74176729800007 ], [ 106.559285367000086, 10.742159909000065 ], [ 106.559237778000067, 10.742576315000065 ], [ 106.558928448000074, 10.743563791000042 ], [ 106.558857064000051, 10.744158656000025 ], [ 106.558976037000036, 10.744967673000076 ], [ 106.559368648000088, 10.745943252000075 ], [ 106.559368648000088, 10.746323966000034 ], [ 106.559118805000082, 10.747454210000058 ], [ 106.559083113000042, 10.747989589000042 ], [ 106.559285367000086, 10.748679632000062 ], [ 106.559523313000057, 10.749143627000024 ], [ 106.559987308000075, 10.749536238000076 ], [ 106.561367396000037, 10.750226282000028 ], [ 106.562461948000077, 10.750904428000069 ], [ 106.563389938000057, 10.751832418000049 ], [ 106.564198954000062, 10.752665229000058 ], [ 106.564686744000085, 10.752998354000056 ], [ 106.566114420000076, 10.753735987000027 ], [ 106.567649173000063, 10.754723463000062 ], [ 106.568493881000052, 10.755437301000029 ], [ 106.569588433000035, 10.756793594000044 ], [ 106.570813856000086, 10.758066606000057 ], [ 106.572253430000046, 10.759399104000067 ], [ 106.573157625000078, 10.760053456000037 ], [ 106.573394830000041, 10.760396860000071 ], [ 106.57273082100005, 10.760697339000046 ], [ 106.571094065000068, 10.761386228000049 ], [ 106.569128481000064, 10.762288900000044 ], [ 106.567749393000042, 10.762928797000029 ], [ 106.568150466000077, 10.763882625000065 ], [ 106.569744742000069, 10.767674116000023 ], [ 106.570535161000066, 10.766363722000051 ], [ 106.571474563000038, 10.766561004000039 ], [ 106.57204121400008, 10.766727203000073 ], [ 106.572650488000079, 10.767656844000044 ], [ 106.573438982000084, 10.768391639000072 ], [ 106.574011229000064, 10.768592747000071 ], [ 106.574652521000075, 10.768906583000046 ], [ 106.575051314000063, 10.76931692200003 ], [ 106.575259293000045, 10.769164098000033 ], [ 106.575268953000034, 10.769151394000062 ], [ 106.57572384000008, 10.769575910000071 ], [ 106.576240118000044, 10.770003546000055 ], [ 106.576481453000042, 10.770262736000063 ], [ 106.576539310000044, 10.770398390000025 ], [ 106.57658616100008, 10.770635970000058 ], [ 106.576610495000068, 10.770907653000052 ], [ 106.576681284000074, 10.771326256000066 ], [ 106.576727648000087, 10.771528224000065 ], [ 106.576809307000076, 10.77178985200004 ], [ 106.577085287000045, 10.772128138000028 ], [ 106.578048412000044, 10.772780017000059 ], [ 106.578942341000072, 10.773319075000074 ], [ 106.579493600000035, 10.77385978600006 ], [ 106.580257951000078, 10.774736026000028 ], [ 106.580613874000051, 10.775062691000073 ], [ 106.580946303000076, 10.77526500700003 ], [ 106.581255456000065, 10.775399378000031 ], [ 106.581518684000059, 10.775488786000039 ], [ 106.581701696000039, 10.775521749000063 ], [ 106.581918863000055, 10.775554627000076 ], [ 106.582158713000069, 10.775542104000067 ], [ 106.582386882000037, 10.775472965000063 ], [ 106.583550836000086, 10.775206421000064 ], [ 106.584481188000041, 10.775037334000046 ], [ 106.585235753000063, 10.775135526000042 ], [ 106.585693378000087, 10.775257833000069 ], [ 106.586025675000087, 10.77544875500007 ], [ 106.587215490000062, 10.77669592500007 ], [ 106.588247805000037, 10.778412849000063 ], [ 106.588448319000065, 10.778792275000058 ], [ 106.588633695000055, 10.77928982800006 ], [ 106.588240295000048, 10.779712252000024 ], [ 106.588026956000078, 10.780064965000065 ], [ 106.587942840000039, 10.780458595000027 ], [ 106.587915646000056, 10.78184324700004 ], [ 106.589017500000068, 10.787368899000057 ], [ 106.587182901000062, 10.78798020000005 ], [ 106.586641100000065, 10.788196300000038 ], [ 106.586244670000042, 10.788274382000054 ], [ 106.58628152600005, 10.789209328000027 ], [ 106.58538735500008, 10.789340637000066 ], [ 106.585195832000068, 10.789368736000029 ], [ 106.585253652000063, 10.790531496000028 ], [ 106.58523735700004, 10.790702689000057 ], [ 106.585151727000039, 10.790822805000062 ], [ 106.584962201000053, 10.790858034000053 ], [ 106.584410711000032, 10.790929194000057 ], [ 106.584335028000055, 10.794881857000064 ], [ 106.585059698000066, 10.794913078000036 ], [ 106.585085617000061, 10.795785729000045 ], [ 106.584270297000046, 10.79583038100003 ], [ 106.584317307000049, 10.797311575000037 ], [ 106.583487595000065, 10.797316143000046 ], [ 106.582851389000041, 10.797325631000035 ], [ 106.582944999000063, 10.797897501000023 ], [ 106.583059800000058, 10.800008 ], [ 106.583253752000076, 10.802183582000055 ], [ 106.583250323000073, 10.802307014000064 ], [ 106.583282003000079, 10.802382326000043 ], [ 106.583357999000043, 10.802908700000046 ], [ 106.583366315000035, 10.803001198000061 ], [ 106.583394700000042, 10.803773300000046 ], [ 106.583427799000049, 10.804131100000063 ], [ 106.583492687000046, 10.806505708000032 ], [ 106.584273065000048, 10.806702249000068 ], [ 106.585723419000033, 10.81294865600006 ], [ 106.584859557000073, 10.813882125000077 ], [ 106.583776776000036, 10.813597822000077 ], [ 106.583545799000035, 10.814574800000059 ], [ 106.583266167000033, 10.815569664000066 ], [ 106.582564157000036, 10.816164786000058 ], [ 106.585417343000074, 10.818648112000062 ], [ 106.587275565000084, 10.820374862000051 ], [ 106.588874008000062, 10.82195200700005 ], [ 106.590401887000041, 10.823439789000076 ], [ 106.591752757000052, 10.825093189000029 ], [ 106.593176640000081, 10.826932816000067 ], [ 106.593563302000064, 10.827503886000045 ], [ 106.595060173000036, 10.829778494000038 ], [ 106.594354473000067, 10.829788169000039 ], [ 106.59373581300008, 10.82957996600004 ], [ 106.593218281000077, 10.829389609000032 ], [ 106.593027924000069, 10.829389609000032 ], [ 106.592855413000052, 10.829550223000069 ], [ 106.592397366000057, 10.830329496000047 ], [ 106.591350404000082, 10.831477586000062 ], [ 106.590945895000061, 10.83184045400003 ], [ 106.590351030000079, 10.832072452000034 ], [ 106.588976891000073, 10.832459114000073 ], [ 106.587341012000081, 10.83286957100006 ], [ 106.585978770000054, 10.833178901000053 ], [ 106.585705132000044, 10.833083722000026 ], [ 106.58518760000004, 10.832732752000027 ], [ 106.584848526000087, 10.832697060000044 ], [ 106.584384532000058, 10.832584036000071 ], [ 106.584015715000078, 10.832536446000063 ], [ 106.583289979000085, 10.83259593300005 ], [ 106.582626101000074, 10.832695810000075 ], [ 106.582028865000041, 10.832798187000037 ], [ 106.581749278000075, 10.832994493000058 ], [ 106.581136567000044, 10.833749972000021 ], [ 106.580827237000051, 10.834190172000035 ], [ 106.580607137000072, 10.834380529000043 ], [ 106.579400203000034, 10.835257121000041 ], [ 106.57904859000007, 10.835564311000041 ], [ 106.578125248000049, 10.837310278000075 ], [ 106.577856181000072, 10.837700245000065 ], [ 106.577021830000035, 10.83846804600006 ], [ 106.576572743000042, 10.83910217600004 ], [ 106.576323408000064, 10.839761587000055 ], [ 106.576036586000043, 10.840895108000041 ], [ 106.575960996000049, 10.841711632000056 ], [ 106.575925100000063, 10.842475256000057 ], [ 106.56913962200008, 10.842871239000033 ], [ 106.567283643000053, 10.841776687000049 ], [ 106.56628426900005, 10.841134232000059 ], [ 106.565142128000048, 10.840920081000036 ], [ 106.56402378100006, 10.84094387500005 ], [ 106.563304111000036, 10.841328781000072 ], [ 106.563212684000064, 10.84165826900005 ], [ 106.56314814600006, 10.842053516000021 ], [ 106.563043788000073, 10.842448965000074 ], [ 106.56291178500004, 10.842647140000054 ], [ 106.562766836000037, 10.842937398000061 ], [ 106.562584801000071, 10.843754465000075 ], [ 106.562350140000035, 10.844690210000067 ], [ 106.561097962000076, 10.844433342000059 ], [ 106.559512377000033, 10.844046545000026 ], [ 106.558805751000079, 10.843773706000036 ], [ 106.557778294000059, 10.843250114000057 ], [ 106.55763479400008, 10.843209441000056 ], [ 106.557372678000036, 10.843419028000028 ], [ 106.557260356000086, 10.843530054000041 ], [ 106.557135450000033, 10.843628761000048 ], [ 106.556973231000086, 10.843628767000041 ], [ 106.556835858000056, 10.843591859000071 ], [ 106.55669849800006, 10.843382212000051 ], [ 106.556336434000059, 10.843295910000052 ], [ 106.555549775000088, 10.843295998000031 ], [ 106.554898098000081, 10.843410741000071 ], [ 106.554151037000054, 10.843485288000068 ], [ 106.553652085000067, 10.843382681000037 ], [ 106.553251707000072, 10.843354237000028 ], [ 106.545225587000061, 10.844769127000063 ], [ 106.551222942000038, 10.869411304000039 ], [ 106.534744913000054, 10.871772861000068 ], [ 106.529252162000034, 10.850031883000042 ], [ 106.523244624000085, 10.826253318000056 ], [ 106.514076293000073, 10.789741663000029 ], [ 106.505700687000058, 10.793703479000044 ], [ 106.504250479000063, 10.788683005000053 ], [ 106.500434797000082, 10.785375213000066 ], [ 106.499489596000046, 10.784639918000039 ], [ 106.497220665000043, 10.782752892000076 ], [ 106.496504876000074, 10.782159118000038 ], [ 106.494984418000058, 10.780897960000061 ], [ 106.492802879000067, 10.779107014000033 ], [ 106.490707976000067, 10.777326389000052 ], [ 106.490098712000076, 10.77684679500004 ], [ 106.489436331000036, 10.776283297000077 ], [ 106.488504400000068, 10.775490587000036 ], [ 106.486966689000042, 10.774357009000028 ], [ 106.482857826000043, 10.771249581000063 ], [ 106.479495328000041, 10.768570616000034 ], [ 106.477119476000041, 10.766726316000074 ], [ 106.477089524000064, 10.766706933000023 ], [ 106.476593119000086, 10.766386406000038 ], [ 106.474665735000087, 10.764937595000049 ], [ 106.472153110000079, 10.763003684000068 ], [ 106.471949464000033, 10.762849532000075 ], [ 106.463561849000087, 10.756504582000048 ], [ 106.465900427000065, 10.753583985000034 ], [ 106.46701054600004, 10.752176887000076 ], [ 106.469817118000037, 10.748447640000052 ], [ 106.472146465000037, 10.745528862000072 ], [ 106.47221985300007, 10.745421420000071 ], [ 106.472444001000042, 10.745566503000077 ], [ 106.472817399000064, 10.745871716000067 ], [ 106.473499879000087, 10.746418444000028 ], [ 106.473628748000067, 10.746251957000027 ], [ 106.473804045000065, 10.746019804000071 ], [ 106.474014849000071, 10.74574074800006 ], [ 106.476699073000077, 10.74258676900007 ], [ 106.477678457000081, 10.741460761000042 ], [ 106.479328570000064, 10.739507518000039 ], [ 106.480223553000087, 10.738517319000039 ], [ 106.480274095000084, 10.738461305000044 ], [ 106.480978743000037, 10.737586359000034 ], [ 106.482169294000073, 10.736187518000065 ], [ 106.482703535000041, 10.73552653400003 ], [ 106.48434231400006, 10.733488355000077 ], [ 106.484678348000045, 10.73299789500004 ], [ 106.485981275000086, 10.731460926000068 ], [ 106.486007870000037, 10.731426448000036 ], [ 106.486881533000087, 10.730293965000044 ], [ 106.487151527000037, 10.729944022000041 ], [ 106.488994536000064, 10.731383963000042 ], [ 106.493331829000056, 10.728673840000056 ], [ 106.494289817000038, 10.728447684000059 ], [ 106.494693559000041, 10.727963400000021 ], [ 106.495678658000088, 10.727915909000046 ], [ 106.497680432000038, 10.726547561000075 ], [ 106.498306737000064, 10.726191014000051 ], [ 106.499357316000044, 10.725266372000021 ], [ 106.500614004000056, 10.726177636000045 ], [ 106.501460333000068, 10.726747287000023 ], [ 106.503399123000065, 10.724326660000031 ], [ 106.503730594000046, 10.723912771000073 ], [ 106.509076766000078, 10.717172970000036 ], [ 106.510671861000048, 10.718098616000077 ], [ 106.518671866000034, 10.722740862000023 ], [ 106.520151205000047, 10.723651679000056 ], [ 106.522840806000033, 10.721666779000032 ], [ 106.525898463000033, 10.719633232000035 ], [ 106.529489499000078, 10.717584206000026 ], [ 106.528654416000052, 10.715788395000061 ], [ 106.528985618000036, 10.715254985000058 ], [ 106.528956188000052, 10.714558017000058 ], [ 106.528502916000036, 10.714801411000053 ], [ 106.528093075000072, 10.713197945000047 ], [ 106.527658700000075, 10.711451145000069 ], [ 106.527442120000046, 10.710713512000041 ], [ 106.527194104000046, 10.709749869000063 ], [ 106.527069342000061, 10.709117184000036 ], [ 106.527096849000088, 10.708544045000053 ], [ 106.527245495000045, 10.707879830000024 ], [ 106.52748383900007, 10.706913803000077 ], [ 106.528112113000077, 10.704890251000052 ], [ 106.528402300000039, 10.703725195000061 ], [ 106.528612544000055, 10.70274845800003 ], [ 106.528782814000067, 10.702248833000056 ], [ 106.530220308000082, 10.697929478000049 ], [ 106.531781545000058, 10.694061843000043 ], [ 106.531910950000054, 10.693742210000039 ], [ 106.532442120000042, 10.692430256000023 ], [ 106.533738790000086, 10.687973557000021 ], [ 106.533796050000035, 10.687923107000074 ], [ 106.53431652900008, 10.687562141000058 ], [ 106.53483450300007, 10.686703030000047 ], [ 106.535092577000057, 10.686084285000049 ], [ 106.535275380000087, 10.685667036000041 ], [ 106.535487492000073, 10.685577227000067 ], [ 106.535679402000085, 10.68557727700005 ], [ 106.535921765000069, 10.685597238000071 ], [ 106.536224679000043, 10.685666978000029 ], [ 106.536507568000047, 10.68572669200006 ], [ 106.536860984000043, 10.685856294000075 ], [ 106.537194301000056, 10.685976052000058 ], [ 106.537578094000082, 10.686105503000022 ], [ 106.537790129000086, 10.686195305000069 ], [ 106.537870905000034, 10.686204670000052 ], [ 106.537961864000067, 10.686215249000043 ], [ 106.538093119000052, 10.686205202000053 ], [ 106.538285005000034, 10.68615535400005 ], [ 106.538648549000072, 10.686065521000046 ], [ 106.53903239300007, 10.686025574000041 ], [ 106.53931513200007, 10.685995616000071 ], [ 106.539900887000044, 10.686085381000055 ], [ 106.540325034000034, 10.686175130000038 ], [ 106.540961265000078, 10.686274677000029 ], [ 106.541516744000035, 10.686384384000064 ], [ 106.542031896000083, 10.686464009000076 ], [ 106.542597350000051, 10.686503881000021 ], [ 106.543152903000077, 10.686523644000033 ], [ 106.543496221000055, 10.686593539000057 ], [ 106.543819388000088, 10.686673205000034 ], [ 106.544112355000038, 10.68674298600007 ], [ 106.544395094000038, 10.686802784000065 ], [ 106.544627332000061, 10.686832640000034 ], [ 106.545162609000045, 10.686882419000028 ], [ 106.545738239000059, 10.686922236000044 ], [ 106.545838115000038, 10.686937380000074 ], [ 106.546263493000083, 10.687001893000058 ], [ 106.546889653000051, 10.687121545000025 ], [ 106.54706133600007, 10.687131452000074 ], [ 106.547152834000087, 10.687144377000038 ], [ 106.547320429000081, 10.686868120000042 ], [ 106.547584208000046, 10.686592290000021 ], [ 106.547848392000049, 10.686396455000022 ], [ 106.548124514000051, 10.686280740000029 ], [ 106.548228753000046, 10.686269511000035 ], [ 106.548458778000054, 10.68624473400007 ], [ 106.549001245000056, 10.686345001000063 ], [ 106.549462447000053, 10.686354193000057 ], [ 106.549692786000037, 10.68630722000006 ], [ 106.549980498000082, 10.686202926000021 ], [ 106.550233223000077, 10.686007237000069 ], [ 106.550438675000066, 10.685734858000046 ], [ 106.550710294000055, 10.685326472000042 ], [ 106.550802206000071, 10.684990389000063 ], [ 106.550851929000032, 10.684703326000033 ], [ 106.550877342000035, 10.684556944000065 ], [ 106.550978287000078, 10.683996009000055 ], [ 106.551010893000068, 10.683618368000054 ], [ 106.551044155000056, 10.683355161000065 ], [ 106.551100463000068, 10.68310322800005 ], [ 106.551236312000071, 10.68258776700003 ], [ 106.551303629000074, 10.682232823000049 ], [ 106.551347477000036, 10.681797998000036 ], [ 106.551391051000053, 10.681294385000058 ], [ 106.551375397000072, 10.680482376000043 ], [ 106.551396563000083, 10.680093402000068 ], [ 106.551509544000055, 10.679646663000028 ], [ 106.551663187000088, 10.679251337000039 ], [ 106.552028653000036, 10.678563171000064 ], [ 106.552166089000082, 10.678325983000036 ], [ 106.552764717000059, 10.677308019000066 ], [ 106.552878931000066, 10.676751226000022 ], [ 106.552893208000057, 10.676065941000047 ], [ 106.553031924000038, 10.675750042000061 ], [ 106.553621323000073, 10.675480593000032 ], [ 106.553633030000071, 10.67539864500003 ], [ 106.553649877000055, 10.675280719000057 ], [ 106.553564216000041, 10.674938076000046 ], [ 106.553235850000078, 10.674352729000077 ], [ 106.55340717200005, 10.673224864000076 ], [ 106.553340433000074, 10.672018643000058 ], [ 106.552985785000033, 10.67150829600007 ], [ 106.552488413000049, 10.671244473000058 ], [ 106.552254865000066, 10.671032549000074 ], [ 106.552151065000032, 10.670617352000022 ], [ 106.552185665000081, 10.670405428000038 ], [ 106.552574913000058, 10.670011855000041 ], [ 106.552756561000081, 10.669622608000054 ], [ 106.552920910000068, 10.66912091100005 ], [ 106.553115534000085, 10.668995487000075 ], [ 106.553569656000036, 10.668870063000043 ], [ 106.553664806000086, 10.668710039000075 ], [ 106.553660481000065, 10.668450540000038 ], [ 106.553388007000081, 10.667723945000034 ], [ 106.553250127000069, 10.666714659000036 ], [ 106.55326440400006, 10.666072205000035 ], [ 106.553235850000078, 10.665472580000028 ], [ 106.552821824000034, 10.665187045000039 ], [ 106.552079432000085, 10.665001447000066 ], [ 106.551765344000046, 10.664830126000027 ], [ 106.551608299000065, 10.664487484000063 ], [ 106.551502388000074, 10.663551659000063 ], [ 106.55150836200005, 10.662717165000061 ], [ 106.551379871000051, 10.662188924000077 ], [ 106.551394148000043, 10.661532193000028 ], [ 106.551294210000037, 10.661175274000072 ], [ 106.550923014000034, 10.660647033000032 ], [ 106.550737416000061, 10.660075963000054 ], [ 106.550494711000056, 10.659076589000051 ], [ 106.550337667000065, 10.659048036000058 ], [ 106.549997950000034, 10.659106883000049 ], [ 106.549209802000064, 10.659761874000026 ], [ 106.548924267000075, 10.658905268000069 ], [ 106.548895714000082, 10.65750614500007 ], [ 106.550113962000069, 10.657518045000074 ], [ 106.551565394000079, 10.657510855000055 ], [ 106.552743206000059, 10.657572721000065 ], [ 106.55327664400005, 10.657448317000046 ], [ 106.554392268000072, 10.657192056000042 ], [ 106.555891329000076, 10.65702073500006 ], [ 106.556004143000052, 10.655505117000075 ], [ 106.555662901000062, 10.655264693000049 ], [ 106.555391642000075, 10.654893497000046 ], [ 106.555191343000047, 10.654288089000033 ], [ 106.555134362000047, 10.653842194000049 ], [ 106.555063315000041, 10.653342224000028 ], [ 106.555141486000082, 10.652557590000072 ], [ 106.555260261000058, 10.651929052000071 ] ] ] ] } },
{ "type": "Feature", "properties": { "shape2": "Nha Be", "shapeiso": "", "shapeid": "81297802B80984092880643", "shapegroup": "VNM", "shapetype": "ADM2", "shape1": "Ho Chi Minh", "shape0": "vietnam" }, "geometry": { "type": "MultiPolygon", "coordinates": [ [ [ [ 106.685392896000053, 10.65656907500005 ], [ 106.685901763000061, 10.65646040200005 ], [ 106.686571338000078, 10.656316425000057 ], [ 106.686972457000081, 10.656102397000041 ], [ 106.68721264800007, 10.655870707000076 ], [ 106.687558502000059, 10.655365568000036 ], [ 106.687770140000055, 10.654834759000039 ], [ 106.68811467900008, 10.654091367000035 ], [ 106.688459655000088, 10.653427423000039 ], [ 106.688938772000085, 10.652762755000026 ], [ 106.689338932000055, 10.652389830000061 ], [ 106.689925284000083, 10.651724492000028 ], [ 106.690191667000079, 10.651405344000068 ], [ 106.690377276000049, 10.651007093000032 ], [ 106.690375302000064, 10.650662729000032 ], [ 106.690399940000077, 10.650265436000041 ], [ 106.690289781000047, 10.649736363000045 ], [ 106.690233278000051, 10.649206910000032 ], [ 106.690312153000036, 10.64894165100003 ], [ 106.690445565000061, 10.648808605000056 ], [ 106.690793306000046, 10.648647829000026 ], [ 106.691436958000054, 10.648644355000044 ], [ 106.692161966000072, 10.648825733000024 ], [ 106.69288726800005, 10.649060165000037 ], [ 106.693800808000049, 10.64937302800007 ], [ 106.694499067000038, 10.649554726000076 ], [ 106.694847831000061, 10.649579323000069 ], [ 106.695303908000085, 10.649603339000066 ], [ 106.695786807000047, 10.649653692000072 ], [ 106.696270738000067, 10.649862848000055 ], [ 106.696540482000046, 10.650152794000064 ], [ 106.696746484000073, 10.650404219000052 ], [ 106.696812134000083, 10.650786922000066 ], [ 106.696921646000078, 10.65118357800003 ], [ 106.697111422000035, 10.651553316000047 ], [ 106.69767745200005, 10.652079914000069 ], [ 106.698781224000072, 10.652842035000049 ], [ 106.699535422000054, 10.653446968000026 ], [ 106.700073972000041, 10.653841384000032 ], [ 106.700396574000081, 10.653971958000056 ], [ 106.700637881000034, 10.65397064800004 ], [ 106.700958202000038, 10.653704077000043 ], [ 106.701438538000048, 10.653277736000064 ], [ 106.701758712000071, 10.652984681000021 ], [ 106.702053309000064, 10.652903631000072 ], [ 106.702455951000047, 10.652980892000073 ], [ 106.703208025000038, 10.653188759000045 ], [ 106.70355679100004, 10.653213255000026 ], [ 106.703744368000059, 10.65318575200007 ], [ 106.704011176000051, 10.652945952000039 ], [ 106.704249023000045, 10.652309061000039 ], [ 106.704539495000063, 10.651486502000068 ], [ 106.70477917900007, 10.65119388200003 ], [ 106.705153150000058, 10.650927015000036 ], [ 106.705527711000059, 10.650766078000061 ], [ 106.706224059000078, 10.650603386000057 ], [ 106.706865717000085, 10.65025552000003 ], [ 106.707320538000033, 10.650067660000047 ], [ 106.708016884000074, 10.649905056000023 ], [ 106.708740941000087, 10.649901108000051 ], [ 106.70938525400004, 10.650030008000044 ], [ 106.710379290000049, 10.650342380000041 ], [ 106.710648160000062, 10.650473327000043 ], [ 106.711184939000077, 10.650549755000043 ], [ 106.711747585000069, 10.650467322000054 ], [ 106.712309419000064, 10.650225904000024 ], [ 106.713458578000086, 10.649504579000052 ], [ 106.714848364000034, 10.648675910000065 ], [ 106.715703369000039, 10.648115176000033 ], [ 106.716718151000066, 10.647341519000065 ], [ 106.717411366000078, 10.646622679000075 ], [ 106.717971925000086, 10.646169395000072 ], [ 106.71869367100004, 10.645741710000038 ], [ 106.71936302000006, 10.645552658000042 ], [ 106.719952999000043, 10.645575904000054 ], [ 106.72032932500008, 10.64573273700006 ], [ 106.720894041000065, 10.645994466000047 ], [ 106.721565024000085, 10.646096713000077 ], [ 106.722020569000051, 10.64604124400006 ], [ 106.722448394000082, 10.645826939000074 ], [ 106.722928016000083, 10.645268251000061 ], [ 106.723164403000055, 10.644393014000059 ], [ 106.723211214000059, 10.643174541000064 ], [ 106.723126791000084, 10.642459875000043 ], [ 106.723123518000079, 10.641877267000041 ], [ 106.723148783000056, 10.64161229900003 ], [ 106.723308110000062, 10.641320111000027 ], [ 106.723574445000054, 10.641000852000047 ], [ 106.724082671000076, 10.640759711000044 ], [ 106.724670110000034, 10.640306270000053 ], [ 106.725149420000037, 10.639721009000027 ], [ 106.725387512000054, 10.639137075000065 ], [ 106.725519486000053, 10.638765497000065 ], [ 106.725704965000034, 10.638367232000064 ], [ 106.726131735000081, 10.637967640000056 ], [ 106.726853523000045, 10.637566423000067 ], [ 106.727843948000043, 10.637243174000048 ], [ 106.728807320000044, 10.636893678000035 ], [ 106.729770167000083, 10.636438161000058 ], [ 106.730170251000061, 10.636065103000021 ], [ 106.730729500000052, 10.635373464000054 ], [ 106.731100441000081, 10.634576931000026 ], [ 106.731204984000044, 10.634099663000029 ], [ 106.73119557800004, 10.633955008000044 ], [ 106.731550273000039, 10.633324783000035 ], [ 106.731584787000088, 10.633271447000027 ], [ 106.731360575000053, 10.633333874000073 ], [ 106.731307492000042, 10.633328382000059 ], [ 106.731283357000052, 10.633311343000059 ], [ 106.731255145000034, 10.633292879000066 ], [ 106.731231669000067, 10.63328586800003 ], [ 106.73118710600005, 10.633281233000048 ], [ 106.731154277000087, 10.633285934000071 ], [ 106.731140444000062, 10.633291614000029 ], [ 106.731148321000035, 10.633218629000055 ], [ 106.731176423000079, 10.633083800000065 ], [ 106.731218542000079, 10.63294916500007 ], [ 106.731260668000061, 10.632842369000059 ], [ 106.731327247000081, 10.63271564300004 ], [ 106.731490591000068, 10.632429666000064 ], [ 106.732367264000061, 10.630968271000029 ], [ 106.732526502000042, 10.630662794000045 ], [ 106.732684769000059, 10.63019842500006 ], [ 106.732816060000061, 10.629707722000035 ], [ 106.733014714000035, 10.629269704000023 ], [ 106.733187588000078, 10.629030403000058 ], [ 106.733240418000037, 10.628884410000069 ], [ 106.733186095000065, 10.628752387000077 ], [ 106.733174722000058, 10.628740157000038 ], [ 106.732916267000064, 10.628462475000049 ], [ 106.732498675000045, 10.628107306000061 ], [ 106.732215809000081, 10.627883718000021 ], [ 106.731933542000036, 10.627752952000037 ], [ 106.731705523000073, 10.627740923000033 ], [ 106.731437489000086, 10.627755598000022 ], [ 106.731196878000048, 10.627889339000035 ], [ 106.730743078000046, 10.628249405000076 ], [ 106.730329144000052, 10.628542999000047 ], [ 106.730074969000043, 10.628663618000076 ], [ 106.729766994000045, 10.628731478000077 ], [ 106.729592700000069, 10.628732438000043 ], [ 106.729277624000076, 10.62856976300003 ], [ 106.729065705000039, 10.628285493000021 ], [ 106.728965488000085, 10.627978735000056 ], [ 106.728873580000084, 10.627554883000073 ], [ 106.728808796000067, 10.627184027000055 ], [ 106.728652579000084, 10.62645999700004 ], [ 106.728331480000065, 10.625065129000063 ], [ 106.728302416000076, 10.624667413000054 ], [ 106.728372584000056, 10.624428410000064 ], [ 106.728737563000038, 10.624072812000065 ], [ 106.728996481000081, 10.623965275000046 ], [ 106.729452295000044, 10.623856652000029 ], [ 106.729962085000068, 10.623791931000028 ], [ 106.730507965000072, 10.623780155000077 ], [ 106.731001246000062, 10.623794791000023 ], [ 106.731209646000082, 10.623775926000064 ], [ 106.731399042000078, 10.623700857000074 ], [ 106.731531606000033, 10.623569700000075 ], [ 106.731661742000085, 10.623382156000048 ], [ 106.731752334000078, 10.623197541000025 ], [ 106.731791682000051, 10.62294569200003 ], [ 106.731780602000072, 10.622784777000049 ], [ 106.731718357000034, 10.622583742000074 ], [ 106.731533021000075, 10.622242566000068 ], [ 106.731183925000039, 10.621791479000024 ], [ 106.730773550000038, 10.621310541000071 ], [ 106.730466034000074, 10.620990192000022 ], [ 106.730281588000082, 10.620820019000064 ], [ 106.730086877000076, 10.620619803000068 ], [ 106.729943027000047, 10.620419307000077 ], [ 106.729850135000049, 10.620208498000068 ], [ 106.729797876000077, 10.619987342000059 ], [ 106.729796648000047, 10.619755871000052 ], [ 106.729845774000069, 10.619433467000022 ], [ 106.72991524400004, 10.619110952000028 ], [ 106.729943534000085, 10.618687973000021 ], [ 106.729960934000076, 10.61816454600006 ], [ 106.729949459000068, 10.617933042000061 ], [ 106.729886971000042, 10.617701909000061 ], [ 106.729692035000085, 10.61746129200003 ], [ 106.729517482000063, 10.617240899000024 ], [ 106.729404511000041, 10.617090577000056 ], [ 106.729311620000033, 10.616879677000043 ], [ 106.729208161000088, 10.616598425000063 ], [ 106.729064333000053, 10.616387805000045 ], [ 106.72891065400006, 10.616247740000063 ], [ 106.72875754100005, 10.616208270000072 ], [ 106.728635416000088, 10.616239131000043 ], [ 106.728462977000049, 10.616381080000053 ], [ 106.728300823000041, 10.616543039000021 ], [ 106.728138555000044, 10.616684842000041 ], [ 106.727955868000038, 10.616826758000059 ], [ 106.727884698000082, 10.616847215000064 ], [ 106.727782597000044, 10.616807555000037 ], [ 106.727679969000064, 10.616687364000029 ], [ 106.727597591000062, 10.616536783000072 ], [ 106.727555978000055, 10.616386068000054 ], [ 106.727544675000047, 10.616184752000038 ], [ 106.727573665000079, 10.615912803000072 ], [ 106.727602901000068, 10.615671132000045 ], [ 106.727693076000037, 10.615398757000037 ], [ 106.727854156000035, 10.615045640000062 ], [ 106.728025370000069, 10.61467231000006 ], [ 106.728176107000081, 10.614288970000075 ], [ 106.728316653000036, 10.613915719000033 ], [ 106.728446347000045, 10.613421773000027 ], [ 106.728566510000064, 10.613028568000061 ], [ 106.728848863000053, 10.612493560000075 ], [ 106.729131649000067, 10.612049116000037 ], [ 106.729273570000032, 10.611907425000027 ], [ 106.729405864000057, 10.611876417000076 ], [ 106.729528384000048, 10.611916055000052 ], [ 106.729773818000069, 10.612065739000059 ], [ 106.730193217000078, 10.612345253000058 ], [ 106.730397548000042, 10.612434694000058 ], [ 106.730591310000079, 10.612453784000024 ], [ 106.730764483000087, 10.612442797000028 ], [ 106.731039150000072, 10.612350629000048 ], [ 106.731283225000084, 10.612258628000063 ], [ 106.731445999000073, 10.612207477000027 ], [ 106.731608659000074, 10.612136080000028 ], [ 106.731689735000089, 10.612055191000024 ], [ 106.731739935000064, 10.611924037000051 ], [ 106.731749484000034, 10.611813262000055 ], [ 106.731829709000067, 10.611581253000054 ], [ 106.731971572000077, 10.611429528000031 ], [ 106.732173862000081, 10.611156625000035 ], [ 106.732395760000088, 10.610752736000052 ], [ 106.732597275000046, 10.610328894000077 ], [ 106.732794504000083, 10.609960301000058 ], [ 106.732078283000078, 10.609356947000038 ], [ 106.73174079000006, 10.609103468000058 ], [ 106.731604580000067, 10.60902757100007 ], [ 106.73140361600008, 10.608920126000044 ], [ 106.731254741000043, 10.608869877000075 ], [ 106.731086533000052, 10.608838897000055 ], [ 106.730886033000047, 10.60882725700003 ], [ 106.73062125000007, 10.608854293000036 ], [ 106.730317841000044, 10.608913448000067 ], [ 106.730078970000079, 10.608965740000031 ], [ 106.729595255000049, 10.609147183000061 ], [ 106.729234071000064, 10.609276884000053 ], [ 106.729011056000047, 10.60938856100006 ], [ 106.728857481000034, 10.609199235000062 ], [ 106.728701977000071, 10.609082408000063 ], [ 106.728522919000056, 10.609024642000065 ], [ 106.728368085000056, 10.609013652000044 ], [ 106.728296711000041, 10.60903763500005 ], [ 106.728201867000053, 10.60910874800004 ], [ 106.728071505000059, 10.609215396000025 ], [ 106.727834506000079, 10.609440131000042 ], [ 106.727289604000077, 10.609984353000073 ], [ 106.727159571000072, 10.610149750000062 ], [ 106.726970927000082, 10.610491901000046 ], [ 106.726900948000036, 10.61075124000007 ], [ 106.726759396000034, 10.610999041000071 ], [ 106.726688443000057, 10.611138353000058 ], [ 106.726589237000042, 10.611265077000041 ], [ 106.726495194000051, 10.611331394000047 ], [ 106.726406571000041, 10.611370294000039 ], [ 106.726290022000057, 10.611387384000068 ], [ 106.726095633000057, 10.611377425000057 ], [ 106.725867712000081, 10.61134035200007 ], [ 106.725612061000049, 10.611303342000042 ], [ 106.725434218000032, 10.611287868000034 ], [ 106.725284334000037, 10.611299627000051 ], [ 106.725140240000087, 10.611349859000029 ], [ 106.724940798000034, 10.611433204000036 ], [ 106.724658433000059, 10.61157729200005 ], [ 106.72444805400005, 10.611699200000032 ], [ 106.724293024000076, 10.61178781600006 ], [ 106.724089658000082, 10.611910499000032 ], [ 106.723952550000035, 10.611929780000025 ], [ 106.723844609000082, 10.611869633000026 ], [ 106.723674749000054, 10.611718807000045 ], [ 106.723488743000075, 10.611416311000028 ], [ 106.723271665000084, 10.611068432000025 ], [ 106.72310146500007, 10.610856959000046 ], [ 106.722914705000051, 10.610432988000071 ], [ 106.722819843000082, 10.609963051000022 ], [ 106.722662383000056, 10.609280959000046 ], [ 106.722521654000047, 10.60884173200003 ], [ 106.722365714000034, 10.60841759300007 ], [ 106.722348909000061, 10.60817490900007 ], [ 106.722346351000056, 10.60770446500004 ], [ 106.722330512000042, 10.607566984000073 ], [ 106.722224633000053, 10.607188035000036 ], [ 106.721999968000034, 10.606910968000022 ], [ 106.721775294000054, 10.606766857000025 ], [ 106.721494630000052, 10.60668948700004 ], [ 106.721157728000037, 10.606634297000028 ], [ 106.720585200000073, 10.606645745000037 ], [ 106.719956513000056, 10.606612939000058 ], [ 106.719597209000085, 10.60651340000004 ], [ 106.719282780000071, 10.606380535000028 ], [ 106.719114293000075, 10.606258621000052 ], [ 106.719013218000043, 10.606159026000057 ], [ 106.718999856000039, 10.606117426000026 ], [ 106.718937225000047, 10.605922450000037 ], [ 106.718954023000038, 10.605071374000033 ], [ 106.719115324000086, 10.604081762000021 ], [ 106.719514368000034, 10.602973167000073 ], [ 106.720388670000034, 10.601626610000039 ], [ 106.721028193000052, 10.600916928000061 ], [ 106.72173921600006, 10.600206764000063 ], [ 106.72183229400008, 10.599806116000025 ], [ 106.721782644000086, 10.599429751000059 ], [ 106.721421496000062, 10.598796133000064 ], [ 106.720822177000059, 10.598163726000053 ], [ 106.72036487400004, 10.597365860000025 ], [ 106.720266351000078, 10.596777896000049 ], [ 106.720287850000034, 10.596377640000071 ], [ 106.720381136000071, 10.596000402000072 ], [ 106.720641163000039, 10.595622343000059 ], [ 106.721186808000084, 10.595172131000027 ], [ 106.722018200000036, 10.594673174000036 ], [ 106.72287274200005, 10.594056407000039 ], [ 106.72337002900008, 10.593488775000026 ], [ 106.723558622000041, 10.593111105000048 ], [ 106.723578745000054, 10.592451811000046 ], [ 106.723573481000074, 10.591510292000066 ], [ 106.723640433000071, 10.590871169000025 ], [ 106.723659431000044, 10.590751847000035 ], [ 106.723658685000032, 10.590631909000024 ], [ 106.72365073800006, 10.590490860000045 ], [ 106.723606602000075, 10.590251307000074 ], [ 106.723519319000047, 10.589962642000046 ], [ 106.723381695000057, 10.58963176900005 ], [ 106.723302743000033, 10.58940479000006 ], [ 106.723247191000041, 10.589225588000033 ], [ 106.723209596000061, 10.589010404000021 ], [ 106.723199526000087, 10.588839992000032 ], [ 106.723207414000058, 10.588606482000046 ], [ 106.723215653000068, 10.588462905000029 ], [ 106.723242151000079, 10.588337123000031 ], [ 106.723313954000048, 10.588175120000074 ], [ 106.72341298300006, 10.588004021000074 ], [ 106.723530320000066, 10.587859846000072 ], [ 106.723647682000035, 10.587733477000029 ], [ 106.723819568000067, 10.587589005000041 ], [ 106.723927813000046, 10.587462686000038 ], [ 106.724036159000036, 10.587327508000044 ], [ 106.724108188000059, 10.587219375000075 ], [ 106.724157404000039, 10.587127544000055 ], [ 106.724171126000044, 10.587102342000037 ], [ 106.724206965000064, 10.587003354000046 ], [ 106.724260435000076, 10.586823555000024 ], [ 106.724349544000063, 10.586508977000051 ], [ 106.724430037000047, 10.586284200000023 ], [ 106.724538030000076, 10.586086025000043 ], [ 106.724636832000044, 10.585888082000054 ], [ 106.724754092000069, 10.585743817000036 ], [ 106.724916811000071, 10.585590355000022 ], [ 106.725133951000032, 10.585427648000064 ], [ 106.725315077000062, 10.585318916000062 ], [ 106.725441905000082, 10.585255403000076 ], [ 106.725614366000059, 10.585227524000061 ], [ 106.725814252000077, 10.585226429000045 ], [ 106.725968882000075, 10.585243569000056 ], [ 106.726187327000048, 10.585314139000047 ], [ 106.72638769100007, 10.585411833000023 ], [ 106.726569896000058, 10.585482601000024 ], [ 106.726715635000062, 10.585553568000023 ], [ 106.726852208000082, 10.585588703000042 ], [ 106.726952113000038, 10.585588155000039 ], [ 106.727024619000076, 10.585551875000021 ], [ 106.727069649000043, 10.585479863000046 ], [ 106.727078187000075, 10.58538997200003 ], [ 106.727059326000074, 10.585264439000071 ], [ 106.727004074000035, 10.585139106000042 ], [ 106.726930765000077, 10.585031859000026 ], [ 106.726784573000089, 10.584879998000076 ], [ 106.726693056000045, 10.584763902000077 ], [ 106.726656012000035, 10.584647327000027 ], [ 106.726645967000081, 10.584467967000023 ], [ 106.726663170000052, 10.584297314000025 ], [ 106.726716613000065, 10.584099529000071 ], [ 106.726779198000088, 10.583919680000065 ], [ 106.726830200000052, 10.583797380000021 ], [ 106.727017193000052, 10.583539209000037 ], [ 106.727150790000053, 10.583352372000036 ], [ 106.727256989000068, 10.583103591000054 ], [ 106.727363761000049, 10.582943475000036 ], [ 106.727408021000088, 10.582827991000045 ], [ 106.727425456000049, 10.582739227000047 ], [ 106.727433528000063, 10.582579652000049 ], [ 106.727459409000062, 10.582384458000035 ], [ 106.727512460000071, 10.582251210000038 ], [ 106.727708269000061, 10.581966507000061 ], [ 106.727966665000054, 10.581637082000043 ], [ 106.728073187000064, 10.581432678000056 ], [ 106.728232860000048, 10.581112741000027 ], [ 106.728321103000042, 10.580846252000072 ], [ 106.728382846000045, 10.580650952000042 ], [ 106.728453455000079, 10.580437797000059 ], [ 106.72852438700005, 10.580295684000021 ], [ 106.728622142000063, 10.580126669000038 ], [ 106.728702461000069, 10.580046509000056 ], [ 106.728863647000082, 10.57998353000005 ], [ 106.729016040000033, 10.579964979000067 ], [ 106.729267106000066, 10.579928080000059 ], [ 106.729500242000086, 10.579891370000041 ], [ 106.729751060000069, 10.579810184000053 ], [ 106.730019635000076, 10.579711275000022 ], [ 106.730190134000054, 10.57971033900003 ], [ 106.730206743000053, 10.579716303000055 ], [ 106.730531429000052, 10.579761613000073 ], [ 106.730728576000047, 10.579716241000028 ], [ 106.73097075000004, 10.579706054000042 ], [ 106.731258126000057, 10.579748765000033 ], [ 106.731464836000043, 10.579809634000071 ], [ 106.73176150200004, 10.579896673000064 ], [ 106.732031196000037, 10.579983860000027 ], [ 106.732292097000084, 10.580115293000063 ], [ 106.732490090000056, 10.580220588000032 ], [ 106.732589112000085, 10.580264333000059 ], [ 106.732696825000062, 10.580272599000068 ], [ 106.732750619000058, 10.580272394000076 ], [ 106.732824186000073, 10.580358308000029 ], [ 106.732923112000037, 10.580478970000058 ], [ 106.733030327000051, 10.580639990000066 ], [ 106.733113057000082, 10.580801234000035 ], [ 106.733195907000038, 10.580970613000034 ], [ 106.733303061000072, 10.581107410000072 ], [ 106.733443051000052, 10.581268249000061 ], [ 106.733599163000065, 10.581388688000061 ], [ 106.733788048000065, 10.581508856000028 ], [ 106.734034195000049, 10.581628799000043 ], [ 106.734305175000088, 10.581796962000055 ], [ 106.734576473000061, 10.58202179400007 ], [ 106.734700023000073, 10.582166544000074 ], [ 106.734799043000066, 10.58230347500006 ], [ 106.734840469000062, 10.582408365000049 ], [ 106.734907153000051, 10.582610009000064 ], [ 106.734907896000038, 10.582755525000039 ], [ 106.734876106000058, 10.582917309000038 ], [ 106.734770980000064, 10.58312812500003 ], [ 106.734690173000047, 10.583322536000026 ], [ 106.734650337000062, 10.583500543000071 ], [ 106.734650944000066, 10.583621836000077 ], [ 106.734668156000055, 10.583775307000053 ], [ 106.734718309000073, 10.583944774000031 ], [ 106.73479287300006, 10.584114107000062 ], [ 106.73485099800007, 10.58426735200004 ], [ 106.734868286000051, 10.584420821000037 ], [ 106.73486084700005, 10.584558248000064 ], [ 106.734853316000056, 10.58467958600005 ], [ 106.734805511000047, 10.584914219000041 ], [ 106.734751642000049, 10.58522282000007 ], [ 106.734849841000084, 10.585428268000044 ], [ 106.735075314000085, 10.585810259000027 ], [ 106.735294924000073, 10.586141035000026 ], [ 106.735433500000056, 10.586277839000047 ], [ 106.735554868000065, 10.586369001000037 ], [ 106.735785767000039, 10.586443111000051 ], [ 106.735970479000059, 10.586477072000037 ], [ 106.736201369000071, 10.586482669000077 ], [ 106.736541888000033, 10.586448164000046 ], [ 106.736842, 10.586396617000048 ], [ 106.737142113000061, 10.586305029000073 ], [ 106.73752294500008, 10.586150811000039 ], [ 106.737921031000042, 10.585956547000023 ], [ 106.738220984000066, 10.585756587000049 ], [ 106.738497926000036, 10.585511020000069 ], [ 106.738714165000033, 10.585296879000055 ], [ 106.738738878000049, 10.585270170000058 ], [ 106.738823681000042, 10.585156811000047 ], [ 106.739024354000037, 10.58481450000005 ], [ 106.739271498000051, 10.584295320000024 ], [ 106.739400404000037, 10.583906314000046 ], [ 106.739515938000068, 10.583270179000067 ], [ 106.739501380000036, 10.582799624000074 ], [ 106.739451907000046, 10.582470443000034 ], [ 106.739366645000075, 10.582141370000045 ], [ 106.739162070000077, 10.581777794000061 ], [ 106.738933886000041, 10.581449509000038 ], [ 106.738670322000075, 10.581180350000068 ], [ 106.738287833000072, 10.580958937000048 ], [ 106.737881876000074, 10.580784562000076 ], [ 106.737583188000087, 10.580633277000061 ], [ 106.737379743000076, 10.580469717000028 ], [ 106.737020079000047, 10.580059813000048 ], [ 106.736636797000074, 10.579697130000056 ], [ 106.73613500600004, 10.579429190000042 ], [ 106.73557382000007, 10.579197006000072 ], [ 106.735274946000061, 10.578998629000068 ], [ 106.735058927000068, 10.578729114000055 ], [ 106.735009781000088, 10.578470520000053 ], [ 106.735067590000085, 10.578152497000076 ], [ 106.735244382000076, 10.577810320000026 ], [ 106.735563764000062, 10.577408517000038 ], [ 106.736026795000043, 10.577135264000049 ], [ 106.736312316000067, 10.577063011000064 ], [ 106.736765173000038, 10.577084108000065 ], [ 106.736992083000075, 10.577200540000035 ], [ 106.737195991000078, 10.577446530000032 ], [ 106.737424302000079, 10.577798226000027 ], [ 106.737616704000061, 10.57811496100004 ], [ 106.73782028100004, 10.578302111000028 ], [ 106.738047392000055, 10.578453791000072 ], [ 106.73864423200007, 10.578662363000035 ], [ 106.73941964100004, 10.578858018000062 ], [ 106.740135456000075, 10.57905418100006 ], [ 106.740413606000061, 10.579077592000033 ], [ 106.740659946000051, 10.579098377000037 ], [ 106.741231578000054, 10.579071721000048 ], [ 106.741755187000081, 10.578986397000051 ], [ 106.741963559000055, 10.578901278000046 ], [ 106.742110113000081, 10.578836386000035 ], [ 106.742245612000033, 10.578775260000043 ], [ 106.742371977000062, 10.578711021000061 ], [ 106.742498232000059, 10.57864072700005 ], [ 106.742559866000079, 10.578601069000058 ], [ 106.743109358000083, 10.578296417000047 ], [ 106.744700414000079, 10.577062269000066 ], [ 106.745701797000038, 10.576276164000035 ], [ 106.746197670000072, 10.576803073000065 ], [ 106.746702103000075, 10.577124942000069 ], [ 106.747226473000069, 10.577561217000039 ], [ 106.74775081100006, 10.577978420000022 ], [ 106.748429533000035, 10.578356533000033 ], [ 106.74925283400006, 10.578826305000064 ], [ 106.749986863000061, 10.579244599000049 ], [ 106.750537356000052, 10.579543067000031 ], [ 106.751785647000077, 10.580207058000042 ], [ 106.752372903000037, 10.580504142000052 ], [ 106.754243912000049, 10.581233714000064 ], [ 106.755592715000034, 10.581419356000026 ], [ 106.756796106000081, 10.581380385000045 ], [ 106.757771450000064, 10.581278326000074 ], [ 106.759846103000086, 10.581026419000068 ], [ 106.761373066000033, 10.580679584000052 ], [ 106.763347785000065, 10.580042093000031 ], [ 106.763691146000042, 10.579874769000071 ], [ 106.766624227000079, 10.57810788200004 ], [ 106.769216157000074, 10.576622625000027 ], [ 106.770808212000077, 10.576216454000075 ], [ 106.772764494000057, 10.576169852000021 ], [ 106.774311294000086, 10.576123553000059 ], [ 106.775630810000052, 10.576212295000062 ], [ 106.77699606200008, 10.576615940000067 ], [ 106.778589112000077, 10.577379105000034 ], [ 106.780137240000045, 10.578817044000061 ], [ 106.780957501000046, 10.580255470000054 ], [ 106.781154613000069, 10.580519541000058 ], [ 106.782036389000041, 10.582731747000025 ], [ 106.782603768000058, 10.584630471000025 ], [ 106.783045046000041, 10.586740409000072 ], [ 106.783307894000075, 10.588716412000053 ], [ 106.783362648000036, 10.591969079000023 ], [ 106.783171420000087, 10.593036682000047 ], [ 106.782736948000036, 10.59514172300004 ], [ 106.78224466100005, 10.596904359000064 ], [ 106.781663535000064, 10.59856256300003 ], [ 106.779976748000081, 10.602174780000041 ], [ 106.779857440000058, 10.602390839000066 ], [ 106.779019692000077, 10.603780970000059 ], [ 106.778587799000036, 10.604394493000029 ], [ 106.777716534000035, 10.605632336000042 ], [ 106.776521692000074, 10.60732310800006 ], [ 106.774269936000053, 10.610952963000045 ], [ 106.772133593000035, 10.614678507000065 ], [ 106.771015263000038, 10.617497456000024 ], [ 106.770203286000083, 10.621020480000027 ], [ 106.77020649800005, 10.624744172000021 ], [ 106.771139639000069, 10.630396732000065 ], [ 106.771150430000034, 10.630464820000043 ], [ 106.771306393000089, 10.632107111000039 ], [ 106.771477212000036, 10.633515765000027 ], [ 106.771389295000063, 10.635191518000056 ], [ 106.771282127000063, 10.636299500000064 ], [ 106.771009640000045, 10.637670979000063 ], [ 106.770964807000041, 10.637867817000028 ], [ 106.770828450000067, 10.638109639000049 ], [ 106.770419493000077, 10.638672235000058 ], [ 106.769328564000034, 10.640112506000037 ], [ 106.767782755000042, 10.641642921000027 ], [ 106.76496275900007, 10.643354405000025 ], [ 106.761505658000033, 10.644976537000048 ], [ 106.756916621000073, 10.646836366000059 ], [ 106.756139225000084, 10.647036224000033 ], [ 106.754385307000064, 10.647577054000067 ], [ 106.752208675000077, 10.648168686000076 ], [ 106.751786418000052, 10.648271644000033 ], [ 106.750450706000038, 10.648596809000026 ], [ 106.750108583000042, 10.648744240000042 ], [ 106.749384174000056, 10.648987261000059 ], [ 106.748761065000053, 10.64929931100005 ], [ 106.747416852000072, 10.64997240200006 ], [ 106.746322993000035, 10.650713779000057 ], [ 106.744897746000049, 10.652100264000069 ], [ 106.743621530000041, 10.653522703000021 ], [ 106.742586417000041, 10.654778302000068 ], [ 106.741680294000048, 10.655831082000077 ], [ 106.740996743000039, 10.656717127000036 ], [ 106.740148330000068, 10.658100390000072 ], [ 106.73943059700008, 10.659538062000024 ], [ 106.73897022400007, 10.660404517000075 ], [ 106.738658970000074, 10.661306839000076 ], [ 106.738549609000074, 10.661730176000049 ], [ 106.738423901000033, 10.662539727000024 ], [ 106.738334899000051, 10.663256973000045 ], [ 106.738318893000041, 10.663716668000063 ], [ 106.738359776000038, 10.664359799000067 ], [ 106.738399794000088, 10.664837441000032 ], [ 106.738570380000056, 10.665387931000055 ], [ 106.738739715000065, 10.66571779700007 ], [ 106.739040830000079, 10.666293772000074 ], [ 106.739704341000049, 10.666850016000069 ], [ 106.741423305000069, 10.668114422000031 ], [ 106.743478484000036, 10.669549848000031 ], [ 106.746385220000036, 10.67106076400006 ], [ 106.748619872000063, 10.671992701000022 ], [ 106.750437571000077, 10.672246181000048 ], [ 106.751826142000084, 10.67198767800005 ], [ 106.75272861600007, 10.671731714000032 ], [ 106.75337105300008, 10.671524477000048 ], [ 106.754081602000042, 10.67122213500005 ], [ 106.755468831000087, 10.670389868000029 ], [ 106.759341199000062, 10.667876407000051 ], [ 106.761790597000072, 10.666287143000034 ], [ 106.762514784000075, 10.665922795000029 ], [ 106.763317751000045, 10.665667726000038 ], [ 106.76438868300005, 10.665381680000053 ], [ 106.765549246000035, 10.665139414000066 ], [ 106.766144618000055, 10.665047657000059 ], [ 106.766904429000078, 10.665072743000053 ], [ 106.767810250000082, 10.665089860000023 ], [ 106.768826544000035, 10.665196823000031 ], [ 106.769621547000042, 10.665364780000061 ], [ 106.770642416000044, 10.665559022000025 ], [ 106.771433013000035, 10.665850913000043 ], [ 106.771885686000076, 10.666286979000063 ], [ 106.773498538000069, 10.670134578000045 ], [ 106.774303294000049, 10.671760885000026 ], [ 106.774742593000042, 10.672708317000058 ], [ 106.776153874000045, 10.675185382000052 ], [ 106.776077455000063, 10.675211756000067 ], [ 106.774336464000044, 10.676147773000025 ], [ 106.773987595000051, 10.676335336000022 ], [ 106.773177775000079, 10.676931579000041 ], [ 106.772485393000068, 10.677518206000059 ], [ 106.767713924000077, 10.682144025000071 ], [ 106.765755286000058, 10.684091566000063 ], [ 106.762586543000054, 10.687758157000076 ], [ 106.761491312000032, 10.689019403000032 ], [ 106.760179314000084, 10.690281779000031 ], [ 106.760126446000072, 10.69032835400003 ], [ 106.759585849000075, 10.69080510200007 ], [ 106.758669545000032, 10.69174266300007 ], [ 106.75774548000004, 10.69290423800004 ], [ 106.756416678000051, 10.694687443000021 ], [ 106.755987831000084, 10.695262935000073 ], [ 106.754401768000037, 10.697593727000026 ], [ 106.753777123000077, 10.698977763000073 ], [ 106.752755894000074, 10.702112232000047 ], [ 106.752095309000083, 10.704353488000038 ], [ 106.750207171000056, 10.704100895000067 ], [ 106.749648774000036, 10.704056939000054 ], [ 106.74869336900008, 10.703839683000069 ], [ 106.747177616000045, 10.703764123000042 ], [ 106.745674342000086, 10.70349840800003 ], [ 106.744860262000088, 10.703306921000035 ], [ 106.743673388000047, 10.703248213000052 ], [ 106.74202566200006, 10.703279206000047 ], [ 106.740488123000034, 10.703374922000023 ], [ 106.739013618000058, 10.703461513000036 ], [ 106.737876066000069, 10.70347427300004 ], [ 106.737564338000084, 10.703477728000053 ], [ 106.736421651000057, 10.703462311000067 ], [ 106.735950101000071, 10.703262474000041 ], [ 106.735508499000048, 10.702894446000073 ], [ 106.73521998800004, 10.702394688000027 ], [ 106.734880713000052, 10.701676300000031 ], [ 106.734819603000062, 10.701546938000035 ], [ 106.734482890000038, 10.700284600000032 ], [ 106.734301300000084, 10.699261189000026 ], [ 106.734011309000039, 10.698499954000056 ], [ 106.733591354000055, 10.698066363000066 ], [ 106.733051508000074, 10.697796942000025 ], [ 106.732062919000043, 10.697824216000072 ], [ 106.730482739000081, 10.698159908000036 ], [ 106.728420635000077, 10.69873814400006 ], [ 106.727060967000057, 10.699203294000029 ], [ 106.726294666000058, 10.699687119000032 ], [ 106.726217674000054, 10.699774045000026 ], [ 106.726120010000045, 10.699884222000037 ], [ 106.72610005000007, 10.700233129000026 ], [ 106.72621455400008, 10.701060784000049 ], [ 106.726263134000078, 10.70186693100004 ], [ 106.726178704000063, 10.702477768000051 ], [ 106.725876167000081, 10.703373080000063 ], [ 106.725386547000085, 10.704214925000031 ], [ 106.724973374000058, 10.704980152000076 ], [ 106.724800687000084, 10.705526040000052 ], [ 106.724737570000059, 10.706027665000022 ], [ 106.724784301000057, 10.706506990000037 ], [ 106.725051656000062, 10.707159355000044 ], [ 106.72583043800006, 10.708876971000052 ], [ 106.725932352000086, 10.709410401000071 ], [ 106.725935390000075, 10.709933533000026 ], [ 106.725893840000083, 10.71036969000005 ], [ 106.725743409000074, 10.710959020000075 ], [ 106.725440372000037, 10.711767205000058 ], [ 106.725288632000058, 10.712138623000044 ], [ 106.725055771000086, 10.712427879000074 ], [ 106.724372234000043, 10.713277035000033 ], [ 106.723521215000062, 10.714328043000023 ], [ 106.723271947000057, 10.714928765000025 ], [ 106.723186573000078, 10.715387039000063 ], [ 106.72312303800004, 10.715801445000068 ], [ 106.723169078000069, 10.716171769000027 ], [ 106.723325510000052, 10.716628704000073 ], [ 106.723702032000062, 10.717149679000045 ], [ 106.724852801000054, 10.71858187600003 ], [ 106.725097866000056, 10.719169015000034 ], [ 106.725254722000045, 10.719713078000041 ], [ 106.725246076000076, 10.720116333000021 ], [ 106.725094578000039, 10.720531317000052 ], [ 106.724701300000049, 10.720925857000054 ], [ 106.723320953000041, 10.721631003000027 ], [ 106.72231253700005, 10.722072511000022 ], [ 106.721413184000085, 10.722339061000071 ], [ 106.720930084000088, 10.722407171000043 ], [ 106.720687651000048, 10.722391790000074 ], [ 106.720203921000063, 10.722214959000041 ], [ 106.719739876000062, 10.721759812000073 ], [ 106.719472685000085, 10.721151006000071 ], [ 106.719158426000035, 10.719975744000067 ], [ 106.71900177200007, 10.719559119000053 ], [ 106.718668259000083, 10.719111926000039 ], [ 106.718108359000041, 10.718967598000063 ], [ 106.71725550900004, 10.719152350000059 ], [ 106.716276987000072, 10.719468491000043 ], [ 106.715563713000051, 10.719635929000049 ], [ 106.714246769000056, 10.719904758000041 ], [ 106.713259570000048, 10.720193640000048 ], [ 106.712645369000086, 10.720393157000046 ], [ 106.711987177000083, 10.720571221000057 ], [ 106.711512090000042, 10.720630143000051 ], [ 106.711005469000042, 10.72060418600006 ], [ 106.710192245000087, 10.720209963000059 ], [ 106.709348029000068, 10.719678882000039 ], [ 106.708907968000062, 10.719572293000056 ], [ 106.708542181000041, 10.71959084100007 ], [ 106.708322946000067, 10.719679175000067 ], [ 106.707952839000086, 10.719908797000073 ], [ 106.707593501000076, 10.720580165000058 ], [ 106.707437338000034, 10.721323813000026 ], [ 106.707371348000038, 10.722231919000023 ], [ 106.707442288000038, 10.723200918000032 ], [ 106.707358018000036, 10.72383344800005 ], [ 106.707184408000046, 10.724248548000048 ], [ 106.706944212000053, 10.724511351000046 ], [ 106.706374631000074, 10.724819798000055 ], [ 106.705672844000048, 10.725063348000049 ], [ 106.704839143000072, 10.725307710000038 ], [ 106.704169867000076, 10.72547488500004 ], [ 106.703466490000039, 10.725435079000022 ], [ 106.702146212000059, 10.725115377000066 ], [ 106.701089413000034, 10.724772447000021 ], [ 106.700649103000046, 10.724622281000052 ], [ 106.700033375000032, 10.72453842300007 ], [ 106.699197722000065, 10.724434071000076 ], [ 106.698670251000067, 10.724415167000075 ], [ 106.698003544000073, 10.724435346000064 ], [ 106.697791382000048, 10.724441746000025 ], [ 106.697242265000057, 10.724488307000058 ], [ 106.696794243000056, 10.724590717000069 ], [ 106.696166892000065, 10.724734054000066 ], [ 106.694707962000052, 10.725166999000066 ], [ 106.693742485000087, 10.725411960000031 ], [ 106.693193971000085, 10.725567607000073 ], [ 106.692863322000051, 10.725589924000076 ], [ 106.692692444000045, 10.725592119000055 ], [ 106.692614955000067, 10.725592540000036 ], [ 106.692582240000036, 10.72559271800003 ], [ 106.692556838000087, 10.725592856000048 ], [ 106.692161201000033, 10.725573225000062 ], [ 106.691787380000051, 10.725531691000072 ], [ 106.691325302000052, 10.725425288000054 ], [ 106.690951238000082, 10.725340006000067 ], [ 106.69015924100006, 10.725169953000034 ], [ 106.68997926600008, 10.724429851000025 ], [ 106.689710871000045, 10.723581223000053 ], [ 106.689355434000049, 10.72288573000003 ], [ 106.689243960000056, 10.72260297300005 ], [ 106.689132244000064, 10.722276650000026 ], [ 106.68906467100004, 10.72197187200004 ], [ 106.688974723000058, 10.721601775000067 ], [ 106.688929009000049, 10.721296878000032 ], [ 106.68888325100005, 10.720970198000032 ], [ 106.688903447000087, 10.720643069000062 ], [ 106.68896819400004, 10.720424795000042 ], [ 106.689076690000036, 10.720184411000048 ], [ 106.689228406000041, 10.719813094000074 ], [ 106.689358262000042, 10.719441804000041 ], [ 106.689400031000048, 10.719049299000062 ], [ 106.689430854000079, 10.718667610000068 ], [ 106.689340062000042, 10.718144945000063 ], [ 106.689094337000085, 10.717426981000074 ], [ 106.688782417000084, 10.716665810000052 ], [ 106.688648649000072, 10.716317733000039 ], [ 106.688559068000075, 10.716013073000056 ], [ 106.688446224000074, 10.715468835000024 ], [ 106.68839833800007, 10.714771580000047 ], [ 106.688546142000064, 10.713680896000028 ], [ 106.688705947000074, 10.712797314000056 ], [ 106.688681476000056, 10.712339728000075 ], [ 106.688196686000083, 10.712102560000062 ], [ 106.687316353000085, 10.711845840000024 ], [ 106.686370188000069, 10.711611076000054 ], [ 106.685996503000069, 10.711591315000021 ], [ 106.68575489300008, 10.711614405000034 ], [ 106.685579478000079, 10.711680794000074 ], [ 106.68538241400006, 10.71181265000007 ], [ 106.685185668000088, 10.711988160000033 ], [ 106.685010734000059, 10.712141589000055 ], [ 106.684639942000047, 10.712644970000042 ], [ 106.684356510000043, 10.713038872000027 ], [ 106.684050389000049, 10.713323890000026 ], [ 106.683699992000072, 10.71352192300003 ], [ 106.683108073000085, 10.71378670200005 ], [ 106.682186680000086, 10.714053258000035 ], [ 106.681507064000073, 10.714340290000052 ], [ 106.681005258000084, 10.714694062000035 ], [ 106.680590533000043, 10.714983188000076 ], [ 106.680475966000074, 10.714875613000061 ], [ 106.679507681000075, 10.71396611800003 ], [ 106.678837200000032, 10.713025188000074 ], [ 106.678037707000044, 10.711651814000049 ], [ 106.677831093000066, 10.710939500000052 ], [ 106.677624706000074, 10.710405339000033 ], [ 106.67713500800005, 10.710329338000065 ], [ 106.676771912000049, 10.710329484000056 ], [ 106.676516681000066, 10.710329682000065 ], [ 106.676510624000059, 10.709790285000054 ], [ 106.676278374000049, 10.708678234000047 ], [ 106.674445185000081, 10.705151143000023 ], [ 106.673834334000048, 10.704767746000073 ], [ 106.673581818000059, 10.704519903000062 ], [ 106.673382480000043, 10.704237609000074 ], [ 106.673315287000037, 10.703998262000027 ], [ 106.673314450000078, 10.703845692000073 ], [ 106.67340162000005, 10.703714434000062 ], [ 106.673576240000045, 10.703517266000063 ], [ 106.674035290000063, 10.703078864000076 ], [ 106.674264591000053, 10.702805205000061 ], [ 106.674395105000087, 10.702564706000032 ], [ 106.674437177000073, 10.702237550000063 ], [ 106.674412731000075, 10.701779869000063 ], [ 106.674232533000065, 10.700974400000064 ], [ 106.674006642000052, 10.699863939000068 ], [ 106.673824056000058, 10.698622543000056 ], [ 106.673751290000041, 10.697380469000052 ], [ 106.673865717000069, 10.696213768000064 ], [ 106.673839360000045, 10.695407382000042 ], [ 106.673746858000072, 10.694579568000051 ], [ 106.67358848300006, 10.693752107000023 ], [ 106.673342061000085, 10.692881552000074 ], [ 106.673118052000063, 10.692098098000031 ], [ 106.674264907000065, 10.690882204000047 ], [ 106.67505071100004, 10.68994058100003 ], [ 106.675355746000037, 10.689459530000022 ], [ 106.675572985000088, 10.689022335000061 ], [ 106.675702776000037, 10.688651140000047 ], [ 106.675767170000086, 10.688367430000028 ], [ 106.675831326000036, 10.688040155000067 ], [ 106.675823596000043, 10.686645158000033 ], [ 106.675918759000069, 10.685979757000041 ], [ 106.675983035000058, 10.685674265000046 ], [ 106.676113063000059, 10.685346636000077 ], [ 106.676418331000036, 10.684909060000052 ], [ 106.677270304000047, 10.684010736000062 ], [ 106.678473001000043, 10.682979916000022 ], [ 106.679150638000067, 10.682344106000073 ], [ 106.679351243000042, 10.68210455600007 ], [ 106.679609053000036, 10.681796697000038 ], [ 106.680001158000039, 10.681184294000047 ], [ 106.68062182500006, 10.680167444000062 ], [ 106.680991199000061, 10.67942428300006 ], [ 106.681250162000083, 10.678572799000051 ], [ 106.681421845000045, 10.67783079000003 ], [ 106.681461469000055, 10.677045926000062 ], [ 106.681393005000075, 10.676588483000046 ], [ 106.681303569000079, 10.676305600000035 ], [ 106.68088167500008, 10.675501435000058 ], [ 106.680051115000083, 10.674296157000072 ], [ 106.67940714000008, 10.673057154000048 ], [ 106.679161969000063, 10.672426392000034 ], [ 106.678983223000046, 10.671882407000055 ], [ 106.678804120000052, 10.671273073000066 ], [ 106.678669118000073, 10.670707070000049 ], [ 106.678553211000064, 10.66959601800005 ], [ 106.678536424000072, 10.668472955000027 ], [ 106.678535736000072, 10.668429935000063 ], [ 106.678612247000046, 10.666288700000052 ], [ 106.678590705000033, 10.665782646000025 ], [ 106.678647703000081, 10.665181716000063 ], [ 106.678796626000064, 10.664535370000067 ], [ 106.679112328000087, 10.663915246000045 ], [ 106.679415023000047, 10.663410888000044 ], [ 106.679877632000057, 10.66287692700007 ], [ 106.680370363000065, 10.662558287000024 ], [ 106.680922136000049, 10.662382865000041 ], [ 106.681648768000059, 10.662264080000057 ], [ 106.682389869000076, 10.662145214000077 ], [ 106.683174676000078, 10.662011650000068 ], [ 106.683846541000037, 10.661856638000074 ], [ 106.684135108000078, 10.661690400000055 ], [ 106.684409807000065, 10.661387209000054 ], [ 106.684569330000045, 10.661039897000023 ], [ 106.684695262000048, 10.660518318000072 ], [ 106.684763823000083, 10.660076137000033 ], [ 106.684821043000056, 10.659599850000063 ], [ 106.68490100300005, 10.659010187000035 ], [ 106.684958206000033, 10.658681412000021 ], [ 106.685003952000045, 10.658352609000076 ], [ 106.685061211000061, 10.658171164000066 ], [ 106.685129920000065, 10.657796954000048 ], [ 106.685209987000064, 10.657377488000066 ], [ 106.685392896000053, 10.65656907500005 ] ] ] ] } },
{ "type": "Feature", "properties": { "shape2": "Phu Nhuan", "shapeiso": "", "shapeid": "81297802B72603937188235", "shapegroup": "VNM", "shapetype": "ADM2", "shape1": "Ho Chi Minh", "shape0": "vietnam" }, "geometry": { "type": "MultiPolygon", "coordinates": [ [ [ [ 106.68396830100005, 10.809957700000041 ], [ 106.683902014000068, 10.809988409000027 ], [ 106.683179101000064, 10.81018030000007 ], [ 106.683002545000079, 10.810288477000029 ], [ 106.682382232000066, 10.81068711000006 ], [ 106.682140104000041, 10.810818858000061 ], [ 106.682005322000066, 10.810892197000044 ], [ 106.681254698000032, 10.810975750000068 ], [ 106.680926333000059, 10.811018580000052 ], [ 106.679762600000061, 10.811658500000021 ], [ 106.679091924000033, 10.811718666000047 ], [ 106.678573200000073, 10.811765200000025 ], [ 106.67853369900007, 10.811121 ], [ 106.676821163000056, 10.812129609000067 ], [ 106.675988153000048, 10.811195396000073 ], [ 106.673449277000088, 10.813414397000031 ], [ 106.673066138000081, 10.813749264000023 ], [ 106.672800550000034, 10.81430864500004 ], [ 106.672374091000052, 10.813987009000073 ], [ 106.671895200000051, 10.813397200000054 ], [ 106.671775904000071, 10.812022327000022 ], [ 106.671599108000066, 10.810044821000076 ], [ 106.670776082000089, 10.808683027000029 ], [ 106.670525794000071, 10.808689410000056 ], [ 106.670288912000046, 10.808695451000062 ], [ 106.670226439000032, 10.807898852000051 ], [ 106.670573496000088, 10.807843922000075 ], [ 106.670728617000066, 10.80780751900005 ], [ 106.670692925000083, 10.807640957000046 ], [ 106.669989909000037, 10.80768203100007 ], [ 106.669932801000073, 10.807277522000049 ], [ 106.669895238000038, 10.806943415000035 ], [ 106.669834324000078, 10.806888212000047 ], [ 106.669590018000065, 10.806794155000034 ], [ 106.669424799000069, 10.806686800000023 ], [ 106.669384600000058, 10.806202800000051 ], [ 106.66933967500006, 10.805788518000043 ], [ 106.669295999000042, 10.80496370000003 ], [ 106.66925370000007, 10.804473500000029 ], [ 106.669240935000062, 10.804210011000066 ], [ 106.669175055000039, 10.803794116000063 ], [ 106.669118237000077, 10.803510747000075 ], [ 106.669065400000079, 10.803293301000053 ], [ 106.668999715000041, 10.803070551000076 ], [ 106.668786977000082, 10.803115222000031 ], [ 106.66858710200006, 10.803096186000062 ], [ 106.668235594000066, 10.802855402000034 ], [ 106.668035400000065, 10.802597800000058 ], [ 106.668110500000068, 10.802444900000069 ], [ 106.668148, 10.80212350000005 ], [ 106.667917400000078, 10.801312001000042 ], [ 106.667836900000054, 10.801132901000074 ], [ 106.667692100000068, 10.800953700000036 ], [ 106.667439899000044, 10.800853600000039 ], [ 106.667214599000033, 10.80076930000007 ], [ 106.66717170000004, 10.800716600000044 ], [ 106.667112700000075, 10.800521600000025 ], [ 106.667524400000048, 10.800259700000026 ], [ 106.667661800000076, 10.800175874000047 ], [ 106.667922836000059, 10.800019643000041 ], [ 106.669158118000041, 10.799316538000028 ], [ 106.669870504000073, 10.798906192000061 ], [ 106.669748438000056, 10.798686431000021 ], [ 106.668997610000076, 10.799095695000062 ], [ 106.668904400000088, 10.799030400000049 ], [ 106.668824, 10.799004 ], [ 106.668648258000076, 10.798622167000076 ], [ 106.668608095000081, 10.798204125000041 ], [ 106.668476068000075, 10.798213775000022 ], [ 106.668404756000086, 10.797358154000051 ], [ 106.668563598000048, 10.797335510000039 ], [ 106.668538518000048, 10.796778450000033 ], [ 106.668471737000061, 10.794665108000061 ], [ 106.668459200000086, 10.794124500000066 ], [ 106.667414550000046, 10.792708052000023 ], [ 106.666748900000073, 10.791849700000057 ], [ 106.666119270000081, 10.791076048000036 ], [ 106.66605590000006, 10.790999701000032 ], [ 106.665889600000071, 10.791005 ], [ 106.665983766000068, 10.790759072000071 ], [ 106.666145569000037, 10.790725759000054 ], [ 106.666397792000055, 10.790597268000056 ], [ 106.666759470000045, 10.790321251000023 ], [ 106.666816577000077, 10.790188001000047 ], [ 106.666754711000067, 10.789997644000039 ], [ 106.666637264000087, 10.789684721000071 ], [ 106.666743732000043, 10.78953612600003 ], [ 106.666910294000047, 10.789399307000053 ], [ 106.667796643000088, 10.788953158000027 ], [ 106.669361139000046, 10.788370190000023 ], [ 106.670789708000086, 10.787968062000061 ], [ 106.670856332000085, 10.788424918000032 ], [ 106.670993707000036, 10.789126700000054 ], [ 106.671079367000061, 10.789402718000076 ], [ 106.671374420000063, 10.789512173000048 ], [ 106.671797964000064, 10.789559762000067 ], [ 106.672078741000064, 10.789631146000033 ], [ 106.672231026000077, 10.789612110000064 ], [ 106.672201607000034, 10.789726667000025 ], [ 106.672211238000045, 10.789822317000073 ], [ 106.672440743000038, 10.789844451000022 ], [ 106.672597787000086, 10.789808759000039 ], [ 106.672722709000084, 10.789801620000048 ], [ 106.672747693000076, 10.789855158000023 ], [ 106.672865476000084, 10.789851589000023 ], [ 106.673108251000087, 10.789893757000073 ], [ 106.673222395000039, 10.789987218000022 ], [ 106.673361594000085, 10.789962234000029 ], [ 106.67342940900005, 10.79000149500007 ], [ 106.673479377000035, 10.789980080000021 ], [ 106.673582884000041, 10.79000863300007 ], [ 106.673632853000072, 10.79000149500007 ], [ 106.67372208200004, 10.789958665000029 ], [ 106.673748894000084, 10.789897669000027 ], [ 106.673809400000039, 10.789940100000024 ], [ 106.673896299000035, 10.790080261000071 ], [ 106.674087807000035, 10.790276043000063 ], [ 106.674097400000051, 10.790316 ], [ 106.674057706000042, 10.790564089000043 ], [ 106.674029899000061, 10.790832801000022 ], [ 106.674034300000073, 10.79104 ], [ 106.675235972000053, 10.790892064000047 ], [ 106.675307200000077, 10.790586300000029 ], [ 106.676210799000046, 10.790752 ], [ 106.676225244000079, 10.790754082000035 ], [ 106.677340056000048, 10.790914737000037 ], [ 106.678070700000035, 10.790931100000023 ], [ 106.678089153000087, 10.790645011000038 ], [ 106.678417566000064, 10.790640028000041 ], [ 106.678504297000075, 10.790664656000047 ], [ 106.678505011000084, 10.79069320900004 ], [ 106.67907967900004, 10.790957820000074 ], [ 106.67953770400004, 10.791165531000047 ], [ 106.680098724000061, 10.791295863000073 ], [ 106.680279691000067, 10.791306881000025 ], [ 106.68035143700007, 10.791283329000066 ], [ 106.680623713000045, 10.791289502000041 ], [ 106.680684389000078, 10.791203841000026 ], [ 106.680969924000067, 10.791228825000076 ], [ 106.681205491000071, 10.791293071000041 ], [ 106.681508872000052, 10.791300209000042 ], [ 106.681670832000066, 10.791194011000073 ], [ 106.681784889000085, 10.791402288000029 ], [ 106.681972641000073, 10.791558748000057 ], [ 106.682284576000086, 10.791818694000028 ], [ 106.683331539000051, 10.792360021000036 ], [ 106.68422978600006, 10.792419508000023 ], [ 106.685229159000073, 10.792241048000051 ], [ 106.68570505100007, 10.792229151000072 ], [ 106.68600843300004, 10.792312432000074 ], [ 106.686154974000033, 10.792464503000076 ], [ 106.686323711000057, 10.792639608000059 ], [ 106.686401044000036, 10.792972732000067 ], [ 106.686353455000074, 10.793198781000058 ], [ 106.685937049000074, 10.793656827000063 ], [ 106.68522321100005, 10.794210052000039 ], [ 106.684943624000084, 10.794804917000022 ], [ 106.684824651000042, 10.79567342100006 ], [ 106.684818702000086, 10.796339670000066 ], [ 106.68491982900008, 10.796625205000055 ], [ 106.685187519000067, 10.796833408000055 ], [ 106.685502797000083, 10.796916689000057 ], [ 106.685794281000085, 10.796910740000044 ], [ 106.686103611000078, 10.796738229000027 ], [ 106.686412941000071, 10.796321824000074 ], [ 106.686817450000035, 10.795251066000048 ], [ 106.687079190000077, 10.794906044000072 ], [ 106.687442058000045, 10.79482276300007 ], [ 106.68783466900004, 10.794906044000072 ], [ 106.68892922100008, 10.795489012000075 ], [ 106.689934543000049, 10.795697215000075 ], [ 106.690624587000059, 10.795786445000033 ], [ 106.691029095000033, 10.795762650000029 ], [ 106.691600166000057, 10.795500910000044 ], [ 106.691693801000042, 10.79543224400004 ], [ 106.691930700000057, 10.795964100000049 ], [ 106.691976643000032, 10.796799758000077 ], [ 106.692021363000038, 10.797293927000055 ], [ 106.692061424000087, 10.797736604000022 ], [ 106.692003598000042, 10.797782058000053 ], [ 106.691710329000045, 10.797802739000076 ], [ 106.691697907000048, 10.798100121000061 ], [ 106.691779992000079, 10.798330738000061 ], [ 106.691503911000041, 10.800159139000073 ], [ 106.691748573000041, 10.80032247500003 ], [ 106.692150304000052, 10.80041662800005 ], [ 106.692473350000057, 10.800457679000033 ], [ 106.69243754300004, 10.800573818000032 ], [ 106.692423095000038, 10.800707066000029 ], [ 106.692400138000039, 10.800918777000049 ], [ 106.692383514000085, 10.80099358700005 ], [ 106.69232117200005, 10.801018524000028 ], [ 106.692226236000067, 10.80098986400003 ], [ 106.692100897000046, 10.800952026000061 ], [ 106.692030243000033, 10.800935401000061 ], [ 106.692013618000033, 10.801060085000074 ], [ 106.692017774000078, 10.801218018000043 ], [ 106.691980369000078, 10.801338546000068 ], [ 106.692184019000081, 10.801413356000069 ], [ 106.692208956000059, 10.801450761000069 ], [ 106.692213112000047, 10.801542196000071 ], [ 106.692147648000059, 10.802131011000029 ], [ 106.692132400000048, 10.80228690000007 ], [ 106.691583767000054, 10.802273225000022 ], [ 106.691783743000087, 10.803232753000032 ], [ 106.690133697000078, 10.803443722000054 ], [ 106.689970472000084, 10.803470120000043 ], [ 106.687927973000058, 10.803711804000045 ], [ 106.687936453000077, 10.803803386000027 ], [ 106.68849490100007, 10.805624001000069 ], [ 106.688232400000061, 10.805696100000034 ], [ 106.688076236000086, 10.805750927000076 ], [ 106.687765701000046, 10.805843700000025 ], [ 106.687207801000056, 10.806101900000044 ], [ 106.687046900000041, 10.806196701000033 ], [ 106.687049143000081, 10.805866267000056 ], [ 106.687055200000088, 10.805243700000062 ], [ 106.686108101000059, 10.805522200000041 ], [ 106.686027601000035, 10.805564400000037 ], [ 106.68584530000004, 10.805717200000061 ], [ 106.685586957000055, 10.805864811000049 ], [ 106.684499349000077, 10.806409153000061 ], [ 106.684279373000038, 10.806568972000036 ], [ 106.684064301000035, 10.806813200000022 ], [ 106.683904490000089, 10.807001558000024 ], [ 106.683862611000052, 10.807127194000032 ], [ 106.683866418000036, 10.807209047000072 ], [ 106.683940415000052, 10.807636352000031 ], [ 106.683970485000089, 10.807745260000047 ], [ 106.684089136000068, 10.808012353000038 ], [ 106.684134001000075, 10.808141100000057 ], [ 106.68416620000005, 10.808283300000028 ], [ 106.684199447000083, 10.808609365000052 ], [ 106.684203700000069, 10.808894600000031 ], [ 106.68417160100006, 10.809047400000054 ], [ 106.684087072000068, 10.809227928000041 ], [ 106.683967187000064, 10.809526024000036 ], [ 106.683947248000038, 10.809651605000056 ], [ 106.683942667000053, 10.809766109000066 ], [ 106.68396830100005, 10.809957700000041 ] ] ] ] } },
{ "type": "Feature", "properties": { "shape2": "Cu Chi", "shapeiso": "", "shapeid": "81297802B99873561685500", "shapegroup": "VNM", "shapetype": "ADM2", "shape1": "Ho Chi Minh", "shape0": "vietnam" }, "geometry": { "type": "MultiPolygon", "coordinates": [ [ [ [ 106.507690655000033, 11.141826375000051 ], [ 106.507487982000043, 11.142080671000031 ], [ 106.507340595000073, 11.14220786900006 ], [ 106.507082670000045, 11.142244146000053 ], [ 106.50667734700005, 11.142244193000067 ], [ 106.506308846000081, 11.142226065000045 ], [ 106.505977207000058, 11.142153427000039 ], [ 106.505498081000042, 11.141953625000042 ], [ 106.505129663000048, 11.141790055000058 ], [ 106.504705873000034, 11.141590244000042 ], [ 106.503287194000052, 11.14080913500004 ], [ 106.502568518000032, 11.140518507000024 ], [ 106.502089546000036, 11.140318698000044 ], [ 106.501684136000051, 11.140227893000031 ], [ 106.501149889000033, 11.140245932000028 ], [ 106.500484331000052, 11.140346792000059 ], [ 106.499022042000036, 11.140688006000062 ], [ 106.49793690100006, 11.141248431000065 ], [ 106.495353373000057, 11.142623886000024 ], [ 106.493777398000077, 11.143133411000065 ], [ 106.491529659000037, 11.143744705000074 ], [ 106.490237858000057, 11.143948450000039 ], [ 106.489049426000065, 11.143948383000065 ], [ 106.487964280000085, 11.143846469000039 ], [ 106.487634161000074, 11.143775610000034 ], [ 106.48737002200005, 11.143719068000053 ], [ 106.486207441000033, 11.143413336000037 ], [ 106.485199949000048, 11.143082062000076 ], [ 106.483081390000052, 11.141986764000023 ], [ 106.48171218300007, 11.141604476000055 ], [ 106.480652984000074, 11.141451605000043 ], [ 106.479645291000054, 11.141451604000054 ], [ 106.476054129000033, 11.14185887800005 ], [ 106.473703116000081, 11.142164389000072 ], [ 106.472333819000085, 11.142393476000052 ], [ 106.471816997000076, 11.142546244000073 ], [ 106.47127447400004, 11.142902793000076 ], [ 106.470550992000085, 11.143590525000036 ], [ 106.469052309000062, 11.145373459000041 ], [ 106.468509761000064, 11.145831878000024 ], [ 106.467088648000072, 11.14672323800005 ], [ 106.466830186000038, 11.147181802000034 ], [ 106.466804312000079, 11.147487458000057 ], [ 106.46698518900007, 11.147996934000048 ], [ 106.467346798000051, 11.148429957000076 ], [ 106.468767683000067, 11.149627403000068 ], [ 106.469568516000038, 11.150417133000076 ], [ 106.470162673000061, 11.151257861000033 ], [ 106.470679297000061, 11.152098425000077 ], [ 106.470989343000042, 11.152709770000058 ], [ 106.471066792000045, 11.153142825000032 ], [ 106.471092534000036, 11.153652335000061 ], [ 106.471015010000087, 11.154059846000052 ], [ 106.470808250000061, 11.154365576000032 ], [ 106.470575731000054, 11.154518396000071 ], [ 106.470110685000066, 11.154747563000058 ], [ 106.469128810000086, 11.155027623000024 ], [ 106.467294369000058, 11.155435060000059 ], [ 106.466622530000052, 11.155664240000021 ], [ 106.466157456000076, 11.155918892000045 ], [ 106.465744003000054, 11.156275437000033 ], [ 106.465304747000062, 11.156861344000049 ], [ 106.464581152000051, 11.158032943000023 ], [ 106.46378006100008, 11.159153667000055 ], [ 106.463392469000041, 11.159459281000068 ], [ 106.463030758000059, 11.159535712000036 ], [ 106.462643168000056, 11.159510124000064 ], [ 106.462358984000048, 11.159433682000042 ], [ 106.461945649000086, 11.159000635000041 ], [ 106.461274006000053, 11.158109015000036 ], [ 106.460679825000057, 11.157624871000053 ], [ 106.46018887200006, 11.157446476000075 ], [ 106.45974969100007, 11.15737006300003 ], [ 106.459103779000088, 11.157471828000041 ], [ 106.458276907000084, 11.157802895000032 ], [ 106.457682581000086, 11.158363243000053 ], [ 106.456907390000083, 11.159127222000052 ], [ 106.456364762000078, 11.159381877000044 ], [ 106.455873818000043, 11.159432804000062 ], [ 106.455176251000069, 11.159381684000039 ], [ 106.454065314000047, 11.159024958000032 ], [ 106.453006065000068, 11.158464411000068 ], [ 106.452282686000046, 11.157776494000075 ], [ 106.451817817000062, 11.157012297000051 ], [ 106.451430384000048, 11.156120630000032 ], [ 106.451197997000065, 11.155025278000039 ], [ 106.451200725000035, 11.15473808400003 ], [ 106.451224356000068, 11.152197810000075 ], [ 106.451327795000054, 11.15140817200006 ], [ 106.451663870000061, 11.15082233000004 ], [ 106.452128902000084, 11.150542298000062 ], [ 106.452542271000084, 11.150440412000023 ], [ 106.452929801000039, 11.150516906000064 ], [ 106.453317383000069, 11.150695273000053 ], [ 106.453859819000058, 11.151102851000076 ], [ 106.455280744000049, 11.152223893000041 ], [ 106.455874872000038, 11.152504213000043 ], [ 106.45631409300006, 11.152529741000023 ], [ 106.456701642000041, 11.15242788300003 ], [ 106.457140929000047, 11.152224171000057 ], [ 106.457451008000078, 11.151892998000051 ], [ 106.457657727000083, 11.151485584000056 ], [ 106.457787051000082, 11.150848765000035 ], [ 106.457838787000071, 11.15018647100004 ], [ 106.457787261000078, 11.149345879000066 ], [ 106.457735767000088, 11.148072212000045 ], [ 106.457736190000048, 11.145626790000051 ], [ 106.457529620000059, 11.144684264000034 ], [ 106.456961418000049, 11.142799151000077 ], [ 106.456289961000039, 11.141296178000061 ], [ 106.455334251000068, 11.139818627000068 ], [ 106.454352639000035, 11.138595835000046 ], [ 106.45324191800006, 11.137474816000065 ], [ 106.451227134000078, 11.135691415000053 ], [ 106.450297072000069, 11.135130765000042 ], [ 106.449444625000069, 11.134875991000058 ], [ 106.448385403000088, 11.13485036700007 ], [ 106.447361739000087, 11.134870760000069 ], [ 106.447324818000084, 11.134457294000072 ], [ 106.447137470000087, 11.132353640000076 ], [ 106.446908259000054, 11.130164585000045 ], [ 106.447637671000052, 11.129081042000053 ], [ 106.447483607000038, 11.129053310000074 ], [ 106.447093204000055, 11.12884755500005 ], [ 106.445543501000088, 11.128034957000068 ], [ 106.445075666000037, 11.127419634000034 ], [ 106.444238580000047, 11.126171065000051 ], [ 106.444034406000071, 11.125748096000052 ], [ 106.444014087000085, 11.125224540000033 ], [ 106.444116382000061, 11.124459312000056 ], [ 106.444118274000061, 11.123601913000073 ], [ 106.443855754000083, 11.122306106000053 ], [ 106.443417944000032, 11.12079437500006 ], [ 106.442367440000055, 11.117511681000053 ], [ 106.442075723000073, 11.115985595000041 ], [ 106.442075899000088, 11.115222575000075 ], [ 106.442046780000055, 11.11470421100006 ], [ 106.442003025000076, 11.114387499000031 ], [ 106.441827803000081, 11.11420031800003 ], [ 106.441565006000076, 11.114041941000039 ], [ 106.440543163000086, 11.113465779000023 ], [ 106.439492073000054, 11.112558548000038 ], [ 106.438367808000066, 11.111244253000052 ], [ 106.437720191000039, 11.110425209000027 ], [ 106.437354927000058, 11.109704430000022 ], [ 106.43698977400004, 11.10857425100005 ], [ 106.436926405000065, 11.108397381000032 ], [ 106.437332283000046, 11.107978091000064 ], [ 106.436033590000079, 11.104670329000044 ], [ 106.433974985000077, 11.099684651000075 ], [ 106.433473194000044, 11.099784034000038 ], [ 106.432998362000035, 11.099807988000066 ], [ 106.432304719000058, 11.098535272000049 ], [ 106.430957096000043, 11.098550897000052 ], [ 106.43071516100008, 11.093276325000033 ], [ 106.430648440000084, 11.091819294000061 ], [ 106.430101153000066, 11.091811495000059 ], [ 106.426621985000054, 11.091761812000072 ], [ 106.426910074000034, 11.085827364000068 ], [ 106.426943393000045, 11.081678504000024 ], [ 106.426943604000087, 11.080880420000028 ], [ 106.426814251000053, 11.080401576000042 ], [ 106.426490710000053, 11.080114293000065 ], [ 106.425749955000072, 11.079133209000076 ], [ 106.42552502500007, 11.078447088000075 ], [ 106.425586708000083, 11.077296879000073 ], [ 106.425730220000048, 11.076086170000053 ], [ 106.42599649400006, 11.074976395000022 ], [ 106.426570046000052, 11.072776900000065 ], [ 106.426611131000072, 11.071909273000074 ], [ 106.426355491000038, 11.070584745000076 ], [ 106.426262116000032, 11.069569143000024 ], [ 106.425813962000063, 11.068592549000073 ], [ 106.425717228000053, 11.067443540000056 ], [ 106.42594388100008, 11.066709545000037 ], [ 106.426041118000057, 11.066230804000043 ], [ 106.426041227000042, 11.065847799000039 ], [ 106.42584714700007, 11.065560534000042 ], [ 106.425329435000037, 11.065368898000031 ], [ 106.424423268000055, 11.065368652000075 ], [ 106.423873118000074, 11.065336624000054 ], [ 106.423420091000082, 11.06514504200004 ], [ 106.422773041000085, 11.064442643000064 ], [ 106.422190801000056, 11.063453114000026 ], [ 106.421543979000035, 11.061857242000031 ], [ 106.421576526000081, 11.06121889700006 ], [ 106.421829227000046, 11.060845279000034 ], [ 106.422029769000062, 11.060548743000027 ], [ 106.422127107000051, 11.059463629000049 ], [ 106.422030224000082, 11.058921079000072 ], [ 106.422095062000039, 11.058155125000042 ], [ 106.422451286000069, 11.057165878000035 ], [ 106.422548576000054, 11.056399861000045 ], [ 106.422516441000084, 11.055761549000067 ], [ 106.422419483000056, 11.055218909000075 ], [ 106.421999067000058, 11.054069880000043 ], [ 106.421782524000037, 11.053268022000054 ], [ 106.421740487000079, 11.053112361000046 ], [ 106.421740654000075, 11.05244207800007 ], [ 106.422096869000086, 11.051388923000047 ], [ 106.422517790000086, 11.05065501200005 ], [ 106.423942087000057, 11.048836153000025 ], [ 106.424654113000088, 11.048293682000065 ], [ 106.424783664000074, 11.047942700000021 ], [ 106.424492473000043, 11.04771925700004 ], [ 106.423456987000066, 11.047559340000021 ], [ 106.423003991000087, 11.047399662000032 ], [ 106.422777618000055, 11.047016635000034 ], [ 106.422713203000058, 11.045740012000067 ], [ 106.422487558000057, 11.04242066300003 ], [ 106.422552352000082, 11.042005805000031 ], [ 106.422940829000083, 11.041495233000035 ], [ 106.423005622000062, 11.041080375000035 ], [ 106.422844004000069, 11.040665405000027 ], [ 106.422520795000082, 11.039229092000028 ], [ 106.421615446000033, 11.036228774000051 ], [ 106.421130407000078, 11.035271139000031 ], [ 106.419350939000083, 11.034313243000042 ], [ 106.417344809000042, 11.03389777600006 ], [ 106.415176888000076, 11.033641876000047 ], [ 106.413171031000047, 11.03249227200007 ], [ 106.413179425000067, 11.031990626000038 ], [ 106.412524147000056, 11.031534651000072 ], [ 106.41194200700005, 11.030289719000052 ], [ 106.411554126000055, 11.029076874000054 ], [ 106.41119868800007, 11.027576689000057 ], [ 106.410627583000064, 11.02574665800006 ], [ 106.410207151000066, 11.024842212000067 ], [ 106.409991624000043, 11.024257086000034 ], [ 106.409732934000033, 11.02379952900003 ], [ 106.409387865000042, 11.023395163000032 ], [ 106.408950995000055, 11.022983361000058 ], [ 106.408632625000052, 11.022511977000022 ], [ 106.408553128000051, 11.022093089000066 ], [ 106.408526838000057, 11.021595670000067 ], [ 106.408606502000055, 11.021098302000041 ], [ 106.40887217900007, 11.02023441800003 ], [ 106.408925512000053, 11.019579973000077 ], [ 106.408925951000072, 11.018244819000074 ], [ 106.408846894000078, 11.016490687000044 ], [ 106.408741232000068, 11.014631909000059 ], [ 106.413844681000057, 11.008559594000076 ], [ 106.413900032000072, 11.008488285000055 ], [ 106.413062091000086, 11.008707328000071 ], [ 106.412194502000034, 11.008532833000061 ], [ 106.410015430000044, 11.007606185000043 ], [ 106.408557201000065, 11.006795500000067 ], [ 106.408053752000058, 11.006516070000032 ], [ 106.406428343000073, 11.006348323000054 ], [ 106.406512501000066, 11.005207313000028 ], [ 106.40344618000006, 11.004070299000034 ], [ 106.400460921000047, 11.003284069000074 ], [ 106.39555226300007, 11.00105731900004 ], [ 106.391021674000058, 10.999237887000049 ], [ 106.389459982000062, 10.99885822300007 ], [ 106.388286525000069, 10.998573321000038 ], [ 106.386749698000074, 10.998507841000048 ], [ 106.38483584100004, 10.99851656900006 ], [ 106.382583233000048, 10.998053867000067 ], [ 106.380801983000083, 10.997678591000067 ], [ 106.380066887000055, 10.997994705000053 ], [ 106.379070192000086, 10.99864050900004 ], [ 106.378481141000066, 10.99899636400005 ], [ 106.377118857000085, 10.999322638000024 ], [ 106.374379096000041, 10.999223221000022 ], [ 106.372881987000085, 10.999018278000051 ], [ 106.371580823000045, 10.998823652000056 ], [ 106.367836010000076, 10.998038975000043 ], [ 106.365602274000082, 10.997312279000028 ], [ 106.364092, 10.996719994000046 ], [ 106.36242324400007, 10.99653384800007 ], [ 106.36105338200008, 10.995590083000025 ], [ 106.360423766000054, 10.995117951000054 ], [ 106.360384857000042, 10.99467969400007 ], [ 106.359827946000053, 10.993951589000062 ], [ 106.358198808000054, 10.992789662000064 ], [ 106.358197395000047, 10.992497412000034 ], [ 106.356771050000077, 10.991728900000055 ], [ 106.356715947000055, 10.991699211000025 ], [ 106.362004020000086, 10.98477996400004 ], [ 106.36224883400007, 10.984459626000046 ], [ 106.363900575000059, 10.982302382000057 ], [ 106.364297685000054, 10.981756225000026 ], [ 106.367432533000056, 10.977445002000024 ], [ 106.371205892000035, 10.972256644000026 ], [ 106.372696476000044, 10.970178647000068 ], [ 106.373072463000085, 10.969688894000058 ], [ 106.37319326100004, 10.969622812000068 ], [ 106.373217557000032, 10.969622792000052 ], [ 106.373408001000087, 10.969622838000021 ], [ 106.377621812000086, 10.970009064000067 ], [ 106.386815927000043, 10.971013694000021 ], [ 106.391476619000059, 10.971503182000049 ], [ 106.392415416000063, 10.97160176400007 ], [ 106.39760029100006, 10.97209192300005 ], [ 106.402500635000081, 10.972661134000077 ], [ 106.410933889000034, 10.973683163000032 ], [ 106.410950263000075, 10.973683268000059 ], [ 106.411589757000058, 10.97368943400005 ], [ 106.412083286000041, 10.97360777800003 ], [ 106.415660385000081, 10.970949794000035 ], [ 106.419004044000076, 10.968465157000026 ], [ 106.419992984000032, 10.967800477000026 ], [ 106.422425452000084, 10.965984103000039 ], [ 106.422453792000056, 10.965962005000051 ], [ 106.42581632100007, 10.963346054000056 ], [ 106.426261151000062, 10.963010412000074 ], [ 106.429810805000045, 10.960332351000034 ], [ 106.433164202000057, 10.957711494000023 ], [ 106.433598557000039, 10.95739794900004 ], [ 106.436986986000079, 10.954796509000062 ], [ 106.439297520000082, 10.953022453000074 ], [ 106.440267290000065, 10.952269052000076 ], [ 106.443716412000072, 10.949589422000031 ], [ 106.443772781000064, 10.949545133000072 ], [ 106.447282997000059, 10.946783024000069 ], [ 106.450616436000075, 10.944156863000046 ], [ 106.453326093000044, 10.942050880000068 ], [ 106.453576297000041, 10.941921814000068 ], [ 106.456995031000076, 10.940158246000067 ], [ 106.45925819200005, 10.939066500000024 ], [ 106.464277899000081, 10.936632105000058 ], [ 106.467323559000079, 10.935095611000065 ], [ 106.471328475000064, 10.93320347100007 ], [ 106.474317682000049, 10.931662939000034 ], [ 106.47936194600004, 10.929168909000055 ], [ 106.483115509000072, 10.92729827900007 ], [ 106.486191017000067, 10.925723057000027 ], [ 106.487370680000083, 10.925153174000059 ], [ 106.48833886500006, 10.924685467000074 ], [ 106.489081856000041, 10.924310792000028 ], [ 106.492127185000072, 10.922775069000068 ], [ 106.49624153600007, 10.920722925000064 ], [ 106.497608498000034, 10.920610928000031 ], [ 106.500436974000081, 10.920379130000072 ], [ 106.502037629000085, 10.920311255000058 ], [ 106.507663138000055, 10.919751982000037 ], [ 106.50785404800007, 10.919733053000073 ], [ 106.514474340000049, 10.918884649000063 ], [ 106.516398910000078, 10.918626356000061 ], [ 106.518753166000067, 10.918310418000033 ], [ 106.518834279000032, 10.91829953000007 ], [ 106.519461100000058, 10.918215426000074 ], [ 106.52083164000004, 10.918042386000025 ], [ 106.523985079000056, 10.917644246000066 ], [ 106.528170093000085, 10.917130556000075 ], [ 106.528375207000067, 10.917102143000022 ], [ 106.530137611000043, 10.916898631000038 ], [ 106.531786093000051, 10.916648766000037 ], [ 106.532844123000075, 10.916512490000059 ], [ 106.534164382000085, 10.916218428000036 ], [ 106.534333840000045, 10.916180608000047 ], [ 106.536274984000045, 10.915986651000026 ], [ 106.536961249000058, 10.915876543000024 ], [ 106.537125640000056, 10.915850860000035 ], [ 106.53749795400006, 10.915800901000068 ], [ 106.538269093000054, 10.915766203000032 ], [ 106.538854373000049, 10.915763170000048 ], [ 106.54012010200006, 10.915868618000047 ], [ 106.540194475000078, 10.915867430000048 ], [ 106.540396116000068, 10.915868584000066 ], [ 106.543564523000043, 10.916002490000039 ], [ 106.54849196400005, 10.916337627000075 ], [ 106.549580663000086, 10.916416542000036 ], [ 106.551206581000088, 10.916534401000035 ], [ 106.555274114000042, 10.91673232200003 ], [ 106.560063851000052, 10.91694467700006 ], [ 106.561474238000073, 10.917016394000029 ], [ 106.561564181000051, 10.917035730000066 ], [ 106.56171401000006, 10.917067778000046 ], [ 106.562484221000034, 10.917578713000069 ], [ 106.562921568000036, 10.917877661000034 ], [ 106.563163476000057, 10.918043026000021 ], [ 106.563392754000063, 10.918199757000025 ], [ 106.563943433000077, 10.918576223000059 ], [ 106.56453580200008, 10.918846898000027 ], [ 106.565182607000054, 10.918996893000042 ], [ 106.569893389000072, 10.919367313000066 ], [ 106.573007547000088, 10.919640748000063 ], [ 106.57407849100008, 10.919670311000061 ], [ 106.576227093000057, 10.919729301000075 ], [ 106.585783707000076, 10.919462807000059 ], [ 106.584712950000039, 10.925857608000058 ], [ 106.584326287000067, 10.927196055000024 ], [ 106.58360317000006, 10.928846178000072 ], [ 106.586079205000033, 10.927950323000061 ], [ 106.590376551000077, 10.92643322400005 ], [ 106.601179476000084, 10.923087882000061 ], [ 106.600501368000039, 10.920192343000053 ], [ 106.600446827000042, 10.919304643000032 ], [ 106.600389303000043, 10.917521744000055 ], [ 106.600834881000083, 10.917492749000075 ], [ 106.602499710000075, 10.917230674000052 ], [ 106.605424181000046, 10.91671576300007 ], [ 106.608339499000067, 10.916338719000066 ], [ 106.608583856000052, 10.916302545000065 ], [ 106.611475505000044, 10.915874977000044 ], [ 106.62215463800004, 10.914378400000032 ], [ 106.623579671000073, 10.914778496000054 ], [ 106.625323926000078, 10.915163783000025 ], [ 106.62726719300008, 10.915455896000026 ], [ 106.62858523400007, 10.915738218000058 ], [ 106.629437592000045, 10.915970408000021 ], [ 106.630794968000032, 10.916134101000068 ], [ 106.632895978000079, 10.916096505000041 ], [ 106.635196061000045, 10.915992209000024 ], [ 106.637297354000054, 10.916007277000062 ], [ 106.637975460000064, 10.916003558000057 ], [ 106.638680843000088, 10.916104993000033 ], [ 106.639133689000062, 10.916220975000044 ], [ 106.640331562000085, 10.916741114000047 ], [ 106.641706443000032, 10.917338115000064 ], [ 106.643012310000074, 10.917804646000036 ], [ 106.643519348000041, 10.91810435900004 ], [ 106.644278496000084, 10.918764409000062 ], [ 106.645203041000059, 10.919568264000077 ], [ 106.645629629000041, 10.919750090000036 ], [ 106.646121870000059, 10.919800047000024 ], [ 106.64660047600006, 10.919771169000057 ], [ 106.647052168000073, 10.919676633000051 ], [ 106.647649681000075, 10.919515689000036 ], [ 106.648500822000074, 10.919524210000077 ], [ 106.65091024600008, 10.919945077000023 ], [ 106.651189851000083, 10.919996264000076 ], [ 106.651535469000066, 10.919994398000028 ], [ 106.65200036400006, 10.919873481000025 ], [ 106.652557461000072, 10.919620552000026 ], [ 106.65311528400008, 10.919499221000024 ], [ 106.653394672000047, 10.919510817000059 ], [ 106.653567700000053, 10.919536185000027 ], [ 106.653727889000038, 10.919653726000035 ], [ 106.653901791000067, 10.919836814000064 ], [ 106.655213145000062, 10.921289653000031 ], [ 106.655762650000042, 10.922062561000075 ], [ 106.656057721000082, 10.92250819800006 ], [ 106.656152262000035, 10.922757515000058 ], [ 106.656209293000074, 10.923452102000056 ], [ 106.65617368900007, 10.924227634000033 ], [ 106.656281944000057, 10.924555694000048 ], [ 106.656442718000051, 10.924778170000025 ], [ 106.656790823000051, 10.925196854000035 ], [ 106.657444253000051, 10.925786794000032 ], [ 106.655301413000075, 10.927457635000053 ], [ 106.653441013000077, 10.929094669000051 ], [ 106.652514650000057, 10.930273987000021 ], [ 106.651532564000036, 10.931867578000038 ], [ 106.65082196700007, 10.933121742000026 ], [ 106.650385219000043, 10.934475750000047 ], [ 106.650155627000061, 10.936200402000054 ], [ 106.650196528000038, 10.937416702000064 ], [ 106.650373181000077, 10.938463243000058 ], [ 106.65079165700007, 10.939981655000054 ], [ 106.651589773000069, 10.942173835000062 ], [ 106.651764377000063, 10.942848624000021 ], [ 106.652369466000039, 10.947204534000036 ], [ 106.652484350000066, 10.949434120000035 ], [ 106.652424438000082, 10.950955205000071 ], [ 106.652204982000057, 10.952515407000021 ], [ 106.652062928000078, 10.953525328000069 ], [ 106.651762114000064, 10.954743476000033 ], [ 106.650485511000056, 10.958704005000072 ], [ 106.649611931000038, 10.961378314000058 ], [ 106.648911571000042, 10.964490965000039 ], [ 106.648818597000059, 10.966214788000059 ], [ 106.648823280000045, 10.967059609000046 ], [ 106.649175187000083, 10.969678928000064 ], [ 106.649782333000076, 10.971536708000031 ], [ 106.650061738000034, 10.972616584000036 ], [ 106.650072352000052, 10.972755180000036 ], [ 106.650114933000054, 10.973311190000061 ], [ 106.650150257000064, 10.974442102000069 ], [ 106.649829748000059, 10.975975084000027 ], [ 106.649162431000036, 10.978884821000065 ], [ 106.648553707000076, 10.980037118000041 ], [ 106.647975969000072, 10.980614656000057 ], [ 106.647465195000052, 10.980955468000047 ], [ 106.646680631000038, 10.98122997300004 ], [ 106.645929196000054, 10.981301647000066 ], [ 106.644253119000041, 10.981040451000069 ], [ 106.643054956000071, 10.980675160000033 ], [ 106.641512790000036, 10.979906332000041 ], [ 106.640565997000067, 10.979317684000023 ], [ 106.638564712000061, 10.977981331000024 ], [ 106.637406172000055, 10.977437377000058 ], [ 106.636027311000078, 10.977438011000061 ], [ 106.633710937000046, 10.97771122000006 ], [ 106.631229311000084, 10.978311236000025 ], [ 106.63048729500008, 10.978504935000046 ], [ 106.628031553000085, 10.979191921000051 ], [ 106.627872980000063, 10.979236336000042 ], [ 106.626952689000063, 10.979680632000054 ], [ 106.62610167400004, 10.98029340100004 ], [ 106.625115426000036, 10.981177331000026 ], [ 106.623927544000082, 10.982704269000067 ], [ 106.622263163000071, 10.984571797000058 ], [ 106.619368810000083, 10.986513389000038 ], [ 106.617768424000076, 10.98760322000004 ], [ 106.616782863000083, 10.988622345000067 ], [ 106.616174142000034, 10.989802436000048 ], [ 106.615974588000086, 10.99081656900006 ], [ 106.615908697000066, 10.991255935000027 ], [ 106.61597991900004, 10.991795808000063 ], [ 106.616321621000054, 10.992928996000046 ], [ 106.616709676000085, 10.993706080000038 ], [ 106.616842943000051, 10.993972830000075 ], [ 106.61749870400007, 10.995151167000074 ], [ 106.618511958000056, 10.997006413000065 ], [ 106.619941036000057, 10.999550634000059 ], [ 106.620487339000078, 11.000425027000063 ], [ 106.620941727000059, 11.001586168000074 ], [ 106.620982905000062, 11.00185906300004 ], [ 106.621174249000035, 11.003127127000027 ], [ 106.621259248000058, 11.005010449000054 ], [ 106.621114853000051, 11.005925494000053 ], [ 106.620265949000043, 11.007740046000038 ], [ 106.619618937000041, 11.008916283000076 ], [ 106.61902536000008, 11.009639751000066 ], [ 106.618357434000075, 11.010400674000039 ], [ 106.617781150000042, 11.01086544900005 ], [ 106.617129636000072, 11.011219807000032 ], [ 106.616254123000033, 11.011593797000046 ], [ 106.616235486000051, 11.011593896000022 ], [ 106.615563695000048, 11.011662191000028 ], [ 106.614910565000059, 11.011721074000036 ], [ 106.614313045000074, 11.011724343000026 ], [ 106.611455976000059, 11.011656369000036 ], [ 106.610373134000042, 11.011662117000071 ], [ 106.608787009000082, 11.011836842000037 ], [ 106.606997422000063, 11.012354217000052 ], [ 106.604276853000044, 11.013347610000039 ], [ 106.602505584000085, 11.013809454000068 ], [ 106.601481539000076, 11.014057735000051 ], [ 106.601181611000072, 11.014130363000049 ], [ 106.600529068000071, 11.014300031000062 ], [ 106.599847433000036, 11.01453230900006 ], [ 106.598839263000059, 11.015108519000023 ], [ 106.598043379000046, 11.015815575000033 ], [ 106.597855196000069, 11.015984961000072 ], [ 106.597282535000033, 11.017298073000063 ], [ 106.596766872000046, 11.018630590000043 ], [ 106.595551105000084, 11.02255453500004 ], [ 106.595131532000039, 11.024385221000045 ], [ 106.594988049000051, 11.025485015000072 ], [ 106.595152023000082, 11.028171506000035 ], [ 106.595381738000071, 11.029222966000077 ], [ 106.595723514000042, 11.030273927000053 ], [ 106.596194641000068, 11.031074822000051 ], [ 106.598663763000047, 11.033812787000045 ], [ 106.600637831000085, 11.036204713000075 ], [ 106.602356528000087, 11.037949796000021 ], [ 106.602995992000046, 11.038796064000053 ], [ 106.603349860000037, 11.039411815000051 ], [ 106.603392372000087, 11.039569590000042 ], [ 106.603080743000078, 11.040633305000028 ], [ 106.602729328000066, 11.041263094000044 ], [ 106.602135926000074, 11.042023421000067 ], [ 106.601172312000074, 11.043386156000054 ], [ 106.600319201000048, 11.044461954000042 ], [ 106.599390074000041, 11.045297899000047 ], [ 106.598271297000053, 11.045590160000074 ], [ 106.597169908000069, 11.045651384000053 ], [ 106.595413233000045, 11.045402047000039 ], [ 106.594645787000047, 11.045073733000038 ], [ 106.593820680000078, 11.044422398000052 ], [ 106.592937664000033, 11.043429695000043 ], [ 106.592108086000053, 11.041947252000057 ], [ 106.591725393000047, 11.04025013100005 ], [ 106.591623838000032, 11.038726888000042 ], [ 106.591169107000042, 11.037510291000046 ], [ 106.590792543000077, 11.036921215000064 ], [ 106.590211716000056, 11.036573375000046 ], [ 106.589650748000054, 11.036410184000033 ], [ 106.588940341000068, 11.036256816000048 ], [ 106.588057438000078, 11.036274282000022 ], [ 106.586812250000037, 11.036378881000076 ], [ 106.586196825000059, 11.036529891000043 ], [ 106.585469491000083, 11.036681485000031 ], [ 106.584258441000088, 11.037186501000065 ], [ 106.583643607000056, 11.037448321000056 ], [ 106.583141525000087, 11.037838806000025 ], [ 106.582881460000067, 11.038089460000037 ], [ 106.582764764000046, 11.038267323000071 ], [ 106.582096250000063, 11.039286252000068 ], [ 106.581578290000039, 11.040123252000058 ], [ 106.581338097000071, 11.040604746000042 ], [ 106.581244838000089, 11.041101290000029 ], [ 106.580955600000038, 11.042613660000029 ], [ 106.580420200000049, 11.045721062000041 ], [ 106.579978912000058, 11.04699776700005 ], [ 106.579461553000044, 11.048034795000035 ], [ 106.578849286000036, 11.048767524000027 ], [ 106.578714278000064, 11.048880764000046 ], [ 106.57769671300008, 11.049734016000059 ], [ 106.575355246000072, 11.051879503000066 ], [ 106.575002945000051, 11.052343049000058 ], [ 106.574780858000054, 11.05271362700006 ], [ 106.574372781000079, 11.053232961000049 ], [ 106.573975092000069, 11.053733621000049 ], [ 106.573212933000036, 11.054384053000035 ], [ 106.572662078000064, 11.054608554000026 ], [ 106.572270249000042, 11.054666091000058 ], [ 106.57198999600007, 11.054630579000047 ], [ 106.57174672900004, 11.054539556000066 ], [ 106.571334144000048, 11.054199936000032 ], [ 106.570995877000087, 11.053813921000028 ], [ 106.569710626000074, 11.052050311000073 ], [ 106.56901954500006, 11.05089672500003 ], [ 106.568675054000039, 11.049877919000039 ], [ 106.568621788000087, 11.049014158000034 ], [ 106.568568418000041, 11.047548402000075 ], [ 106.568515110000078, 11.046946229000071 ], [ 106.568090320000067, 11.045925578000038 ], [ 106.567479787000082, 11.045454555000049 ], [ 106.566736560000038, 11.045035830000074 ], [ 106.56530977500006, 11.045061020000048 ], [ 106.563535834000049, 11.045070280000061 ], [ 106.562416124000038, 11.045196101000045 ], [ 106.559672836000061, 11.045524268000065 ], [ 106.558400114000051, 11.045663834000038 ], [ 106.558170482000037, 11.045689014000061 ], [ 106.554949634000081, 11.045761081000023 ], [ 106.552036563000058, 11.045766815000036 ], [ 106.551306023000052, 11.045849471000054 ], [ 106.551010142000052, 11.045882896000023 ], [ 106.550319959000035, 11.04603422100007 ], [ 106.54996582800004, 11.04615616500007 ], [ 106.549575164000032, 11.046435212000063 ], [ 106.549501541000041, 11.046498863000068 ], [ 106.548876112000073, 11.047039799000061 ], [ 106.54834814600008, 11.047947222000062 ], [ 106.548058680000054, 11.048787438000033 ], [ 106.547208885000089, 11.051000122000062 ], [ 106.546238933000041, 11.052103601000056 ], [ 106.544450075000043, 11.053369083000064 ], [ 106.542314588000067, 11.054248276000067 ], [ 106.540245171000038, 11.054905209000026 ], [ 106.536332319000053, 11.056578278000075 ], [ 106.534805582000047, 11.057454149000023 ], [ 106.532902614000079, 11.05909988600007 ], [ 106.532178772000066, 11.060175145000073 ], [ 106.530928413000083, 11.06242381800007 ], [ 106.529968380000071, 11.065036109000062 ], [ 106.529542563000064, 11.065646961000027 ], [ 106.529116839000039, 11.066276252000023 ], [ 106.52881384300008, 11.066688975000034 ], [ 106.528374901000063, 11.067054841000072 ], [ 106.527593056000057, 11.067736099000058 ], [ 106.526609605000033, 11.068327260000046 ], [ 106.525884788000042, 11.068828979000045 ], [ 106.525439723000034, 11.069310935000033 ], [ 106.525162020000039, 11.069727325000031 ], [ 106.524571943000069, 11.071021547000043 ], [ 106.524149352000052, 11.072259604000067 ], [ 106.523819421000042, 11.073377243000039 ], [ 106.523746667000069, 11.073728149000033 ], [ 106.523751925000056, 11.073766900000066 ], [ 106.523824193000053, 11.074299574000065 ], [ 106.524090772000079, 11.075349663000054 ], [ 106.525316590000045, 11.078078356000049 ], [ 106.526816235000069, 11.080699535000065 ], [ 106.527906856000072, 11.082077273000039 ], [ 106.530316155000037, 11.084210046000067 ], [ 106.532491054000047, 11.086357182000029 ], [ 106.533275471000081, 11.087597338000023 ], [ 106.533877071000063, 11.088516629000026 ], [ 106.534030020000046, 11.089216833000023 ], [ 106.53403290600005, 11.089770193000049 ], [ 106.533813157000054, 11.090546052000036 ], [ 106.533368580000058, 11.091138658000034 ], [ 106.532960517000049, 11.091583379000042 ], [ 106.532720291000032, 11.091805245000046 ], [ 106.532322179000062, 11.092001610000068 ], [ 106.531326880000051, 11.092243222000036 ], [ 106.530408218000048, 11.092243368000027 ], [ 106.529076074000045, 11.092228344000034 ], [ 106.527253865000034, 11.091564257000073 ], [ 106.526181983000072, 11.090794219000031 ], [ 106.525079508000033, 11.089858191000076 ], [ 106.524222002000045, 11.089526 ], [ 106.523517709000032, 11.089541130000043 ], [ 106.522384630000033, 11.090054673000054 ], [ 106.521634433000088, 11.090870086000052 ], [ 106.52109859400008, 11.09168550000004 ], [ 106.520562768000048, 11.09259148700005 ], [ 106.520100091000074, 11.093339009000033 ], [ 106.51932314000004, 11.094632905000026 ], [ 106.51898962000007, 11.095076782000035 ], [ 106.518285977000062, 11.096112330000039 ], [ 106.517322428000057, 11.097407162000025 ], [ 106.516767651000066, 11.09836006200004 ], [ 106.516361952000068, 11.099284643000033 ], [ 106.516179936000071, 11.100171216000035 ], [ 106.516182602000072, 11.100687882000045 ], [ 106.51626010800004, 11.101240960000041 ], [ 106.516383541000039, 11.101551828000026 ], [ 106.516398849000041, 11.101563503000023 ], [ 106.51701055500007, 11.102030549000062 ], [ 106.517701679000083, 11.102309179000031 ], [ 106.518468683000037, 11.102576759000044 ], [ 106.519701296000051, 11.102791910000064 ], [ 106.520709577000048, 11.102934340000047 ], [ 106.52095642200004, 11.102981091000061 ], [ 106.522391570000082, 11.103227839000056 ], [ 106.524110664000034, 11.10361578100003 ], [ 106.525341041000047, 11.10448942000005 ], [ 106.526324592000037, 11.105856214000028 ], [ 106.526692886000035, 11.106976283000051 ], [ 106.527005655000039, 11.109669169000028 ], [ 106.527367451000089, 11.112193405000028 ], [ 106.527597172000071, 11.113299622000056 ], [ 106.527776589000041, 11.114152907000062 ], [ 106.527790483000047, 11.114965814000072 ], [ 106.527461306000077, 11.116259356000057 ], [ 106.527166651000073, 11.117036048000045 ], [ 106.527019917000075, 11.117516589000047 ], [ 106.52687491100005, 11.118329399000061 ], [ 106.526878370000077, 11.118993757000055 ], [ 106.526956195000082, 11.119602508000071 ], [ 106.526959385000055, 11.120229897000058 ], [ 106.526849748000075, 11.120673460000035 ], [ 106.526665069000046, 11.121043465000071 ], [ 106.526255966000065, 11.12134085100007 ], [ 106.525846170000079, 11.121490539000035 ], [ 106.525285452000048, 11.121345775000066 ], [ 106.524389016000043, 11.121239592000052 ], [ 106.523381594000057, 11.121318457000029 ], [ 106.522225361000039, 11.121508892000065 ], [ 106.521219011000085, 11.121809384000073 ], [ 106.519321830000081, 11.122780562000059 ], [ 106.517424110000036, 11.124043966000045 ], [ 106.515900377000037, 11.125415934000046 ], [ 106.514157537000074, 11.127747874000022 ], [ 106.513840611000035, 11.128620756000032 ], [ 106.513218271000085, 11.130432537000047 ], [ 106.512655259000041, 11.132244470000046 ], [ 106.512032907000048, 11.133910087000061 ], [ 106.51130601300008, 11.135550469000066 ], [ 106.510659900000064, 11.136505363000026 ], [ 106.510231020000049, 11.137074096000049 ], [ 106.509330375000047, 11.13821123300005 ], [ 106.508298708000041, 11.139737258000025 ], [ 106.50804075800005, 11.140427521000049 ], [ 106.507985490000067, 11.141027005000069 ], [ 106.507801262000044, 11.141608337000036 ], [ 106.507690655000033, 11.141826375000051 ] ] ] ] } }
]
}
